{"机构": "四川师范大学化学与材料科学学院", "访问量": "2039", "被引量": "1132", "成果数": "214", "H_指数": "18", "G指数": "28", "期刊": "60.3%", "会议": "25.2%", "专著": "0%", "其他": "14.5%", "合作学者": {"黄河": "浙江大学医学院附属第一医院", "施继敏": "浙江大学医学院附属第一医院", "谭亚敏": "浙江大学医学院附属第一医院", "蔡真": "浙江大学医学院附属第一医院"}, "合作机构": {"浙江大学医学院附属第一医院": "1082", "温州医学院附属第一医院": "39", "广州军区广州总医院": "23", "天津医科大学总医院": "18", "安徽医科大学附属省立医院": "16", "浙江大学医学院": "11", "北京大学人民医院": "10", "浙江省中医院": "9", "浙江中医药大学生物工程学院": "8", "四川师范大学化学与材料科学学院": "8"}, "文章title": [], "学术ID": ["CN-B275BN9J"]}