{"机构": "复旦大学附属华山医院", "访问量": "3722", "被引量": "3408", "成果数": "410", "H_指数": "25", "G指数": "50", "期刊": "75.1%", "会议": "21.2%", "专著": "0%", "其他": "3.7%", "合作学者": {"黄河": "浙江大学医学院附属第一医院", "蔡真": "浙江大学医学院附属第一医院", "谢万灼": "浙江大学医学院附属第一医院", "施继敏": "浙江大学医学院附属第一医院"}, "合作机构": {"浙江大学医学院附属第一医院": "996", "浙江省绍兴市人民医院": "38", "浙江医科大学附属第一医院": "23", "广西医科大学附属肿瘤医院": "16", "安徽医科大学附属省立医院": "15", "郑州大学第一附属医院": "14", "浙江省中医院": "14", "温州医学院附属第一医院": "13", "天津医科大学总医院": "12", "复旦大学附属华山医院": "10"}, "文章title": [], "学术ID": ["CN-B27344OJ"]}