{"机构": "武汉大学", "访问量": "219", "被引量": "70", "成果数": "12", "H_指数": "5", "G指数": "8", "期刊": "91.7%", "会议": "8.3%", "专著": "0%", "其他": "0%", "合作学者": {"唐发根": "北京航空航天大学计算机学院", "姚淑珍": "北京航空航天大学计算机学院", "张鹏": "北京航空航天大学", "王璐": "北京航空航天大学计算机科学与工程系"}, "合作机构": {"北京航空航天大学计算机学院": "7", "北京航空航天大学计算机科学与工程系": "2", "北京航空航天大学": "2", "武汉大学": "1"}, "文章title": [], "学术ID": ["CN-BV74TW8J"]}