{"机构": "四川大学华西医院", "访问量": "9101", "被引量": "6977", "成果数": "752", "H_指数": "39", "G指数": "61", "期刊": "90.2%", "会议": "7.2%", "专著": "0.7%", "其他": "1.9%", "合作学者": {"王亚平": "重庆医科大学组织胚胎学教研室", "赵琳": "延安大学医学院", "范林妮": "第四军医大学西京医院", "盛光耀": "郑州大学第一附属医院"}, "合作机构": {"第四军医大学西京医院": "344", "华中科技大学同济医学院附属同济医院": "142", "重庆医科大学附属口腔医院": "114", "郑州大学第一附属医院": "106", "延安大学医学院": "104", "第二军医大学长海医院": "69", "重庆医科大学组织胚胎学教研室": "46", "延安大学附属医院": "45", "解放军总医院": "40", "四川大学华西医院": "33"}, "文章title": [], "学术ID": ["CN-B275CP4J"]}