{"机构": "温州医学院附属第二医院", "访问量": "18645", "被引量": "11457", "成果数": "886", "H_指数": "43", "G指数": "74", "期刊": "86.2%", "会议": "8%", "专著": "0.5%", "其他": "5.3%", "合作学者": {"张研": "华中科技大学同济医学院医药卫生管理学院", "张翔": "华中科技大学同济医学院医药卫生管理学院", "冯占春": "华中科技大学同济医学院医药卫生管理学院", "叶婷": "华中科技大学同济医学院医药卫生管理学院"}, "合作机构": {"华中科技大学同济医学院医药卫生管理学院": "493", "华中科技大学同济医学院附属协和医院": "67", "华中科技大学同济医学院": "40", "成都大熊猫繁育研究基地": "40", "湖北省人文社科重点研究基地农村健康服务研究中心": "39", "郑州大学公共卫生学院": "32", "上海交通大学金属基复合材料国家重点实验室": "29", "河南省医学科学院": "27", "吉林大学超分子结构与材料国家重点实验室": "24", "温州医学院附属第二医院": "22"}, "文章title": [], "学术ID": ["CN-BH747O0J"]}