{"机构": "军事医学科学院基础医学研究所", "访问量": "12556", "被引量": "9769", "成果数": "1014", "H_指数": "46", "G指数": "69", "期刊": "74.9%", "会议": "18.2%", "专著": "3.8%", "其他": "3.1%", "合作学者": {"郭莉": "中国科学院研究生院", "伍颖": "西南石油大学", "彭星煜": "西南石油大学", "张平": "南华大学护理学院"}, "合作机构": {"中国科学院研究生院": "163", "郑州大学第一附属医院": "132", "西南石油大学": "132", "西南石油学院": "72", "中国科学院信息工程研究所": "70", "西南石油大学建筑工程学院": "46", "中国科学院化学研究所": "39", "西南石油学院工商管理学院": "36", "中国科学院计算技术研究所": "33", "军事医学科学院基础医学研究所": "31"}, "文章title": [], "学术ID": ["CN-BP74XV0J"]}