{"机构": "浙江省中医院", "访问量": "9356", "被引量": "8408", "成果数": "826", "H_指数": "42", "G指数": "76", "期刊": "71.9%", "会议": "18%", "专著": "0.5%", "其他": "9.6%", "合作学者": {"罗依": "浙江大学医学院附属第一医院", "林茂芳": "浙江大学医学院附属第一医院", "蔡真": "浙江大学医学院附属第一医院", "施继敏": "浙江大学医学院附属第一医院"}, "合作机构": {"浙江大学医学院附属第一医院": "1501", "中山大学肿瘤防治中心内科": "89", "四川大学华西医院": "72", "安徽医科大学附属省立医院": "55", "郑州大学第一附属医院": "54", "解放军第181医院": "49", "温州医学院附属第一医院": "46", "浙江大学医学院": "43", "中国人民解放军第一八一医院": "41", "浙江省中医院": "41"}, "文章title": [], "学术ID": ["CN-BD74LSZJ"]}