{"机构": "大庆石油学院计算机与信息技术学院", "访问量": "8111", "被引量": "3620", "成果数": "268", "H_指数": "26", "G指数": "53", "期刊": "78%", "会议": "20.5%", "专著": "1.5%", "其他": "0%", "合作学者": {"刘超": "北京航空航天大学软件工程研究所", "兰雨晴": "北京航空航天大学软件工程研究所", "吴际": "北京航空航天大学计算机学院", "郭树行": "中央财经大学信息学院"}, "合作机构": {"北京航空航天大学软件工程研究所": "281", "北京航空航天大学计算机学院": "167", "中央财经大学信息学院": "24", "北京科技大学计算机与通信工程学院": "21", "同济大学现代制造技术研究所": "10", "北京航空航天大学计算机科学与工程系": "8", "北京航空航天大学": "7", "北京航空航天大学计算机系": "6", "解放军军械工程学院": "6", "大庆石油学院计算机与信息技术学院": "3"}, "文章title": [], "学术ID": ["CN-BB735ZJJ"]}