{"机构": "辽宁省盘锦市鹤乡小学", "访问量": "431", "被引量": "183", "成果数": "24", "H_指数": "6", "G指数": "12", "期刊": "83.3%", "会议": "16.7%", "专著": "0%", "其他": "0%", "合作学者": {"姚淑珍": "北京航空航天大学计算机学院", "林广艳": "北京航空航天大学计算机学院", "钱红兵": "北京航空航天大学软件工程研究所", "李巍": "北京航空航天大学计算机学院"}, "合作机构": {"北京航空航天大学计算机学院": "17", "北京航空航天大学软件工程研究所": "3", "北京航空航天大学": "1", "辽宁省盘锦市鹤乡小学": "1"}, "文章title": [], "学术ID": ["CN-BA731NXJ"]}