{"机构": "北京航空航天大学软件工程研究所", "访问量": "184", "被引量": "28", "成果数": "20", "H_指数": "4", "G指数": "4", "期刊": "80%", "会议": "10%", "专著": "10%", "其他": "0%", "合作学者": {"姚淑珍": "北京航空航天大学计算机学院", "林广艳": "北京航空航天大学软件学院", "黄河": "北京航空航天大学软件学院", "贾经冬": "北京航空航天大学软件学院"}, "合作机构": {"北京航空航天大学计算机学院": "15", "北京航空航天大学软件学院": "9", "北京航空航天大学软件工程研究所": "1"}, "文章title": [], "学术ID": ["CN-BH74T2SJ"]}