{"机构": "中山大学附属第三医院", "访问量": "18063", "被引量": "9004", "成果数": "575", "H_指数": "42", "G指数": "79", "期刊": "87.7%", "会议": "9.7%", "专著": "0%", "其他": "2.6%", "合作学者": {"钱宝华": "第二军医大学长海医院", "花美仙": "第二军医大学长海医院", "张乐之": "第二军医大学长海医院", "许育": "第二军医大学长海医院"}, "合作机构": {"第二军医大学长海医院": "859", "中国石化扬子石油化工有限公司": "31", "第二军医大学附属长海医院": "24", "武汉大学物理科学与技术学院": "22", "兰州大学西部环境教育部重点实验室": "16", "上海市第一人民医院": "16", "南京医科大学第一附属医院": "15", "中国医学科学院中国协和医科大学北京协和医院": "15", "中国医学科学院北京协和医院": "14", "中山大学附属第三医院": "13"}, "文章title": [], "学术ID": ["CN-BI75RG1J"]}