{"机构": "中南大学湘雅医学院肿瘤研究所", "访问量": "1179", "被引量": "523", "成果数": "82", "H_指数": "12", "G指数": "20", "期刊": "70.7%", "会议": "24.4%", "专著": "2.4%", "其他": "2.5%", "合作学者": {"谭火彬": "北京航空航天大学软件学院", "郭峰": "北京航空航天大学计算机学院", "金茂忠": "北京航空航天大学软件工程研究所", "张亮": "北京航空航天大学计算机学院"}, "合作机构": {"北京航空航天大学计算机学院": "30", "北京航空航天大学软件学院": "19", "北京航空航天大学软件工程研究所": "9", "北京航空航天大学计算机科学与工程系": "1", "北京航空航天大学": "1", "北京航空航天大学机械工程及自动化学院": "1", "清华大学信息网络工程研究中心": "1", "中南大学湘雅医学院肿瘤研究所": "1"}, "文章title": [], "学术ID": ["CN-BW74AH8J"]}