{"机构": "河南省人民医院", "访问量": "788", "被引量": "722", "成果数": "187", "H_指数": "15", "G指数": "21", "期刊": "58.3%", "会议": "25.1%", "专著": "0%", "其他": "16.6%", "合作学者": {"罗依": "浙江大学医学院附属第一医院", "黄河": "浙江大学医学院附属第一医院", "谭亚敏": "浙江大学医学院附属第一医院", "何静松": "浙江大学医学院附属第一医院"}, "合作机构": {"浙江大学医学院附属第一医院": "1125", "温州医学院附属第一医院": "29", "广州军区广州总医院": "24", "天津医科大学总医院": "21", "安徽医科大学附属省立医院": "16", "北京大学人民医院": "10", "浙江省中医院": "10", "郑州大学第一附属医院": "8", "浙江大学医学院": "7", "河南省人民医院": "5"}, "文章title": [], "学术ID": ["CN-BB738YCJ"]}