{"机构": "广东省人民医院", "访问量": "2518", "被引量": "2192", "成果数": "299", "H_指数": "26", "G指数": "42", "期刊": "64.9%", "会议": "25.1%", "专著": "0%", "其他": "10%", "合作学者": {"黄河": "浙江大学医学院附属第一医院", "林茂芳": "浙江大学医学院附属第一医院", "何静松": "浙江大学医学院附属第一医院", "罗依": "浙江大学医学院附属第一医院"}, "合作机构": {"浙江大学医学院附属第一医院": "933", "天津医科大学总医院": "18", "温州医学院附属第一医院": "15", "福建省医学科学研究所": "14", "北京大学人民医院": "12", "浙江医院": "12", "第二军医大学长征医院": "12", "复旦大学附属华山医院": "11", "浙江大学免疫学研究所": "11", "广东省人民医院": "10"}, "文章title": [], "学术ID": ["CN-B574BK3J"]}