{"机构": "华南师范大学化学与环境工程学院", "访问量": "746", "被引量": "471", "成果数": "39", "H_指数": "13", "G指数": "20", "期刊": "97.4%", "会议": "2.6%", "专著": "0%", "其他": "0%", "合作学者": {"胡巧开": "湖北师范学院化学与环境工程系", "杜冬云": "湖北师范学院化学与环境工程系", "王代芝": "湖北师范学院化学与环境工程系", "周珊": "湖北师范学院化学与环境工程系"}, "合作机构": {"湖北师范学院化学与环境工程系": "38", "湖北师范学院化学与环境工程学院": "5", "湖北师范学院": "5", "黄石市环境保护研究所": "3", "武汉理工大学资源与环境工程学院": "1", "合肥工业大学资源与环境工程学院": "1", "华中科技大学环境科学研究所": "1", "华南师范大学化学与环境工程学院": "1"}, "文章title": ["香蕉皮吸附活性艳橙的研究", "大冶市农村饮用水源地现状调查及保护对策", "壳聚糖对活性艳蓝的脱色处理研究", "利用大冶地区含铁尾矿生产建筑墙体材料的可行性研究", "复合累托石颗粒材料的制备及应用", "石棉水泥制品行业水处理沉渣综合利用研究", "黄石城区湖泊水环境污染现状及污染治理措施研究", "Fe^2＋／NaClO处理间甲酚废水的研究", "The treatment of acid lead-containing was tewater by eggshell-flyash system", "某机械加工企业含油废水处理工艺的改进", "用粉煤灰和鸡蛋壳处理酸性含镉废水", "鸡蛋壳-粉煤灰法处理酸性含铅废水", "石棉水泥制品行业水处理沉渣综合利用研究", "改性粉煤灰对二甲酚橙的吸附研究", "铬黑T废水的脱色处理", "水泥石棉制品行业水处理沉渣综合利用研究", "改性膨润土对甲基对硫磷的吸附处理"], "学术ID": ["CN-B975J9YJ"]}