{"机构": "南京大学大地海洋科学系", "访问量": "10234", "被引量": "5867", "成果数": "200", "H_指数": "40", "G指数": "68", "期刊": "88.5%", "会议": "9.5%", "专著": "0%", "其他": "2%", "合作学者": {"蒋建军": "南京师范大学地理科学学院", "查勇": "南京师范大学地理科学学院", "李云梅": "南京师范大学虚拟地理环境教育部重点实验室", "张洪亮": "南京师范大学地理科学学院"}, "合作机构": {"南京师范大学地理科学学院": "124", "南京气象学院": "26", "南京师范大学虚拟地理环境教育部重点实验室": "21", "青海省草原总站": "19", "南京大学城市与资源学系": "16", "重庆大学建筑城规学院": "12", "中国科学院地理科学与资源研究所": "11", "南京信息工程大学遥感学院": "8", "四川大学经济学院": "6", "南京大学大地海洋科学系": "6"}, "文章title": []}