{"机构": "河南工业大学", "访问量": "835", "被引量": "501", "成果数": "36", "H_指数": "13", "G指数": "21", "期刊": "86.1%", "会议": "8.3%", "专著": "0%", "其他": "5.6%", "合作学者": {"朱文增": "黑龙江中医药大学附属第二医院", "唐强": "黑龙江中医药大学附属第二医院", "东贵荣": "上海中医药大学附属岳阳中西医结合医院", "秦颖": "哈尔滨医科大学第一临床医学院第二住院部"}, "合作机构": {"黑龙江中医药大学附属第二医院": "59", "上海中医药大学附属岳阳中西医结合医院": "13", "黑龙江中医药大学": "9", "哈尔滨医科大学第一临床医学院第二住院部": "7", "北京中医药大学": "6", "哈尔滨医科大学第一临床医学院神经内科": "4", "哈尔滨市第二医院": "3", "哈尔滨医科大学第一临床医学院骨科": "2", "哈尔滨医科大学附属第一医院": "2", "河南工业大学": "1"}, "文章title": ["针刺内睛明穴为主治疗干眼27例", "Clinical Trial on the Characteristics of Zheng Classification of Pulmonary Diseases Based on Infrared Thermal Imaging Technology", "Understanding the viscera-related theory that the lung and large intestine are exterior-interiorly related", "头穴丛刺法对急性脑梗死大鼠行为学及凋亡相关基因bcl-2的影响", "头穴丛刺法对急性脑梗死大鼠生长相关蛋白-43 mRNA表达的影响", "“头穴丛刺法”对局灶性脑梗死大鼠可塑性蛋白MAP-2的影响", "[Study on the effect of cluster needling of scalp acupuncture on the plasticity protein MAP-2 in rats with focal cerebral infarction].", "头穴丛刺法对急性脑梗死大鼠病理形态学及凋亡相关基因Caspase-3的影响", "抽动宁治疗儿童抽动症60例临床观察", "抽动宁治疗抽动秽语综合征的临床研究", "项针疗法对急性脑梗死大鼠病理学及bcl-2表达的影响", "头穴丛刺法对急性脑梗死大鼠病理学及神经生长因子和转化生长因子的影响", "头穴丛刺法对急性脑梗死大鼠微管相关蛋白2影响的研究", "急性脑缺血大鼠缺血半暗区AQP_4及凋亡相关基因的表达及电项针对其影响的研究", "项针治疗假性延髓麻痹的临床疗效再评价", "Clinical study on 28 cases of acute cerebral hemorrhage treated by scalp acupuncture plus rehabilitation therapy", "头穴透刺结合康复治疗急性脑出血28例临床研究", "头穴丛刺法对急性脑梗塞患者运动功能及神经功能缺损程度的影响", "头穴透刺为主治疗失眠76例患者临床对比研究"]}