{"机构": "中南大学土木建筑学院", "访问量": "4488", "被引量": "8810", "成果数": "368", "H_指数": "51", "G指数": "82", "期刊": "71.2%", "会议": "7.1%", "专著": "1.9%", "其他": "19.8%", "合作学者": {"应祖光": "浙江大学力学系", "高赞明": "香港理工大学", "叶肖伟": "香港理工大学深圳研究院", "陈政清": "湖南大学风工程试验研究中心"}, "合作机构": {"浙江大学力学系": "73", "香港理工大学": "41", "浙江大学土木系": "38", "香港理工大学深圳研究院": "33", "湖南大学风工程试验研究中心": "31", "中山大学应用力学与工程系": "22", "湖南大学土木工程学院": "20", "浙江大学建筑工程学院": "17", "香港理工大学土木及结构工程系": "17", "中南大学土木建筑学院": "15"}, "文章title": ["A double expansion method for the frequency response of finite-length beams with periodic parameters", "Dynamic characteristics of infinite-length and finite-length rods with high-wave-number periodic parameters", "Temperature effects on vision measurement system in long-term continuous monitoring of displacement", "Adaptive semiactive cable vibration control : a frequency domain perspective", "Stochastic vibration suppression analysis of an optimal bounded controlled sandwich beam with MR visco-elastomer core", "Stochastic vibration response of a sandwich beam with nonlinear adjustable visco-elastomer core and supported mass", "Eigenvalue analysis approach to random periodic parameter-excited stability : application to a stay cable", "Typhoon- and temperature-induced quasi-static responses of a supertall structure", "Probabilistic corrosion fatigue life assessment of a suspension bridge instrumented with long-term structural health monitoring system", "Field monitoring and numerical simulation of the thermal actions of a supertall structure", "Real-time damping-force tracking control of self-sensing magnetorheological dampers", "自传感磁流变阻尼器实时阻尼力跟踪控制", "Assessment of stochastically updated finite element models using reliability indicator", "Wind Pressure Data Reconstruction Using Neural Network Techniques: A Comparison between BPNN and GRNN", "Enhanced damping for bridge cables using a self-sensing MR damper", "An experimental study on constructing MR secondary suspension for high-speed trains to improve lateral ride comfort", "Collocated control solution for enhanced damping of bridge cable with self-sensing mr damper", "Noncovalently Functionalized Monolayer Graphene for Sensitivity Enhancement of Surface Plasmon Resonance Immunosensors"], "学术ID": ["CN-BW73XXWJ"]}