{"机构": "上海交通大学应用数学系", "访问量": "460", "被引量": "740", "成果数": "161", "H_指数": "11", "G指数": "22", "期刊": "91.3%", "会议": "1.2%", "专著": "0.6%", "其他": "6.9%", "合作学者": {"楼森岳": "宁波师范学院物理系", "陈苏卿": "复旦大学物理学系", "徐建军": "复旦大学物理系", "黄国翔": "华东师范大学物理系"}, "合作机构": {"宁波师范学院物理系": "40", "复旦大学物理学系": "37", "复旦大学物理系": "16", "华东师范大学物理系": "7", "上海师范大学天体物理中心": "1", "上海交通大学应用数学系": "1"}, "文章title": ["Nambu--Jona-Lasinio Model Revisited with a Simple Regularization-Renormalization Method", "Discrete Symmetry in Relativistic Quantum Mechanics", "Evolution of the CPT Invariance into a Basic Postulate in Physics", "RUNNING COUPLING CONSTANTS OF FERMIONS WITH MASSES IN QUANTUM ELECTRODYNAMICS AND QUANTUM CHROMODYNAMICS", "Reduced Dirac equation and Lamb shift as off-mass-shell effect in quantum electrodynamics", "Essence of Special Relativity, Reduced Dirac Equation and Antigravity", "Puzzles of Divergence and Renormalization in Quantum Field Theory", "失败的价值", "《物理哲学》序", "XVI - Covariant Quantum Electrodynamics", "关于狭义相对论本质的十个论据", "学术自由讨论是科学发展的前提——评黄志洵新著《超光速研究新进展》", "中微子质量,宇称不守恒,中微子振荡及其他", "Advanced quantum mechanics", "没有薛定谔猫态(英文)", "对量子力学的一种新解释:测量与信息", "二参量描述的超光速中微子述的超光速中微子"], "学术ID": ["CN-B9740AEJ"]}