{"机构": "杭州大学催化研究所", "访问量": "2357", "被引量": "2391", "成果数": "250", "H_指数": "23", "G指数": "40", "期刊": "89.6%", "会议": "6%", "专著": "1.2%", "其他": "3.2%", "合作学者": {"夏盛杰": "浙江工业大学化学工程与材料学院", "潘国祥": "浙江工业大学化学工程与材料学院", "王力耕": "浙江工业大学化学工程与材料学院", "薛继龙": "先进催化材料实验室"}, "合作机构": {"浙江工业大学化学工程与材料学院": "355", "先进催化材料实验室": "83", "浙江工业大学化学工程与材料学院先进催化材料实验室": "54", "浙江工业大学化工学院": "20", "浙江工业大学工业催化研究所绿色化学合成技术国家重点实验室培育基地": "19", "浙江工业大学之江学院": "16", "浙江海洋学院海洋科学与技术学院": "12", "湖州师范学院生命科学学院": "11", "浙江工业大学": "10", "杭州大学催化研究所": "7"}, "文章title": ["Selective Hydrogenation of p -Chloronitrobenzene on Nanosized Gold Clusters: A Theoretical Study", "Experimental and Theoretical Investigation into Visible–light–promoted Selective Hydrogenation of Crotonaldehyde to Crotonyl Alcohol using Au–Co,Ni Alloy Nanoparticles Supported Layered Double Hydr...", "Adsorption and Hydrogenation Process of p-Chloronitrobenzene on AuCluster: a DFT Study", "Orthogonal synthesis of a novel hybrid layered material containing three different zincous components and its photocatalytic property investigation", "Catalysis Theoretical Study on Water Gas Shift Reaction of Au-based Binary Alloy AuM(M=Cu,Pt,Ni)", "Preparation of Salen–Metal Complexes (Metal = Co or Ni) Intercalated ZnCr-LDHs and Their Photocatalytic Degradation of Rhodamine B", "Decarbonylation and hydrogenation reaction of furfural on Pd/Cu(111) surface", "Theoretical and experimental investigation into the photocatalytic degradation of hexachlorobenzene by ZnCr layered double hydroxides with different anions", "Pd/Cu（111）双金属表面催化糠醛脱碳及加氢的反应机理", "Aun团簇催化水煤气变换反应机理的密度泛函理论研究", "Preparation and photocatalytic activity of composite metal oxides derived from Salen-Cu(II) intercalated layered double hydroxides", "Comparative Study on the Properties and Adsorption of Furfural of Pd(111) Surface Before and After Ru Modification", "Ru修饰前后Pd（111）面的性质及对糠醛吸附的比较研究", "Reaction mechanism of water gas shift over Au n clusters: A density functional theory study", "氧化铁黄衍生Fe2O3／Al2O3复合颜料的制备及其耐热性能", "The Influence of Different Cu Species onto Multi–Copper–Contained Hybrid Materials’ Photocatalytic Property and Mechanism of Chlorophenol Degradation", "Cluster Properties of AuPt and Selective Hydrogenation Mechanism of Cinnamaldehyde on AuPt Cluster Surface", "肉桂醛在M(M=Au,Pt)团簇表面加氢反应机理分析", "噻吩在Au13和Pt13团簇上加氢脱硫的反应机理比较", "巴豆醛在Au(111)面上的吸附及选择性加氢机理研究"], "学术ID": ["CN-BK74X0WJ"]}