{"机构": "杭州电子工业学院", "访问量": "1865", "被引量": "468", "成果数": "115", "H_指数": "10", "G指数": "17", "期刊": "86.1%", "会议": "11.3%", "专著": "0.9%", "其他": "1.7%", "合作学者": {"陈国金": "杭州电子科技大学机械工程学院", "许明": "江苏省丹阳市实验学校", "项占琴": "浙江大学现代制造工程研究所", "彭丽辉": "浙江工商大学信息与计算科学系"}, "合作机构": {"杭州电子科技大学机械工程学院": "54", "浙江大学现代制造工程研究所": "31", "江苏省丹阳市实验学校": "21", "浙江工商大学信息与计算科学系": "11", "燕山大学机械工程学院": "9", "浙江理工大学机械与自动控制学院": "5", "南华大学城市建设学院": "4", "浙江大学生产工程研究所": "4", "杭州电子科技大学通信工程学院": "3", "杭州电子工业学院": "1"}, "文章title": ["Towards high thermal stability of optical sensing materials with bio-inspired nanostructure", "A bio-inspired concept to improve crack resistance of gray cast iron", "Reinforced lubrication of vegetable oils with graphene additive in tapping ADC12 aluminum alloy", "电液双阀激振系统振幅增益特性实验研究", "机电传动与控制开放式综合实验平台开发及实践教学应用", "设计参数对水下机械手控制机构性能的影响", "多介质纳米复合材料摩擦副的噪声研究进展与展望", "复合钻削刀具负载的建模与验证研究", "制动盘热机开裂机理的模拟研究", "振动拉削用双阀激振系统耦合增益特性分析与实验研究", "内孔拉削动态负载计算模型", "振动拉削双阀激振系统输出波形稳定性分析及实验研究", "激光微织构拉刀制备与能量残留", "基于工业4.0管理的机械类课程实践教学改革", "基于项目教学理念的液压与气动课程改革研究", "Fluent软件在流体机械原理课程教学中应用", "结合教师科研的课程实践教学模式改革研究", "面对中国制造2025机械工程师的流体机械人才教学培养改革", "金属带锯床锯切进给过程建模与分析"]}