{"机构": "安徽商贸职业技术学院", "访问量": "966", "被引量": "1272", "成果数": "82", "H_指数": "17", "G指数": "34", "期刊": "95.1%", "会议": "1.2%", "专著": "0%", "其他": "3.7%", "合作学者": {"陈全家": "新疆农业大学农学院", "曲延英": "新疆农业大学农学院", "范玲": "新疆农业科学院核技术生物技术研究所", "李波": "新疆农业科学院核技术生物技术研究所"}, "合作机构": {"新疆农业大学农学院": "99", "新疆农业科学院核技术生物技术研究所": "74", "中国农业科学院作物育种栽培研究所": "19", "中国农业科学院作物科学研究所": "16", "中国农业科学院作物科学研究所国家农作物基因资源和基因改良重大科学工程农业部作物遗传改良与育种重点开放实验室": "15", "石河子大学农学院": "12", "北京中医药大学": "11", "云南省农业科学院粮食作物研究所": "8", "西北农林科技大学农学院": "6", "安徽商贸职业技术学院": "5"}, "文章title": ["棉花GhVHA-A基因的原核表达及其重组大肠杆菌的抗逆性分析", "The Gene Encoding Subunit A of the Vacuolar H+-ATPase From Cotton Plays an Important Role in Conferring Tolerance to Water Deficit", "海岛棉GbTCP14基因的克隆与表达分析", "大豆F-box基因Glyma08g11030启动子克隆及植物表达载体构建", "The wheat salinity-induced R2R3-MYB transcription factor TaSIM confers salt stress tolerance in Arabidopsis thaliana", "Cloning and Characterization of the GbWRKY40 Transcription Factor Gene from Gossypium barbadense L.", "《生物技术综合实验》实践教学课程体系的创新", "陆地棉GhMYB9基因克隆及结合特性分析", "转基因植物发根农杆菌研究的进展及应用", "海岛棉GbHCT基因的表达分析", "海岛棉GbWRKY40基因的克隆及特征分析", "海岛棉GbTCP5基因的克隆与表达分析", "拟南芥rd29A启动子的克隆及植物表达载体构建", "Proteomic responses of drought-tolerant and drought-sensitive cotton varieties to drought stress", "梭梭NAC转录因子家族基因的克隆和转录激活分析", "基于生物化学学科竞赛的农学类专业学生实践教学改革研究", "棉花GhMYB146基因克隆及亚细胞定位分析", "海岛棉GbTCP15基因的克隆与表达分析"]}