{"机构": "中国人民武装警察部队学院消防工程系", "访问量": "196", "被引量": "67", "成果数": "43", "H_指数": "4", "G指数": "5", "期刊": "81.4%", "会议": "11.6%", "专著": "0%", "其他": "7%", "合作学者": {"何明": "中国原子能科学研究院核物理研究所", "董克君": "中国原子能科学研究院核物理研究所", "寅新艺": "中国原子能科学研究院核物理研究所", "姜山": "中国原子能科学研究院核物理研究所"}, "合作机构": {"中国原子能科学研究院核物理研究所": "90", "兰州大学现代物理系": "29", "中国核动力研究设计院": "12", "中国原子能科学研究院": "7", "中国原子能科学研究院放射化学研究所": "4", "中国工程物理研究院核物理与化学研究所": "4", "中国人民武装警察部队学院": "2", "中国原子能科学研究院计量测试部": "2", "广西大学物理系": "1", "中国人民武装警察部队学院消防工程系": "1"}, "文章title": ["一台用于重核素测量的能量-飞行时间探测系统", "室内火灾过程的动力学响应性分析", "~(182)Hf实验室参考标准的研制与加速器质谱测量", "用HI-13串列加速器质谱装置测量182Hf的研究", "加速器质谱测量用HfF4样品的制备研究", "中国原子能科学研究院的长寿命核素加速器质谱测量及其应用", "用加速器质谱测量～（182）Hf的方法研究", "用于加速器质谱测量的长寿命核素182Hf标准样品的制备", "~(181)Hf(n,γ)~(182)Hf反应截面测量", "用加速器质谱测量~(182)Hf的方法研究", "加速器质谱法测定北京地区灰岩的侵蚀速率", "中国原子能科学研究院加速器质谱工作进展", "中国原子能科学研究院加速器质谱工作进展", "加速器质谱测量~(182)Hf的效率研究", "181Hf(n,γ)182Hf反应截面测量", "加速器质谱测量~(182)Hf的研究", "62 ^36Cl的AMS测量断定灰岩的侵蚀速率", "63 采用AMS法测量液闪样品中的K含量的样品制备方法研究", "58 ^182Hf的AMS测量研究", "HI-13串列加速器离子源环境中K本底初探"], "学术ID": ["CN-BP74Q2LJ"]}