{"机构": "桂林激光通信研究所", "访问量": "920", "被引量": "433", "成果数": "98", "H_指数": "10", "G指数": "17", "期刊": "92.9%", "会议": "7.1%", "专著": "0%", "其他": "0%", "合作学者": {"郑继禹": "桂林电子工业学院通信与信息工程系", "郑霖": "桂林电子科技大学信息与通信学院", "王玫": "桂林电子工业学院通信与信息工程系", "符杰林": "桂林电子科技大学信息与通信学院"}, "合作机构": {"桂林电子科技大学信息与通信学院": "60", "桂林电子工业学院通信与信息工程系": "37", "西安电子科技大学通信工程学院": "5", "华侨大学信息科学与工程学院": "4", "桂林电子科技大学": "2", "玉林师范学院": "2", "南京大学声学研究所近代教育部重点实验室中国江苏省南京市汉口路22号": "1", "西安电子科技大学信息科学研究所": "1", "南京理工大学自动化学院": "1", "桂林激光通信研究所": "1"}, "文章title": ["黑洞吸积的随机扩散模型研究", "基于Hadoop的数据挖掘技术在测光红移上的研究", "基于Hadoop的分布式视频车辆检索方法", "基于改进蚁群算法的高能效WSN协作传输策略", "非合作通信中的盲均衡技术研究", "基于多跳D2D转发的簇内数据共享方案", "二维近程微波全息成像算法", "基于增强型gossip算法的无线传感器网络时间同步", "基于优先级的簇内终端直通数据转发策略", "基于Gossip算法的无线传感器网络时间同步", "基于双正交Fourier变换的多径chirp信号检测", "一种无线传感网络的非线性平均时间同步方案", "多进制相移键控信号小波包降噪的改进算法", "基于自适应阈值SAMP算法的OFDM稀疏信道估计", "基于脉冲耦合的TPSN时间同步协议", "无线传感器网络低功耗多跳广播时钟同步算法", "一种简单的分布式无线传感器网络时间同步方案", "多径信道下高速Chirp BOK平方律检测和均衡", "地方高校专业学位研究生培养模式的探索", "时变CDD-OFDM系统中的改进EM信道估计"], "学术ID": ["CN-BP75HDTJ"]}