{"机构": "北京教育学院", "访问量": "990", "被引量": "603", "成果数": "29", "H_指数": "7", "G指数": "24", "期刊": "89.7%", "会议": "10.3%", "专著": "0%", "其他": "0%", "合作学者": {"齐兰芬": "天津市教育科学研究院", "曹瑞": "天津市教育科学研究院", "麦清": "天津市教育科学研究院", "方芳": "天津市教育科学研究院"}, "合作机构": {"天津市教育科学研究院": "9", "天津市耀华中学": "1", "山东省教育科学研究所": "1", "山西省教育学院": "1", "北京教育学院": "1"}, "文章title": ["英才系统教育初探(上)", "社会转型期教师教学观的调查与分析——以天津市中学教师为例", "师生对优秀教师课堂教学行为特征认识的调查分析", "境外青少年拔尖创新人才教育模式及启示", "社会文化视角下外来人口子女的社会融合", "社会转型期教师行为的国际比较研究", "拔尖创新人才培养对教师素养需求的调查与思考——关于超常教师的百人调查", "社会转型期教师行为的国际比较研究", "社会转型与教师行为转变", "通过制度创新建立拔尖创新人才基础教育体系", "教师课堂行为的社会学分析", "学校慈善文化教育的内容、方法初探", "学校现代慈善文化教育探讨", "外来务工人员子女教育后续问题研究", "师生课堂互动行为特点探索", "关于天津市示范高中校建设的调查与思考", "对推迟上课时间的思考", "教育对国际化大城市职业结构影响初探"], "学术ID": ["CN-B6745AIJ"]}