{"机构": "中华医学电子音像出版社", "访问量": "1169", "被引量": "701", "成果数": "91", "H_指数": "14", "G指数": "22", "期刊": "89%", "会议": "11%", "专著": "0%", "其他": "0%", "合作学者": {"汪勤俭": "第三军医大学学报编辑部", "郭建秀": "第三军医大学学报编辑部", "栾嘉": "《第三军医大学学报》编辑部  副编审", "王福军": "遵义医学院学报编辑部"}, "合作机构": {"第三军医大学学报编辑部": "96", "遵义医学院学报编辑部": "20", "第三军医大学科研部": "10", "川外重庆南方翻译学院英语语言学院": "6", "遵义师范学院学报编辑部": "3", "第三军医大学西南医院": "3", "第三军医大学图书馆": "3", "重庆工商大学": "1", "遵义医学院体工部": "1", "中华医学电子音像出版社": "1"}, "文章title": ["医学期刊编辑在科技信息传播过程中的作用", "医学论文作者单位署名不当现象的调查分析及伦理规范探讨", "医学论文中涉及动物实验和临床试验的伦理规范调查及案例分析", "关于医学论文中影像学图片编校问题及其规范的建议", "关于科技期刊防范假冒网站的思考", "《第三军医大学学报》:以质量和服务取胜", "互联网背景下科技期刊的媒体融合路径", "新媒体环境中科技期刊编辑工作模式的转变", "编辑初审临床医学论文发现的科研设计常见问题及处理策略", "以学术影响力为中心的办刊策略——以《第三军医大学学报》为例", "医学期刊增设《编读往来》栏目的实践与思考", "综合性医学期刊同行专家审稿规范化的初步设想", "10种出版事业类中文核心期刊高被引论文研究", "医药科研工作者对学术不端行为的认知情况调查及原因分析", "AMLC与PSDS检测结果的比较研究", "科技期刊论文署名不端的法律意义及风险防范", "科技期刊中常见学术不端现象分析与思考", "医学期刊编辑指导研究生论文写作的现状调查与需求分析", "贵州省学术期刊影响力分析与对策"], "学术ID": ["CN-B873WR6J"]}