{"机构": "北京师范大学地理学与遥感科学学院", "访问量": "406", "被引量": "384", "成果数": "32", "H_指数": "10", "G指数": "19", "期刊": "62.5%", "会议": "31.3%", "专著": "0%", "其他": "6.2%", "合作学者": {"杨永春": "兰州大学资源环境学院", "易峥": "重庆市规划设计研究院", "谭一洺": "兰州大学教育部西部环境重点实验室", "李鹏": "重庆市规划设计研究院"}, "合作机构": {"重庆市规划设计研究院": "25", "兰州大学资源环境学院": "22", "兰州大学教育部西部环境重点实验室": "6", "广西华蓝设计(集团)有限公司": "4", "重庆市规划设计研究院城乡发展战略研究所": "4", "重庆市规划局": "3", "重庆大学建筑城规学院": "1", "重庆市城市交通规划研究所": "1", "兰州大学": "1", "北京师范大学地理学与遥感科学学院": "1"}, "文章title": ["职住空间错位分类与规划应对策略", "基于职住平衡的重庆主城区交通缓堵策略研究", "城乡统筹视野下的山地城市旅游城镇化发展路径研究——以重庆市武隆县为例", "大数据视野下的重庆主城区职住关系剖析", "社区服务设施规划与实施的问题与思考——以重庆主城区为例", "城市网络研究:由等级到网络", "重庆市公共卫生设施用地控制标准研究", "城乡统筹视野下城乡规划的改革研究", "面向实施的社区服务设施规划协同研究", "国外城乡统筹规划经验及启示", "City network studies：A conceptual explanatory framework", "城市网络研究:由等级到网络", "宜居视角下的山地城市土地利用与交通协调发展探讨——以重庆市龙溪街道为例", "结构动力机制视角下的城市网络解释框架", "微观视角下城市土地利用与交通协调发展探讨", "基于职住平衡分析的重庆市主城区土地利用与交通协调发展研究", "城乡用地空间管制分区的划定:由用地评价到管制分区的实现", "Characteristics,models and mechanisms of manufacturing enterprises migrations of large cities in western China since 1949: Taking Lanzhou as an example", "政策导向下的重庆市城镇化发展战略反思", "1949年以来中国西部大城市制造业企业迁移特征、模式及机制——以兰州市为例"]}