{"机构": "华北电力大学电力经济研究所", "访问量": "231", "被引量": "443", "成果数": "27", "H_指数": "7", "G指数": "21", "期刊": "88.9%", "会议": "7.4%", "专著": "0%", "其他": "3.7%", "合作学者": {"陆青": "上海电力学院经济与管理学院", "梁昌勇": "合肥工业大学管理学院", "王勇胜": "合肥工业大学管理学院", "潘华": "上海电力学院经济与管理学院"}, "合作机构": {"上海电力学院经济与管理学院": "27", "合肥工业大学管理学院": "24", "浙江师范大学经济与管理学院": "3", "桂林电子科技大学数学与计算科学学院": "2", "华北电力大学电力经济研究所": "2"}, "文章title": ["创新创业课程建设研究——以上海电力学院信管专业为例", "基于B/S模式的自助旅游管理系统的设计与实现", "基于区间型决策的电力营销系统评估", "A collaborative filtering similarity measure based on potential field", "结合类别偏好信息的item-based协同过滤算法", "“管理信息系统”精品课程建设中若干问题的思考——以上海电力学院为例", "信息管理与信息系统专业实验教学探索——以上海电力学院经管学院为例", "基于差异性权重和协同过滤的黑启动方案评估", "An intelligent task scheduling algorithm of electricity consumption for reducing the load peak", "基于结构相似性的协同过滤推荐算法", "使用二分图网络提高协同推荐的准确性", "可降低负荷峰值的智能用电任务调度优化", "面向家庭智能用电的用电任务调度优化", "Collaborative filtering based on information-theoretic co-clustering", "协同过滤推荐技术综述", "Research on Group Recommendation in E-commerce Recommender Systems", "协同过滤技术及其在推荐系统中的应用研究", "电子商务推荐系统中群体用户推荐问题研究", "协同过滤中一种有效的最近邻选择方法", "一种基于TOPSIS的混合型多属性群决策方法"], "学术ID": ["CN-BP75AAVJ"]}