{"机构": "中国科学院遥感应用研究所遥感科学国家重点实验室", "访问量": "1973", "被引量": "1523", "成果数": "96", "H_指数": "21", "G指数": "34", "期刊": "88.5%", "会议": "8.3%", "专著": "0%", "其他": "3.2%", "合作学者": {"李云梅": "南京师范大学虚拟地理环境教育部重点实验室", "孙德勇": "南京师范大学虚拟地理环境教育部重点实验室", "黄昌春": "南京师范大学虚拟地理环境教育部重点实验室", "王桥": "环境保护部卫星环境应用中心"}, "合作机构": {"南京师范大学虚拟地理环境教育部重点实验室": "262", "环境保护部卫星环境应用中心": "42", "南京师范大学教育部虚拟地理环境重点实验室": "42", "南京师范大学地理科学学院": "14", "南京师范大学地理信息科学江苏省重点实验室": "12", "中国科学院南京地理与湖泊研究所": "11", "南京师范大学江苏省地理信息科学重点实验室": "4", "石家庄学院资源与环境系": "2", "中国科学院南京土壤研究所": "2", "中国科学院遥感应用研究所遥感科学国家重点实验室": "2"}, "文章title": ["Specific inherent optical properties of highly turbid productive water for retrieval of water quality after optical classification", "Assessment of water constituents in highly turbid productive water by optimization bio-optical retrieval model after optical classification", "A semi-analytical approach for detecting suspended particulate composition in complex turbid inland waters (China)", "Hyperspectral Remote Sensing of the Pigment C-Phycocyanin in Turbid Inland Waters, Based on Optical Classification", "Bio-optical retrieval model of suspended particle in Tai Lake using MERIS image太湖水体悬浮颗粒物生物光学模型及MERIS数据反演", "Scattering spectrum properties and their relationship to biogeochemical parameters: a case study in Taihu Lake", "太湖秋季水体体散射和散射相函数特征", "A novel support vector regression model to estimate the phycocyanin concentration in turbid inland waters from hyperspectral reflectance", "Specific inherent optical quantities of complex turbid inland waters, from the perspective of water classification", "Bio-optical retrieval model of suspended particles in Tai Lake using MERIS image", "物演论视角下再探讨体育起源", "太湖水体悬浮颗粒物生物光学模型及MERIS数据反演", "Estimation of phytoplankton primary production based on in situ hyperspectral and simulated MERIS data in Taihu Lake, China", "Retrieval of Microcystis aentginosa Percentage From High Turbid and Eutrophia Inland Water: A Case Study in Taihu Lake", "Development of optical criteria to discriminate various types of highly turbid lake waters", "太湖水体散射光谱特性及其形成机理研究", "Spectral Geometric Triangle Properties of Chlorophyll-A Inversion in Taihu Lake Based on TM Data", "Remote estimation of chlorophyll a in optically complex waters based on optical classification", "Remote sensing of phycocyanin pigment in highly turbid inland waters in Lake Taihu, China", "基于感光色素吸收信号的太湖藻类识别"]}