{"机构": "上海市静安区中心医院", "访问量": "1235", "被引量": "914", "成果数": "106", "H_指数": "12", "G指数": "28", "期刊": "82.1%", "会议": "8.5%", "专著": "0%", "其他": "9.4%", "合作学者": {"徐建江": "复旦大学附属眼耳鼻喉科医院", "洪佳旭": "复旦大学附属眼耳鼻喉科医院", "孙兴怀": "复旦大学附属眼耳鼻喉科医院", "朱文卿": "复旦大学附属眼耳鼻喉科医院"}, "合作机构": {"复旦大学附属眼耳鼻喉科医院": "331", "复旦大学附属金山医院": "6", "苏州大学附属第一医院": "5", "温州医学院附属眼视光医院": "4", "中国医学科学院北京协和医院": "4", "上海市浦东新区公利医院": "4", "解放军总医院": "3", "中国科学院上海生命科学研究院生物化学与细胞生物学研究所": "2", "江苏省中医院": "2", "上海市静安区中心医院": "2"}, "文章title": ["Social-economic analysis of patients with Sjogren’s syndrome dry eye in East China: a cross-sectional study", "The diagnosis of limbal stem cell deficiency", "Correlation between the existence of the palisades of Vogt and limbal epithelial thickness in limbal stem cell deficiency", "Assessment of Lower Tear Meniscus", "Vitamin A Palmitate and Carbomer Gel Protects the Conjunctiva of Patients With Long-term Prostaglandin Analogs Application", "Measurement of corneal and limbal epithelial thickness by anterior segment optical coherence tomography and in vivo confocal microscopy.", "Measurement of Corneal and Limbal Epithelial Thickness by In Vivo Confocal Microscopy and Anterior Segment Optical Coherence Tomography", "Comparison of human corneal cell density by age and corneal location: an in vivo confocal microscopy study", "All-trans retinoid acid promotes allogeneic corneal graft survival in mice by regulating Treg-Th17 balance in the presence of TGF-β", "上海市金山区≥50岁者翼状胬肉流行病学调查", "Anterior Chamber Angle Assessment by Anterior-segment Optical Coherence Tomography After Phacoemulsification With or Without Goniosynechialysis in Patients With Primary Angle Closure Glaucoma", "Prevalence and Associated Factors of Pinguecula in a Rural Population in Shanghai, Eastern China", "In vivo confocal microscopy of meibomian glands and palpebral conjunctiva in vernal keratoconjunctivitis", "Early-Onset Candida glabrata Interface Keratitis after Deep Anterior Lamellar Keratoplasty.", "In vivo laser scanning confocal microscopy of vernal keratoconjunctivitis.", "T-style keratoprosthesis based on surface-modified poly (2-hydroxyethyl methacrylate) hydrogel for cornea repairs.", "What are the manifestations of ocular exposure to epichlorohydrin?", "Impact of Conjunctivochalasis on Visual Quality of Life: A Community Population Survey", "Dry-eye-like Symptoms without Dessicated Signs Implies Corneal Neuropathy: An In Vivo Confocal Microscopy Study", "Pseudomonas aeruginosa keratitis misdiagnosed as fungal keratitis by in vivo confocal microscopy: a case report"]}