{"机构": "武警石家庄指挥学院", "访问量": "74", "被引量": "36", "成果数": "19", "H_指数": "3", "G指数": "6", "期刊": "89.5%", "会议": "5.3%", "专著": "5.2%", "其他": "0%", "合作学者": {"王进": "山东中医药大学第二附属医院", "王海燕": "北京大学第一医院", "晏磊": "北京大学遥感与地理信息系统研究所", "孙蕊": "南京工业大学理学院"}, "合作机构": {"山东中医药大学第二附属医院": "4", "北京大学第一医院": "2", "南京工业大学理学院": "1", "北京大学遥感与地理信息系统研究所": "1", "山东轻工业学院食品与生物工程学院": "1", "甘肃行政学院应急管理培训中心": "1", "武警石家庄指挥学院": "1"}, "文章title": ["晚期结直肠癌伴随诊断研究进展", "Surface-decorated S. cerevisiae for flow cytometric array immunoassay", "黑色素瘤靶向治疗研究进展", "结直肠癌肿瘤标志物研究进展", "基因测序技术发展及生物医学应用", "非小细胞肺癌驱动基因检测研究进展", "A cytometric dual-bead array for analyzing PML-raralpha fusion protein", "A cytometric dual-bead array for analyzing PML-raralpha fusion protein", "An on-bacterium flow cytometric immunoassay for protein quantification", "法尼基转移酶抑制剂——CAAX四肽类似物", "急性早幼粒细胞白血病诊断进展", "全细胞传感器研究进展", "微球阵列检测PML-RARα融合蛋白的研究", "流式细胞术及其在生物医学领域中的应用", "FITC染料编码流式微球阵列研究", "分散聚合法制备流式聚苯乙烯微球的研究", "Duplexed on-microbead binding assay for competitive inhibitor of epidermal growth factor receptor by quantitative flow cytometry", "Geniposide enhances melanogenesis by stem cell factor/c-Kit signalling in norepinephrine-exposed normal human epidermal melanocyte."], "学术ID": ["CN-BG74ZKHJ"]}