{"机构": "南昌航空工业学院", "访问量": "116", "被引量": "143", "成果数": "14", "H_指数": "5", "G指数": "11", "期刊": "71.4%", "会议": "21.4%", "专著": "0%", "其他": "7.2%", "合作学者": {"顾新建": "浙江大学现代制造工程研究所", "代风": "浙江大学现代制造工程研究所", "陈芨熙": "浙江大学现代制造工程研究所", "吉祥": "浙江大学现代制造工程研究所"}, "合作机构": {"浙江大学现代制造工程研究所": "26", "成都理工大学环境与土木工程学院": "3", "上海理工大学管理学院": "3", "南昌航空大学": "2", "南昌航空大学经济管理学院": "2", "南昌航空工业学院": "1"}, "文章title": ["概念知识地图协同创作过程中的群体决策模型", "基于用户行为统计的企业知识自动评价方法", "A Decision Support System Framework for Scheme Design of Motor System Energy-Saving", "Enterprise knowledge automatic evaluation method based on user behavior analysis", "面向全生命周期的合同能源管理支持系统", "复杂产品系统中跨组织知识超网络模型研究", "企业知识与员工知识贡献度集成评价方法及应用研究", "基于本体和粗糙集的产品设计知识推送技术", "Public and expert collaborative evaluation model and algorithm for enterprise knowledge", "基于本体的多设计团队协同产品设计知识建模", "Patent collaborative filtering recommendation approach based on patent similarity.", "基于流程驱动的领域知识主动推送研究"]}