{"机构": "解放军第94医院", "访问量": "1895", "被引量": "1216", "成果数": "228", "H_指数": "16", "G指数": "25", "期刊": "83.8%", "会议": "15.4%", "专著": "0%", "其他": "0.8%", "合作学者": {"杨湘越": "南京军区福州总医院", "朱忠勇": "南京军区福州总医院", "王开宇": "南京军区福州总医院", "吴文冰": "南京军区福州总医院"}, "合作机构": {"南京军区福州总医院": "427", "福建医科大学附属协和医院": "25", "武警福建总队医院": "14", "福州总医院": "11", "第二军医大学基础医学部医学遗传学教研室": "10", "福建医科大学附属第一医院": "10", "解放军第九四医院": "10", "解放军第180医院": "9", "福建省立医院": "8", "解放军第94医院": "7"}, "文章title": ["岩藻糖基在肝细胞癌诊断中的发展与应用", "基于移动互联技术的医学检验精准管理平台的构建和实践", "Cloning, expression and antioxidant activity of a thioredoxin peroxidase from Branchiostoma belcheri tsingtaunese", "Aptamer oligonucleotides as potential therapeutics in hematologic diseases", "Transitional basal cells at the squamous-columnar junction generate Barrett's oesophagus", "Clinical application of a novel diagnostic scheme including pancreatic β‑cell dysfunction for traumatic multiple organ dysfunction syndrome.", "金黄色葡萄球菌毒性休克综合征毒素1核酸适配体的筛选和鉴定", "Inhibition of the superantigenic activities of Staphylococcal enterotoxin A by an aptamer antagonist.", "烟曲霉致病性与免疫系统相互作用的研究进展", "基于酵母重组人细胞核抗原的多种自身抗体复合斑点胶体金法的研发与评价", "耐甲氧西林金黄色葡萄球菌青霉素结合蛋白2a转肽酶区的克隆、表达及纯化鉴定", "基于毕赤酵母系统表达的重组自身免疫调节生物制剂的研究进展", "A label-free aptasensor for highly sensitive detection of ATP and thrombin based on metal-enhanced PicoGreen fluorescence", "Neutralization of Staphylococcal enterotoxin B by aptamer antagonist", "流式荧光分子变构SELEX筛选C4-HSL适配体及其体外抑制铜绿假单胞菌生物膜的研究", "基于适配体茎环开关和链置换放大技术的铅离子荧光适配体传感器", "亚最低杀菌浓度阿莫西林对体外诱导金黄色葡萄球菌标准菌株的耐药研究", "阿莫西林克拉维酸钾亚最低杀菌浓度体外诱导细菌耐药研究", "基于毕赤酵母系统表达的重组自身免疫调节生物制剂的研究进展", "福建省检验医学学科发展研究报告"], "学术ID": ["CN-B2735X5J"]}