{"机构": "东华大学", "访问量": "3286", "被引量": "2448", "成果数": "357", "H_指数": "22", "G指数": "37", "期刊": "50.1%", "会议": "38.1%", "专著": "9.8%", "其他": "2%", "合作学者": {"于守健": "东华大学计算机科学与技术学院", "陈德华": "东华大学计算机科学与技术学院", "刘建伟": "东华大学信息科学与技术学院", "王梅": "东华大学计算机科学与技术学院"}, "合作机构": {"东华大学计算机科学与技术学院": "223", "东华大学信息科学与技术学院": "42", "东华大学计算机学院": "20", "上海大学计算机工程与科学学院": "18", "东华大学旭日工商管理学院": "18", "东华大学图书馆": "17", "南通大学计算机科学与技术学院": "16", "宁波工程学院电子与信息工程学院": "12", "北京工商大学计算机与信息工程学院": "12", "东华大学": "10"}, "文章title": ["数据自治开放应用平台设计与实践", "A co-training based entity recognition approach for cross-disease clinical documents", "基于深度学习的甲状腺结节良恶性预测方法研究", "Deep Neural Network Based on Translation Model for Diabetes Knowledge Graph", "PageFile: The Return of Classical Page Storage Structure on MapReduce Framework", "STNoSQL: Creating NoSQL database on the SensibleThings platform", "Learning Bayesian Network Structure from Large-Scale Datasets", "Learning Gene Regulatory Network from Microarrays Based on Bayesian Network", "一种面向CASA的分布式数据存储策略", "病理镜检文本数据的结构化处理方法", "基于依存句法分析的病理报告结构化处理方法", "中文病理文本的结构化处理方法研究", "Sensor Time Series Association Rule Discovery Based on Modified Discretization Method", "几种轻量级分组密码算法的性能分析", "基于甲亢临床指标的多维时间序列关联度分析", "糖尿病临床诊断事件序列中频繁模式的发现算法", "面向临床检验指标的非同步时间序列聚类算法研究", "Query Execution Optimization Based on Incremental Update in Database Distributed Middleware."], "学术ID": ["CN-BU75QOHJ"]}