{"机构": "西北师范大学文学院", "访问量": "2958", "被引量": "1534", "成果数": "151", "H_指数": "22", "G指数": "34", "期刊": "94.7%", "会议": "4%", "专著": "1.3%", "其他": "0%", "合作学者": {"汤一介": "北京大学哲学系", "邹赞": "新疆大学人文学院", "张辉": "北京大学比较文学与比较文化研究所", "萧兵": "淮阴师范学院中文系"}, "合作机构": {"中国社会科学院文学研究所": "8", "北京大学哲学系": "5", "北京大学比较文学与比较文化研究所": "3", "淮阴师范学院中文系": "2", "国家图书馆": "2", "新疆大学人文学院": "2", "北京师范大学中文系": "2", "东北师范大学中文系": "1", "北京物资学院外语系": "1", "西北师范大学文学院": "1"}, "文章title": ["中国文化面向世界文化的几点思考", "三代教书人,一脉家国情", "“苔花如米小,也学牡丹开”——我们如何理解文明交流互鉴的思想意义", "王佐良教授与中国早期比较文学的发展", "我的比较文学之路——为纪念中国比较文学发展30周年而作", "我在草棚大学当老师", "《比较文学原理新编》(第二版)", "中国梦:文明底蕴的升华", "为中国文学研究开创历史新纪元", "深度生态学及其在人类生活中引起的变革", "“和而不同”与文化自觉:面向21世纪的比较文学——中国比较文学学会会长乐黛云教授访谈录", "悼念中国比较文学的奠基人和开路先锋孙景尧(代序)", "多元声音 共创未来——中国多民族文学的跨学科对话", "《四海为诗》——第一部当代旅美华人离散诗精选", "飞越时空、穿透人神的苗族史诗《亚鲁王传》", "“已成”与“将成”:传统及跨文化体系(英文)", "复杂性思维与世界文学"], "学术ID": ["CN-BT74FT0J"]}