{"机构": "南开大学周恩来政府管理学院", "访问量": "5899", "被引量": "2929", "成果数": "213", "H_指数": "30", "G指数": "46", "期刊": "84%", "会议": "16%", "专著": "0%", "其他": "0%", "合作学者": {"陈浩": "南开大学社会心理学系", "姚琦": "南开大学社会心理学系", "马华维": "天津师范大学心理学系", "薛婷": "天津中医药大学人文管理学院"}, "合作机构": {"南开大学社会心理学系": "120", "中国科学院心理研究所": "16", "天津师范大学心理学系": "14", "天津中医药大学人文管理学院": "13", "天津工程师范学院职教系": "11", "广西大学教育学院": "8", "南开大学商学院": "5", "吉林大学哲学社会学院": "4", "河北大学教育学院": "4", "南开大学周恩来政府管理学院": "4"}, "文章title": ["从合作进化的视角浅析当今国家间博弈", "松-紧文化:跨文化心理学研究的新维度", "工作记忆广度与自我损耗的关系", "心理学视角下的失业和再就业研究", "微博客基本社会情绪的测量及效度检验", "心理信息学：网络信息时代下的心理学新发展", "网络新闻报道人物的社会分类：维度及对信任的影响", "“伪科学”存在的社会心理基础", "职场欺负行为研究中的文化差异性———基于国家文化视角的分析", "时势造英雄还是英雄造时势?精英与大众的微博情绪关系", "理性行动-社会认同整合性集体行动模型", "工作记忆能力与自我调控", "职场欺负的旁观者：角色、行为与影响机制", "情绪能预测股市吗?", "群体身份对人际宽恕的影响", "元音范畴知觉中特征分析和整合的时间进程", "独立预测作用,还是基础性影响？——价值观对集体行动的影响机制"], "学术ID": ["CN-B974DKBJ"]}