{"机构": "中航总第六一三研究所", "访问量": "3807", "被引量": "1760", "成果数": "132", "H_指数": "19", "G指数": "37", "期刊": "89.4%", "会议": "10.6%", "专著": "0%", "其他": "0%", "合作学者": {"王宏伦": "西北工业大学", "钟麟": "西北工业大学电子信息学院", "高坚": "中国计量学院机电工程学院", "刘金星": "空军第一航空学院"}, "合作机构": {"西北工业大学电子信息学院": "62", "西北工业大学": "55", "西北工业大学电子工程系": "22", "空军第一航空学院": "12", "西北工业大学自动控制系": "12", "中国计量学院机电工程学院": "11", "江西财经大学电子学院": "8", "西北工业大学电子与信息工程研究所": "8", "西安邮电大学自动化学院": "7", "中航总第六一三研究所": "7"}, "文章title": ["地形跟随系统的并行预测控制方法", "双机编队协同制导的火控机理", "基于影响图的多智能体学习算法", "BDOTI结构空战指挥控制决策的逻辑框架", "对动态目标制导的导弹动力学逆系统跟踪控制", "Data Preprocessing Circuit Designs and Analyses for Subsonic Cruise Missile Infrared Image Seeker", "巡航导弹监控Agent的以人为中心的分析与设计", "Human-Machine Integrated Design of Cruise Missile Monitor Agent人机一体化的巡航导弹监控Agent设计", "基于影响图的空战机动决策模型", "多智能体作战飞机协同空战指挥控制的若干技术问题", "影响图对策在多机协同空战中的应用", "基于粗糙集-神经网络编队协同空战决策系统", "基于多级影响图的空战连续机动决策", "不确定环境下编队协同搜索力最优分配", "面向Agent的巡航导弹武器控制系统体系结构设计", "面向Agent的巡航导弹武器控制系统分析", "Sequential maneuvering decisions based on multi-stage influence diagram in air combat", "基于AUML的面向Agent分析方法及其应用", "粗糙集-神经网络集成在编队空战中的应用", "多级影响图在空战机动决策中的应用"]}