{"机构": "重庆职业技术学院", "访问量": "314", "被引量": "182", "成果数": "38", "H_指数": "8", "G指数": "12", "期刊": "92.1%", "会议": "7.9%", "专著": "0%", "其他": "0%", "合作学者": {"权国政": "重庆大学材料科学与工程学院", "周杰": "重庆大学材料科学与工程学院", "尹玲": "重庆电子工程职业学院机电工程系", "夏玉峰": "重庆大学材料科学与工程学院"}, "合作机构": {"重庆大学材料科学与工程学院": "47", "重庆电子工程职业学院机电工程系": "8", "重庆大学机械传动国家重点实验室": "2", "重庆电子工程职业学院": "1", "重庆大学": "1", "重庆职业技术学院": "1"}, "文章title": ["高强度钢板热冲模冷却水道工艺参数多目标优化", "高强度钢板多相区相变动力学模型及试验验证", "端盖闭式模锻数值模拟分析", "铝合金拉杆复合挤压工艺有限元分析", "《机械制图与计算机绘图》高职课程建设", "双金属轴瓦弯曲回弹数值模拟预测", "火花塞壳闭式锻造工艺数值模拟分析", "活塞头温锻成形工艺的数值模拟优化", "A characterization for the flow behavior of 42CrMo steel", "不同温度及应变速率条件下AZ80镁合金临界损伤因子研究", "不同温度下TA15钛合金梁锤锻成形有限元分析", "铝合金管空拉拔模具磨损仿真预测", "镁合金笔记本外壳温成形过程中的温度场仿真", "A study on the flow behavior of 42CrMo steel under hot compression by thermal physical simulations", "AZ80镁合金动态再结晶软化行为的唯象本构描述", "AZ80镁合金动态再结晶软化行为的唯象本构描述", "曲轴锻造过程中的温度场仿真预测", "起重机连杆II锤锻工艺及制坯模具设计", "风机叶片的成形工艺数值模拟研究"]}