{"机构": "西安建筑科技大学土木工程学院", "访问量": "558", "被引量": "613", "成果数": "18", "H_指数": "8", "G指数": "0", "期刊": "61.1%", "会议": "38.9%", "专著": "0%", "其他": "0%", "合作学者": {"岳清瑞": "国家工业建筑诊断与改造工程技术研究中心", "幸坤涛": "国家工业建筑诊断与改造工程技术研究中心", "李荣": "国家工业建筑诊断与改造工程技术研究中心", "颜子涵": "国家工业建筑诊断与改造工程技术研究中心"}, "合作机构": {"国家工业建筑诊断与改造工程技术研究中心": "35", "大连理工大学": "2", "宝山钢铁股份有限公司": "1", "中冶集团建筑研究总院": "1", "西安建筑科技大学土木工程学院": "1"}, "文章title": ["Viscoplastic Cap Model for Soils under High Strain Rate Loading", "Fatigue Strength of End-Coped Crane Runway Girders", "平台钢框架分离式柱的疲劳破坏", "吊车荷载作用下钢结构吊车梁的疲劳可靠寿命评估", "光纤光栅传感技术在土木工程结构监测中的应用", "大面积堆载原料库结构鉴定分析", "碳纤维布加固修复钢结构粘结界面受力性能试验研究", "钢结构吊车梁疲劳可靠性分析与评估", "碳纤维布加固修复钢结构技术性能研究", "碳纤维复合材料在工程加固中的应用", "碳纤维复合材料(CFRP)加固技术在民族文化宫大修工程中的应用", "民族文化宫混凝土屋架耐久性评估与处理", "北京大学某楼改造可行性分析与设计", "高层建筑现浇楼板施工支撑方案的风险分析方法", "碳纤维材料加固混凝土结构技术应用实践", "改进的Rosenblueth方法及其在结构可靠度分析中应用", "一种与结构可靠度分析几何法相结合的响应面方法"], "学术ID": ["CN-B074AI2J"]}