{"机构": "北京动物园", "访问量": "6445", "被引量": "3669", "成果数": "422", "H_指数": "31", "G指数": "47", "期刊": "66.6%", "会议": "27.7%", "专著": "0.2%", "其他": "5.5%", "合作学者": {"丁叶": "中国农业大学动物医学院", "毛晶晶": "中国农业大学动物医学院", "田纪景": "中国农业大学动物医学院", "常玲玲": "中国农业大学动物医学院"}, "合作机构": {"中国农业大学动物医学院": "903", "北京市农林科学院畜牧兽医研究所": "66", "河南农业大学牧医工程学院": "31", "云南农业大学动物科学技术学院": "26", "河北工程大学农学院": "23", "航天医学工程研究所": "21", "北京出入境检验检疫局": "20", "安徽农业大学动物科技学院": "19", "山东农业大学动物科技学院": "18", "北京动物园": "16"}, "文章title": ["Replication of hepatitis E virus in the ovary and promotion of oocyte apoptosis in rabbits infected with HEV-4", "Hepatitis E Virus Induces Hepatocyte Apoptosis via Mitochondrial Pathway in Mongolian Gerbils", "小型猪胃经与肾经经脉不通病理模型的比较观察", "Histopathologic Diagnosis and Analysis of 44 Cases of Pet Dog Tumors", "白眉长臂猿感染戊型肝炎病毒的病理学观察", "Hepatitis E Virus Genotype 4 Sequences Detected in Sewage from Treatment Plants of China:", "Molecular and structural changes related to Hepatitis E virus (HEV) antigen and its expression in testis inducing apoptosis in Mongolian gerbil model", "In vitro toxicity evaluation of melamine on mouse TM4 Sertoli cells", "内质网应激在戊型肝炎病毒感染致肝细胞损伤的作用机制", "44例宠物犬肿瘤病理诊断及分析", "一例泰迪犬冠状病毒感染伴发急性肺水肿的病理诊断报告", "Detection of Genotype 4 Swine Hepatitis E Virus in Systemic Tissues in Cross-Species Infected Rabbits", "屠宰肉鸡禽白血病病毒的检测及病理学观察", "Antimicrobial activity and safety evaluation of peptides isolated from the hemoglobin of chickens", "Antigen detection and apoptosis in Mongolian gerbil's kidney experimentally intraperitoneally infected by swine Hepatitis E virus", "一例SPF小鼠骨骼肌肉瘤的病理诊断报告", "Hepatitis associated with hepatitis B virus in broilers", "Histologic study of testis injury after bisphenol A exposure in mice: Direct evidence for impairment of the genital system by endocrine disruptors", "Histologic study of testis injury after bisphenol A exposure in mice"], "学术ID": ["CN-BH74ZC1J"]}