{"机构": "山东大学", "访问量": "159", "被引量": "92", "成果数": "34", "H_指数": "5", "G指数": "9", "期刊": "64.7%", "会议": "29.4%", "专著": "0%", "其他": "5.9%", "合作学者": {"刘长安": "山东工业大学", "赵继龙": "山东建筑大学建筑城规学院", "刘甦": "山东建筑工程学院建筑系", "魏琰琰": "山东建筑大学建筑城规学院"}, "合作机构": {"山东建筑大学建筑城规学院": "16", "山东工业大学": "7", "山东建筑工程学院建筑系": "3", "山东建筑工程学院建筑城规学院": "2", "中山市规划设计院": "1", "山东大学": "1"}, "文章title": ["密斯:清晰的结构 ——再读巴塞罗那德国馆的逻辑与秩序", "空间设计为主线的建筑学二年级教学实践与探索——以“方体限定与展览空间设计”为例", "卡洛·斯卡帕与重复:三个案例研究", "皇寺村空间结构及其在水系影响下的形成机制研究", "卡洛·斯卡帕建筑作品及其空间观念分析研究", "对木构建造教学的思考——以山东省木构建造设计大赛为例", "基于开放建筑理念的高校科研实验中心设计——以山东建筑大学科研实验楼概念设计为例", "住宅建筑的文化攻略表现", "历史文化街区中的建筑“层级嵌入”式更新策略探析——以蓬莱市画河大世界项目设计为例", "城市设计方法在校园单体建筑设计中的运用——以山东大学南新校区核心组团整体设计为例", "以生态建筑学为导向的建筑教育模式研究——山东建筑大学生态建筑学教学实践", "寒冷地区东西向住宅演进及户型布局研究", "基于绿色建筑教育目标的建筑学专业课程体系改革研究", "基于热压通风原理的建筑建构模式研究", "当代木构建筑设计——以山东建筑大学“雪山书苑”为例", "生态节能技术融入的建筑教育模式探讨——山东建筑大学太阳能与建筑一体化方向教学实践", "以生态节能为特色的建筑学专业方向教育探索——山东建筑大学太阳能与建筑一体化方向教学实践", "试论当代建筑创作中地域观的整合", "以系列模块化设定为线索的建筑设计教学组织研究", "山东建筑大学建筑城规学院概况"], "学术ID": ["CN-BI74ZR1J"]}