{"机构": "兰州大学文学院", "访问量": "119", "被引量": "46", "成果数": "20", "H_指数": "3", "G指数": "6", "期刊": "95%", "会议": "5%", "专著": "0%", "其他": "0%", "合作学者": {"程金城": "兰州大学文学院"}, "合作机构": {"兰州大学文学院": "2"}, "文章title": ["真诚与正直:新世纪长篇小说作家之审美价值取向", "新世纪长篇小说叙事影视化之审美倾向", "重估胡适《尝试集》的文学价值与审美追求", "中国现代小说理念的引介与反思", "论胡适“诗国革命”的语言逻辑", "论新世纪文艺理论谱系的建构", "焦作历史名人资源与文化旅游开发的对策研究", "全媒体时代的文学形态与文学价值", "20世纪诗体的消解与诗本体意义的重构—评《中国新诗艺术论》", "论《红楼梦》宗法文化与中国现代小说", "关于在全面建设小康社会中文艺工作者应树立的意识", "胡适的文体观述评", "为“张派”小说的历史地位正名——评东方蝃蝀的《绅士淑女图》", "世界华文文学前沿问题", "略论1930—1940年代中国现代小说观念", "中国现代文学价值选择的启示", "关于21世纪中国文学价值重建的思考", "“善”:中国现代小说的一种镜像", "胡适文学思想的双重奏"], "学术ID": ["CN-BP7409FJ"]}