{"机构": "海尔集团公司", "访问量": "234", "被引量": "197", "成果数": "24", "H_指数": "7", "G指数": "13", "期刊": "83.3%", "会议": "4.2%", "专著": "8.3%", "其他": "4.2%", "合作学者": {"顾新建": "浙江大学现代制造工程研究所", "祁国宁": "浙江大学现代制造工程研究所", "乐承毅": "浙江大学现代制造工程研究所", "吉祥": "浙江大学现代制造工程研究所"}, "合作机构": {"浙江大学现代制造工程研究所": "57", "上海理工大学管理学院": "6", "成都理工大学环境与土木工程学院": "3", "浙江大学": "2", "南昌航空大学经济管理学院": "2", "中国运载火箭技术研究院研究发展中心": "2", "浙江大学现代工业设计研究所": "1", "海尔集团公司": "1"}, "文章title": ["基于大数据的知识共享方法研究", "制造业大数据顶层设计的内容和方法(下篇)", "面向复杂产品研发过程的知识网络理论及集成应用研究", "制造业大数据顶层设计的内容和方法（上篇）", "知识型员工-任务匹配程度计算系统设计与实现", "基于BioTRIZ的产品创新设计过程", "QR Code Detection Based on Local Features", "基于本体和粗糙集的产品设计知识推送技术", "Public and expert collaborative evaluation model and algorithm for enterprise knowledge", "Technology for product design knowledge push based on ontology and rough sets", "智慧制造与智慧城市的关系研究", "企业知识库中显性知识的评价体系研究", "基于知识网络的TRIZ集成框架及其关键技术", "基于认知导航模式的企业知识网络", "基于Web2.0的产品配置知识管理", "An Enterprise Knowledge Management System (EKMS) Based on Knowledge Evaluation by the Public", "Patent collaborative filtering recommendation approach based on patent similarity.", "基于流程驱动的领域知识主动推送研究"]}