{"机构": "西南科技大学法学院", "访问量": "7481", "被引量": "4061", "成果数": "85", "H_指数": "33", "G指数": "63", "期刊": "94.1%", "会议": "4.7%", "专著": "1.2%", "其他": "0%", "合作学者": {"闫雨": "北京师范大学刑事法律科学研究院", "李莎莎": "北京师范大学刑事法律科学研究院", "汪永乐": "北京大学法学院", "蒋建峰": "北京大学法学院"}, "合作机构": {"北京大学法学院": "18", "北京师范大学刑事法律科学研究院": "14", "中国社会科学院法学研究所": "3", "西南民族大学法学院": "2", "北京师范大学": "2", "西北政法大学": "2", "中国人民公安大学": "1", "云南大学法学院": "1", "上海政法学院刑事司法学院": "1", "西南科技大学法学院": "1"}, "文章title": ["1997年刑法二十年的前思后想", "宽严相济在惩治我国民族恐怖主义犯罪中的应用", "死刑改革：立法和司法两路并进", "以知识为主的综合改造刑", "走向刑法的现代化", "论罪刑均衡的司法模式", "论刑罚结构的调整对宪法人权原则的回应", "当代中国腐败犯罪的刑事法治理——以《联合国反腐败公约》为视角", "刑事一体化司法适用若干问题探讨", "刑事一体化践行", "社会管理创新视野下我国轻罪刑事政策完善", "社会管理创新视域下未成年人犯罪刑事政策研究", "生产、销售假药罪若干问题研究——以《刑法修正案（八）》第23条为视角", "危险驾驶行为入刑:原因、问题与对策", "利用影响力受贿罪适用中的几个疑难问题", "死刑司法控制:完整解读刑法第四十八条", "食品监管渎职罪探析", "论我国食品安全犯罪刑事政策", "中美假释制度比较论纲", "中国劳动教养制度改革前瞻"], "学术ID": ["CN-BS74QBDJ"]}