{"机构": "北京军区总医院", "访问量": "3879", "被引量": "1664", "成果数": "156", "H_指数": "18", "G指数": "37", "期刊": "80.8%", "会议": "14.1%", "专著": "0%", "其他": "5.1%", "合作学者": {"吴可": "军事医学科学院放射医学研究所", "孙存普": "军事医学科学院放射医学研究所", "先宏": "军事医学科学院放射医学研究所", "王长振": "军事医学科学院放射与辐射医学研究所"}, "合作机构": {"军事医学科学院放射医学研究所": "294", "军事医学科学院放射与辐射医学研究所": "88", "北京放射医学研究所": "28", "空军航空医学研究所": "28", "吉林大学分析测试中心": "25", "解放军总医院": "20", "中国科学院生物物理研究所": "19", "吉林大学原子与分子物理研究所": "18", "中国辐射防护研究院": "17", "北京军区总医院": "15"}, "文章title": ["Effect of the tooth surface water on the accuracy of dose reconstructions in the X-band in vivo EPR dosimetry", "含碳酸根羟基磷灰石剂量计材料性能稳定性的实验研究", "The Application and Distribution of Magnetic Field Modulation in the Detection Apertures of X-band EPR Cavities for In Vivo Tooth Dosimetry", "用罗丹明B实现微波辐照下细胞水平温度的实时测量", "Calibration ruler for CW-EPR distance measurement using diradical molecule of rigid structure", "Comparison of Four X-Band TE111 Cavities for In Vivo ESR Tooth Dosimetry", "Application for in vivo monkey measurement (a) and acquired spectrum (b).", "Structure of TM010 mode cavity resonantor and operation foundations.", "Sketches of electromagnetic field configuration and surface current distribution of cylindrical TM010 mode cavity.", "The design of the coupling unit, coupling hole and aperture geometry.", "Relative signal intensity of DPPH sample against microwave power (square root or power) and modulation amplitude.", "Electromagnetic pulse reduces free radical generation in rat liver mitochondria in vitro.", "Tat Peptide-Mediated Soluble Expression of the Membrane Protein LSECtin-CRD in Escherichia coli", "Development of X-Band TE111 Mode ESR Cavity for In Vivo Tooth Dosimetry", "在体EPR专用磁场装置性能的改进", "在体剂量检测专用EPR数据采集与控制系统", "The mannose-binding activity of Tat-hLSECtin-CRD using mannose-agarose columns.", "An EPR Data Acquisition and Control System for In Vivo Tooth Dosimetry", "New Developed Cylindrical TM010 Mode EPR Cavity for X-Band In Vivo Tooth Dosimetry"], "学术ID": ["CN-BP742VJJ"]}