{"机构": "北京大学", "访问量": "430", "被引量": "217", "成果数": "68", "H_指数": "8", "G指数": "13", "期刊": "82.4%", "会议": "11.8%", "专著": "5.8%", "其他": "0%", "合作学者": {"唐健": "天津医科大学医学人文学院", "胡林英": "北京大学医学部医学伦理学教研室", "王明旭": "西安交通大学医学院", "谢广宽": "北京大学发展规划部"}, "合作机构": {"天津医科大学医学人文学院": "5", "北京大学医学部医学伦理学教研室": "3", "北京大学第三医院": "3", "北京大学医学部": "1", "台湾国立中央大学哲学研究所": "1", "北京大学发展规划部": "1", "中国社会科学院应用伦理研究中心": "1", "东北财经大学国际商务外语学院": "1", "西安交通大学医学院": "1", "北京大学": "1"}, "文章title": ["《日内瓦宣言》纵横谈", "医患关系再思考", "“共同决策”模式初探——以恶性肿瘤治疗为例", "人群流行病学研究的伦理审查", "写给研究者的“伦理委员会”", "“建构中国生命伦理学”十人笔谈", "恶性肿瘤最佳治疗决策的实证调查与伦理探讨", "Research Policy", "Research Policy", "医师职业精神与医院文化", "临床医学大数据的伦理问题初探", "Research Policies", "医学人文教育如何走向“靶向治疗”——记医学伦理学、医患沟通和医师职业教育研讨会", "缺席的送别，如水的怀念--追忆彭瑞骢书记", "公共卫生伦理核心价值探讨", "Research Policies", "China", "破题医学科研诚信"], "学术ID": ["CN-BR75IDJJ"]}