{"机构": "中国科学技术大学精密机械与精密仪器系", "访问量": "5788", "被引量": "3494", "成果数": "413", "H_指数": "28", "G指数": "49", "期刊": "58.6%", "会议": "30.8%", "专著": "6.5%", "其他": "4.1%", "合作学者": {"尚伟伟": "中国科学技术大学自动化系", "沈宏海": "中国科学院研究生院", "郑桦": "中国科学技术大学自动化系", "张耀欣": "中国科学技术大学自动化系"}, "合作机构": {"中国科学技术大学自动化系": "227", "中国科学技术大学": "17", "中国科学院研究生院": "14", "香港科技大学": "12", "西南科技大学信息工程学院": "12", "安徽省电气传动与控制重点实验室": "8", "中北大学计算机与控制工程学院": "6", "中国科学院长春光学精密机械与物理研究所": "4", "中国科学院系": "3", "中国科学技术大学精密机械与精密仪器系": "3"}, "文章title": ["Responsetothereviewers-3", "Two-qubit state recovery from amplitude damping based on weak measurement", "Dynamic trajectory planning for a spatial 3-DoF cable-suspended parallel robot", "Orbit consensus of quantum networks based on interaction design", "An Efficient and Fast Quantum State Estimator With Sparse Disturbance", "基于两步测量方法及其最少观测次数的任意量子纯态估计", "Hybrid reconstruction of quantum density matrix: when low-rank meets sparsity", "Fast algorithm of high-dimensional quantum state estimation via low measurement rates", "基于泡利测量的量子本征态估计最优测量配置集的构造方法", "Extension3-periodic-circle", "Extension2-periodic-line", "Extension1-point-to-point", "Trajectory2", "Trajectory1", "量子导航定位系统中的捕获和粗跟踪技术", "Trajectory3", "Bell state preparation based on switching between quantum system models", "Efficient reconstruction of density matrices for high dimensional quantum state tomography", "Moving obstacle avoidance of a 5-DOF robot manipulator by using repulsive vector"], "学术ID": ["CN-BE739D0J"]}