{"机构": "四川大学华西医院", "访问量": "3217", "被引量": "1917", "成果数": "245", "H_指数": "21", "G指数": "35", "期刊": "91.4%", "会议": "7.3%", "专著": "0%", "其他": "1.3%", "合作学者": {"曹云霞": "安徽医科大学第一附属医院", "魏兆莲": "安徽医科大学第一附属医院", "袁静": "安徽医科大学第一附属医院", "周平": "安徽医科大学第一附属医院"}, "合作机构": {"安徽医科大学第一附属医院": "657", "北京航空航天大学仪器科学与光电工程学院": "15", "安徽医科大学公共卫生学院": "12", "青岛大学医学院附属医院": "6", "中国科学院研究生院生命科学学院": "6", "合肥市第三人民医院": "4", "安徽医科大学护理学院": "3", "中国矿业大学(北京)化学与环境工程学院": "3", "郑州大学第一附属医院": "3", "四川大学华西医院": "2"}, "文章title": ["产科联合ICU救治232例危重孕产妇的资料分析", "核转录因子-κB与妊娠期糖尿病发病机制的研究", "孕前体质指数联合孕中期母血清学筛查及口服葡萄糖耐量试验对子痫前期的预测价值探讨", "磁共振在胎儿各系统异常诊断中的应用价值", "Effect of intrahepatic cholestasis of pregnancy on neonatal birth weight: a meta-analysis", "MMP-2及TIMP-2在复发性流产绒毛组织中的表达及意义", "特异性抑制转化生长因子β激活激酶1活性对妊娠期糖尿病孕妇外周血单核细胞炎症通路的影响", "甘露糖结合凝集素对妊娠期糖尿病孕妇外周血单个核细胞炎症因子的调节作用", "V-Loc??? 180 suture in total laparoscopic hysterectomy: a retrospective study comparing Polysorb to barbed suture used for vaginal cuff closure", "阜阳地区妊娠期亚临床甲减诊断标准和筛查策略的探讨", "多胎及多胎合并单绒毛膜双胎减胎后妊娠结局的分析", "不同方法治疗老年性阴道炎的临床效果评价", "髓样分化因子88在妊娠期糖尿病发病机制中的作用研究", "2例不同类型体蒂异常病例的产前诊断并文献复习", "10号染色体倒位的产前诊断及遗传分析1例", "先天性裂手裂足畸形相关研究", "TGA与LPS竞争抑制妊娠期糖尿病孕妇外周血单核细胞TLR4经典信号通路", "TLR4乙酰化对LPS-TLR4-NF-κB通路的影响及其在妊娠期糖尿病发病机制中的作用", "Effect of metformin pretreatment on pregnancy outcome of in vitro matured oocytes retrieved from women with polycystic ovary syndrome", "Effect of dietary approaches to stop hypertension diet plan on pregnancy outcome patients with gestational diabetes mellitus"]}