{"机构": "西北工业大学计算机学院", "访问量": "6202", "被引量": "2722", "成果数": "256", "H_指数": "26", "G指数": "49", "期刊": "53.1%", "会议": "23.4%", "专著": "0.4%", "其他": "23.1%", "合作学者": {"袁宜峰": "华东理工大学信息科学与工程学院", "吴勤勤": "华东理工大学", "马欣": "华东理工大学自动化系", "李京": "华东理工大学自控系"}, "合作机构": {"华东理工大学信息科学与工程学院": "86", "华东理工大学": "80", "华东理工大学自动化系": "42", "华东理工大学自动化研究所": "14", "华东理工大学自控系": "14", "华东理工大学生物反应器工程国家重点实验室": "11", "上海电机学院": "4", "海军航空工程学院青岛分院": "4", "常州大学信息科学与工程学院": "3", "西北工业大学计算机学院": "2"}, "文章title": ["Multi-stream service concurrent transmission method, subsystem, system and multi-interface terminal", "Method and apparatus for enabling M2M service and H2H service to coexist", "Method of data retransmission in collaborative service transmission and access network gateway thereof", "Method of data retransmission in collaborative service transmission and access network gateway thereof", "Mobility management method, device, system and computer storage medium", "Method and system for synchronous service-flow transmission in heterogeneous network", "Modbus/TCP多层访问控制过滤技术", "Adaptation, shunt transmission and stream switching method and system for coordinated service", "一种工业无线检测系统的设计与实现", "基于颜色与梯度布尔特征融合的图像显著性检测", "Authentication method and system oriented to heterogeneous network", "Procédé et dispositif pour authentifier un nœud central de sécurité dans une coopération de multiples terminaux", "基于STM32的移动多终端环境监测系统", "Method and device for authenticating security central node in multi-terminal cooperation", "Packet reordering analysis for concurrent multipath transfer", "Generalized Gaussian reference curve measurement model for high‐performance liquid chromatography with diode array detector separation and its solution by multi‐target intermittent particle swarm o...", "一种多终端协同过程中安全中心节点的认证方法及装置", "Adaptation, shunt transmission and stream switching method and system for coordinated service", "车用微型步进电机检测系统的设计与实现", "基于参考曲线模型和并行非线性最小二乘算法的HPLC-DAD数据分解"], "学术ID": ["CN-B074WOSJ"]}