{"机构": "金华职业技术学院", "访问量": "4586", "被引量": "2688", "成果数": "196", "H_指数": "26", "G指数": "46", "期刊": "91.8%", "会议": "7.1%", "专著": "0%", "其他": "1.1%", "合作学者": {"陈云敏": "浙江大学岩土工程研究所", "徐兴": "浙江大学", "黄博": "浙江大学岩土工程研究所", "胡琦": "浙江大学建筑工程学院"}, "合作机构": {"浙江大学岩土工程研究所": "142", "浙江大学软弱土与环境土工教育部重点实验室": "61", "浙江大学": "32", "浙江大学土木系": "21", "浙江大学建筑工程学院": "20", "浙江工业大学机电学院": "11", "浙江大学交通工程研究所": "6", "上海市政工程设计研究总院(集团)有限公司": "6", "浙江科技学院": "6", "金华职业技术学院": "5"}, "文章title": ["对月壤静力触探实验 FEM-DEM 多尺度耦合的模拟研究", "Analytical solution for the transient wave propagation of a buried cylindrical P-wave line source in a semi-infinite elastic medium with a fluid surface layer", "Threshold seismic energy and liquefaction distance limit during the 2008 Wenchuan earthquake", "FEM-DEM coupled modeling of cone penetration tests in lunar soil", "飞机主起落架移动荷载作用下道基动力响应分析", "SV波斜入射形成的动应力路径及影响因素分析", "Analysis of the dynamic stress path under obliquely incident P-waves and its influencing factors", "利用地震动强度指标评价场地液化的离心模型试验研究", "模拟月壤抗剪强度试验研究及离散元分析", "颗粒实际形状在PFC数值研究中的模拟方法", "瑞利阻尼物理本质及参数对动力响应的影响", "TJ-1模拟月壤颗粒几何特性", "模拟月壤颗粒形状特征及其对抗剪强度影响分析", "模拟月壤的抗剪强度特性", "Study on a calibration equation for soil water content in field tests using time domain reflectometry", "改进一步法模型及TDR自适应方法研究", "温度作用下机场跑道土基中水气运移规律分析", "蒙特卡洛法与有限元相结合分析边坡稳定性", "An analytical solution for the transient response of a semi-infinite elastic medium with a buried arbitrary cylindrical line source", "A semi-analytical solution for the transient response of one-dimensional unsaturated single-layer poroviscoelastic media"], "学术ID": ["CN-BF7344DJ"]}