{"机构": "辽宁省交通勘测设计院", "访问量": "784", "被引量": "510", "成果数": "76", "H_指数": "12", "G指数": "18", "期刊": "93.4%", "会议": "1.3%", "专著": "0%", "其他": "5.3%", "合作学者": {"沈本贤": "华东理工大学化工学院", "赵基钢": "华东理工大学化学工程联合国家重点实验室", "王强": "华东理工大学", "隆建": "华东理工大学化学工程联合国家重点实验室"}, "合作机构": {"华东理工大学化工学院": "78", "华东理工大学化学工程联合国家重点实验室": "27", "华东理工大学": "9", "中国石油化工股份有限公司": "8", "华东理工大学石油加工研究所": "7", "中国石化抚顺石油化工研究院": "5", "抚顺石油化工研究院": "4", "中国石化股份有限公司": "3", "成都理工大学油气藏地质及开发工程国家重点实验室": "3", "辽宁省交通勘测设计院": "2"}, "文章title": ["SBS改性浅色沥青胶结料的流变性能", "分壁精馏塔分离BTX开车过程的动态模拟", "Startup of Divided Wall Column for High Purity Separation of Aromatic Reformate", "Mechanism of reactive adsorption desulfurization over NiO/ZnO-AlO-SiOadsorbents", "强化Petlyuk分壁精馏塔分离四元混合醇的动态控制", "坚持石油化工特色 传承拓展 培养石油化工高素质人才——石油加工系59年人才培养改革与发展", "NiO／ZnO-Al2O3-SiO2吸附剂反应吸附脱硫机理", "分壁精馏塔分离四元醇体系的稳态研究", "钙改性NiO/ZnO-Al2O3-SiO2吸附剂成型后的反应吸附脱硫性能", "Temperature difference control of divided-wall column for separating aromatics", "乙醛酸法合成香兰素过程研究", "分壁精馏塔分离芳烃的温差控制", "钙改性NiO/ZnO-Al2O3-SiO2吸附剂反应吸附脱硫效果", "Kaibel分壁精馏塔分离芳烃的稳态和动态模拟", "煤基再生材料对老化沥青流变性能的影响", "分壁精馏塔分离石脑油芳烃抽提原料的模拟研究", "Steady-state behavior and control of Kaibel divided-wall column for aromatics separation", "分壁精馏塔分离芳烃的稳态及动态研究", "Steady state and dynamic control of divided-wall column for separating aromatics"], "学术ID": ["CN-BK75SNGJ"]}