{"机构": "福州大学", "访问量": "5137", "被引量": "1871", "成果数": "113", "H_指数": "24", "G指数": "40", "期刊": "92.9%", "会议": "7.1%", "专著": "0%", "其他": "0%", "合作学者": {"李鹏辉": "清华大学水利水电工程系", "胡昱": "清华大学水利水电工程系", "陈凤岐": "清华大学水利水电工程系", "张富德": "清华大学水利水电工程系"}, "合作机构": {"清华大学水利水电工程系": "112", "北京航空航天大学土木工程系": "8", "清华大学": "6", "河海大学土木工程学院": "6", "福州大学土木建筑工程学院": "6", "中国水利水电科学研究院": "5", "福州大学土建系": "4", "清华大学工程力学系": "4", "武汉水利电力大学": "3", "福州大学": "2"}, "文章title": ["软岩的渗流、温度与应力耦合及其应用", "The oxygen regime of gravel pits water in the area of Bratislava", "离散单元法中锚杆支护系统的模拟技术及实验验证", "渗流-三轴应力耦合试验机的研制", "碾压混凝土拱坝仿真设计与新结构", "碾压混凝土拱坝仿真设计与新结构", "单裂隙砂砾岩体变形规律研究", "多轴应力作用下砂砾岩单裂隙渗流规律试验研究", "三维应力作用下砂砾岩孔隙型渗流", "温度对软岩渗透系数影响的试验研究", "高面板堆石坝面板应力规律分析及改善应力状态的对策", "修建在砂砾岩地基上的拱坝应力分析", "软岩遇水软化膨胀特性及其对拱坝的影响", "溪柄碾压混凝土薄拱坝坝体渗漏处理", "混凝土热湿耦合数值计算中的参数拟合", "砂砾软岩室内化学灌浆试验系统的研制及应用", "混凝土温湿度耦合方程组的数值解法", "岩石渗流应力耦合特性研究", "砂砾软岩的极限承载力分析", "低渗透饱和岩石加载时体积弹模与孔隙液压的关系"], "学术ID": ["CN-BZ74DU3J"]}