{"机构": "济南大学文学院", "访问量": "906", "被引量": "557", "成果数": "105", "H_指数": "13", "G指数": "20", "期刊": "96.2%", "会议": "1%", "专著": "0%", "其他": "2.8%", "合作学者": {"石万鹏": "济南教育学院中文系", "潘晓生": "济南大学文学院", "唐欣": "济南大学文学院", "葛丽娟": "济南大学文学院"}, "合作机构": {"济南教育学院中文系": "6", "济南大学文学院": "5"}, "文章title": ["倾听内心 修复人性——赵剑云中短篇小说论", "论新世纪拐卖妇女叙事", "一部充满矛盾冲突的思辨之作——论张炜长篇小说《独药师》的多重主题意蕴", "论高校教师专业发展的路径设计", "论高校良性教学文化形成与高校教师教学发展", "1950—1970年代中国文学的男性想象", "打工妹的社会身份与自我主体建构——评东紫的长篇小说《好日子就要来了》", "论《极花》文本叙述的悖论与矛盾", "论《苦菜花》的女性成长主题与情爱主题", "简析王秀梅的长篇小说《一九三八年的铁》", "显微镜下的桃花源——东紫中短篇小说论", "长篇小说《老大》人物形象与叙事艺术探析", "拨开重重迷雾 走近历史断层——论长篇抗战小说《第五战区》", "论严歌苓长篇小说《妈阁是座城》", "我眼里就是这样的炉火——迟子建访谈", "落入尘世的精灵——论迟子建长篇小说《群山之巅》", "全球化与消费主义话语中的男性再现"], "学术ID": ["CN-BX7302YJ"]}