{"机构": "解放军302医院", "访问量": "6901", "被引量": "4271", "成果数": "424", "H_指数": "28", "G指数": "52", "期刊": "88.9%", "会议": "7.8%", "专著": "0.2%", "其他": "3.1%", "合作学者": {"杨明会": "解放军总医院", "李绍旦": "解放军总医院", "窦永起": "解放军总医院", "刁庆春": "重庆市第一人民医院"}, "合作机构": {"解放军总医院": "599", "重庆邮电大学生物信息学院": "92", "重庆市第一人民医院": "55", "成都中医药大学": "41", "中国人民解放军总医院": "35", "重庆市中医院": "27", "成都中医药大学药学院": "16", "兰州军区兰州总医院": "15", "北京中医药大学": "15", "解放军302医院": "14"}, "文章title": ["生物技术与制药大类实践教学质量监督管理研究", "用佛波酯诱导小鼠慢性炎症模型考察肤光方抗炎作用的研究", "Manipulation of intestinal dysbiosis by a bacterial mixture ameliorates loperamide-induced constipation in rats", "老年湿疹中医病证的问卷调查研究", "以结构和功能为主线的解剖生理学翻转课堂教学研究", "通心络改善心肌梗死模型大鼠左心室结构的机制研究", "通心络对大鼠心肌缺血再灌注损伤中肥大细胞脱颗粒诱导的炎症反应的作用机制", "补肾活血颗粒对帕金森病模型大鼠黑质NQO1和HO-1表达的影响", "补肾活血颗粒对帕金森病模型大鼠黑质BDNF和5-HT表达的影响", "细药灸条灼灸治疗慢性湿疹临床研究", "阿伐斯汀联合玉屏风颗粒治疗慢性荨麻疹临床研究", "中医辨证治疗阴虚湿滞型湿疹的随机对照试验", "补肾活血饮对帕金森病伴发抑郁模型大鼠脑内SOD、MDA的影响", "桑杏清营汤对放射性肺炎肺组织TGF-β1表达的影响研究", "中药防治肺动脉高压的研究进展", "Hemorheology index changes in a rat acute blood stasis model: a systematic review and meta-analysis", "METABOLIC CHANGES INDUCED BY BUSHENHUOXUE GRANULES ON STRIATUM AND SUBSTANTIA NIGRA IN A RAT MODEL OF PARKINSON’S DISEASE"], "学术ID": ["CN-BL75GVDJ"]}