{"机构": "华中理工大学计算机系", "访问量": "8047", "被引量": "3940", "成果数": "344", "H_指数": "33", "G指数": "47", "期刊": "81.1%", "会议": "14.5%", "专著": "4.1%", "其他": "0.3%", "合作学者": {"肖迎元": "华中科技大学计算机学院", "廖国琼": "华中科技大学计算机学院", "李国徽": "华中科技大学计算机科学与技术学院", "刘小峰": "华中科技大学计算机学院"}, "合作机构": {"华中科技大学计算机学院": "178", "华中科技大学计算机科学与技术学院": "90", "江西财经大学信息管理学院": "17", "北京师范大学信息科学与技术学院": "15", "东华大学计算机科学与技术学院": "14", "佛山科学技术学院理学院": "13", "华中科技大学软件学院": "13", "华中理工大学计算机科学与工程系": "12", "华中师范大学计算机科学系": "12", "华中理工大学计算机系": "10"}, "文章title": ["基于遗传算法的实时内存数据库查询优化", "A partition checkpoint strategy based on data segment priority", "A Recovery Approach for Real-Time Database Based on Transaction Fusion", "Maximizing energy utilization routing scheme in wireless sensor networks based on minimum hops algorithm ☆", "基于数据段优先级分区重装策略", "实时数据库系统", "A Sensor Transaction Scheduling Algorithm for Maintaining Real-Time Data Temporal Validity", "A Semi-Markov Evaluation Model for the Survivability of Real-Time Database with Intrusion Tolerance", "一种实时数据库服务质量管理策略", "入侵容忍实时数据库的半马尔可夫生存能力评价模型", "Scheduling queries with relative consistency constraints", "入侵容忍实时数据库的半马尔可夫生存能力评价模型", "支持向量机模型分类能力指标的统计分析", "基于μCLinux的操作系统实时性扩展和应用", "容忍入侵实时数据库系统的体系结构", "容忍入侵实时数据库系统的体系结构", "基于RTHAL的Linux实时性研究和实现", "Energy-Efficient Real-Time Routing in Wireless Sensor Networks", "嵌套事务模型下实时数据库故障处理策略", "支持嵌入式实时内存数据库的检验点策略及重做起点确定策略"], "学术ID": ["CN-BX75Q56J"]}