{"机构": "南京军区福州总医院", "访问量": "2239", "被引量": "1499", "成果数": "201", "H_指数": "21", "G指数": "27", "期刊": "74.1%", "会议": "21.4%", "专著": "2.5%", "其他": "2%", "合作学者": {"董秀珍": "第四军医大学生物医学工程系", "史学涛": "第四军医大学生物医学工程系", "付峰": "第四军医大学生物医学工程系", "尤富生": "第四军医大学生物医学工程系医学电子工程教研室"}, "合作机构": {"第四军医大学生物医学工程系": "699", "第四军医大学生物医学工程系医学电子工程教研室": "146", "第四军医大学生物医学工程学院": "24", "第四军医大学唐都医院": "16", "第四军医大学生理学教研室": "10", "第四军医大学西京医院": "5", "北京大学医学同位素研究中心": "4", "第三军医大学西南医院": "3", "第四军医大学微生物学教研室": "2", "南京军区福州总医院": "2"}, "文章title": ["阻尼最小二乘重构算法对颅内局灶性双向电阻抗扰动目标辨识能力的评价研究", "Electrical impedance detecting device of portable electrical impedance imaging system and detecting method thereof", "High-Precision Electrical Impedance Tomography Data Acquisition System for Brain Imaging", "基于双波长减影算法的X射线发光成像研究", "生物医学工程专业课程建设流程分析", "Design and implementation of a high-precision electrical impedance tomography data acquisition system for brain imaging", "浅谈《数字信号处理》课程个性化教学模式", "Static imaging of the electrical impedance tomography on cylinder physical phantom", "基于电阻抗成像技术实时监测小猪肺出血模型的实验研究", "生物组织的磁感应断层成像研究", "一种生物组织介电特性特征参数快速拟合方法", "HIGH-PRECISION DATA COLLECTION SYSTEM FOR ELECTRICAL IMPEDANCE IMAGING", "基于数字信号处理器的磁感应断层成像相位解调的初步研究", "Comparison of the Forward Problem Computation of Magnetic Induction Tomography on Two Kinds of 3D Brain Numerical Model", "军事生物医学工程创新人才培养模式初探", "一种基于FPGA控制的多路并行数据采集设计方法", "Real-time imaging of cerebral infarction in rabbits using electrical impedance tomography", "Broadband Self-Calibration Measuring Probe in Multi-Frequency Electrical Impedance Scanning System for Breast Cancer Detection"], "学术ID": ["CN-B975LV7J"]}