{"机构": "武汉理工大学", "访问量": "391", "被引量": "191", "成果数": "26", "H_指数": "8", "G指数": "13", "期刊": "96.2%", "会议": "3.8%", "专著": "0%", "其他": "0%", "合作学者": {"林劼": "电子科技大学计算机科学与工程学院", "兰景英": "电子科技大学计算机科学与工程学院", "蒋鹏": "杭州电子科技大学信息与控制研究所", "刘均": "大庆石油学院电气信息工程学院"}, "合作机构": {"电子科技大学计算机科学与工程学院": "4", "重庆交通大学应用技术学院": "1", "杭州电子科技大学信息与控制研究所": "1", "江西理工大学应用科学学院": "1", "四川教育学院": "1", "大庆石油学院电气信息工程学院": "1", "武汉理工大学": "1"}, "文章title": ["基于主机的全民医疗保障系统的设计", "\"大型机操作系统概述\"的教学模式探讨", "基于创新实践的大型主机人才培养模式探索", "主机DB2数据库课程的教学改革", "异步远程复制协议的传播机制研究", "COBOL语言编程能力的培养", "神经网络算法在电力设备状态评估系统中的应用", "基于心电信号的实时多显示系统设计与实现", "Linux嵌入式系统根文件系统的选择与制作", "安全控制管理中心实现GSM安全通信", "改进型重复Wiener滤波/PUM模型--实现抗噪连续语音识别", "基于COM┼/DCOM的三层体系结构", "一种单片机通用开发平台的设计与实现", "PKI中RA的功能模型及一种实现方式", "几种秘密广播技术的分析", "一种新的抗噪语音识别方法", "COM/DCOM技术及应用", "集中式银证通系统中双向交易的设计与实现"], "学术ID": ["CN-B775FRLJ"]}