{"机构": "中国科学技术大学计算机科学与技术系", "访问量": "1745", "被引量": "755", "成果数": "108", "H_指数": "13", "G指数": "24", "期刊": "66.7%", "会议": "25.9%", "专著": "4.6%", "其他": "2.8%", "合作学者": {"陈恩红": "中国科学技术大学计算机系", "蔡庆生": "中国科学技术大学计算机系", "陈小平": "中国科学技术大学计算机系", "汪中": "中国电子科技集团公司"}, "合作机构": {"中国科学技术大学计算机系": "88", "温州医学院附属第二医院": "14", "中国科学技术大学计算机科学技术系": "9", "重庆医科大学附属儿童医院": "9", "中国电子科技集团公司": "7", "中国科学技术大学": "6", "苏州大学计算机科学与技术学院": "5", "中国科技大学计算机科学与技术系": "5", "昆明理工大学信息工程与自动化学院": "4", "中国科学技术大学计算机科学与技术系": "4"}, "文章title": ["Robust Mapping Learning for Multi-view Multi-label Classification with Missing Labels", "LBSN上基于兴趣圈中社会关系挖掘的推荐算法", "Incorporating User Preferences Across Multiple Topics into Collaborative Filtering for Personalized Merchant Recommendation", "Robust Mapping Learning for Multi-view Multi-label Classification with Missing Labels", "Social User Profiling: A Social-Aware Topic Modeling Perspective", "Incorporating User Preferences Across Multiple Topics into Collaborative Filtering for Personalized Merchant Recommendation", "Social User Profiling: A Social-Aware Topic Modeling Perspective", "Unsupervised Expert Finding in Social Network for Personalized Recommendation", "UPCA: An efficient URL-Pattern based algorithm for accurate web page classification", "推荐系统中一种高效的攻击块挖掘算法", "安全高效无证书有序多重签名方案", "Unsupervised Expert Finding in Social Network for Personalized Recommendation", "CoSoLoRec: Joint Factor Model with Content, Social, Location for Heterogeneous Point-of-Interest Recommendation", "Modeling User Mobility via User Psychological and Geographical Behaviors Towards Point of-Interest Recommendation", "CoSoLoRec: Joint Factor Model with Content, Social, Location for Heterogeneous Point-of-Interest Recommendation", "CoSoLoRec: Joint Factor Model with Content, Social, Location for Heterogeneous Point-of-Interest Recommendation.", "Modeling User Mobility via User Psychological and Geographical Behaviors Towards Point of-Interest Recommendation", "Fast Incremental Learning Method for Pedestrian Detection", "基于HOG与LBP特征的人脸识别方法", "一种基于类别不平衡数据的层次分类模型"], "学术ID": ["CN-BT75LZRJ"]}