{"机构": "西南财经大学图书馆", "访问量": "194", "被引量": "89", "成果数": "39", "H_指数": "4", "G指数": "8", "期刊": "79.5%", "会议": "10.3%", "专著": "10.2%", "其他": "0%", "合作学者": {"刘金石": "西南财经大学经济学院", "方行明": "西南财经大学经济研究所", "张建君": "中共甘肃省委党校", "蒋海曦": "四川大学经济学院"}, "合作机构": {"西南财经大学经济学院": "10", "西南财经大学": "3", "成都师范学院": "2", "西南财经大学经济研究所": "2", "中共甘肃省委党校": "2", "四川大学经济学院": "2", "国家税务总局": "1", "西南财经大学图书馆": "1"}, "文章title": ["刘诗白教授访谈录", "唐庆增的工商业发展思想", "中国企业节能减排的根本途径解析——基于经济学的视角", "西南财经大学早期马克思主义经济学家学术成就述评", "陈豹隐对马克思主义经济理论的贡献及启示", "中国特色社会主义核心价值观的思想文化探源及其经济学分析", "如何进一步推动四川非公有制经济发展？", "“以粮为纲”的思想渊源及其评判", "中国特色城镇化道路研究述评", "中国特色城镇化道路研究述评", "著名经济学家陈豹隐教授简介", "从家庭养老向社会养老的转变中促进人的自由与发展", "从家庭养老向社会养老的转变中促进人的自由与发展", "刘诗白经济思想研讨会综述", "西南财经大学早期马克思主义经济学家学术成就述评", "从政治经济学的视角认识近代中国官僚资本", "中国社会经济形态演进中人的发展", "中国西部工业发展报告（2012）", "中国《资本论》研究会第15次学术年会综述", "论政治经济学的发展方向：见物更要见人"], "学术ID": ["CN-B274G20J"]}