{"机构": "国网浙江长兴县供电公司", "访问量": "2399", "被引量": "1451", "成果数": "107", "H_指数": "22", "G指数": "33", "期刊": "94.4%", "会议": "3.7%", "专著": "0%", "其他": "1.9%", "合作学者": {"张志勇": "江苏省食品质量安全重点实验室农业部食品安全监控重...", "严少华": "江苏省农业科学院农业资源与环境研究所", "张迎颖": "江苏省农业科学院农业资源与环境研究所", "闻学政": "江苏省农业科学院农业资源与环境研究所"}, "合作机构": {"江苏省农业科学院农业资源与环境研究所": "250", "江苏省食品质量安全重点实验室农业部食品安全监控重点开放实验室": "64", "江苏省农业科学院土壤肥料研究所": "25", "中国科学院南京地理与湖泊研究所湖泊与环境国家重点实验室": "12", "江苏省农业科学院": "10", "昆明市滇池生态研究所": "10", "鲁东大学地理与规划学院": "7", "华东师范大学资源与环境学院": "7", "江苏省农科院土肥所": "6", "国网浙江长兴县供电公司": "5"}, "文章title": ["4种水生植物深度净化村镇生活污水厂尾水效果研究", "Improving water quality and balance of nitrogen and phosphorus in Dianchi lake based on ecological restoration with Eichhornia crassipes.", "凤眼莲生态修复工程改善滇池水质及湖体氮磷收支平衡", "不同污染负荷下浮水植物对水体营养盐的去除及生理响应", "富营养化水体生态修复技术中凤眼莲与磷素的互作机制", "水葫芦修复污染水体的功能及其在工程应用中所面临的挑战", "生物有机肥农田施用技术分析", "Efficient assimilation of cyanobacterial nitrogen by water hyacinth", "Bioremediation of Eutrophic Water by the Controlled Cultivation of Water Hyacinths", "Fenced cultivation of water hyacinth for cyanobacterial bloom control", "Effects of engineered application of Eichhornia crassipes on the benthic macroinvertebrate diversity in Lake Dianchi, an ultra-eutrophic lake in China", "Site test of phytoremediation of an open pond contaminated with domestic sewage using water hyacinth and water lettuce", "大水面控养条件下水葫芦与浮游藻类间的相互作用", "凤眼莲天敌——地老虎", "凤眼莲修复系统中磷去除途径及其对底泥磷释放的影响", "两种漂浮植物的生长特性及其水质净化作用", "Effects of confined growth of Eichhornia crassipes on water quality of the enclosed water in the north of Waihai of Dianchi Lake", "滇池外海规模化控养水葫芦局部死亡原因分析", "养猪发酵床垫料有机肥对辣椒产量及土壤微生物多样性的影响", "Analysis on the content of nitrogen and phosphorus in root exfoliation of water hyacinth (Eichhornia crassipes)."]}