{"机构": "中国地震局", "访问量": "3705", "被引量": "2688", "成果数": "397", "H_指数": "24", "G指数": "37", "期刊": "65%", "会议": "28.2%", "专著": "5.8%", "其他": "1%", "合作学者": {"周祖德": "华中科技大学机械科学与工程学院", "艾青松": "武汉理工大学", "徐文君": "武汉理工大学信息工程学院", "李方敏": "武汉理工大学信息工程学院"}, "合作机构": {"武汉理工大学信息工程学院": "184", "华中科技大学机械科学与工程学院": "146", "武汉理工大学": "79", "四川大学华西医院": "9", "武汉理工大学交通学院": "9", "武汉理工大学机电工程学院": "8", "武汉工业大学材料复合新技术国家重点实验室": "8", "空军雷达学院微波工程系": "7", "吉林大学第一医院": "5", "中国地震局": "5"}, "文章title": ["Disturbance-Estimated Adaptive Backstepping Sliding Mode Control of a Pneumatic Muscles-Driven Ankle Rehabilitation Robot", "High-speed interrogation system of multi-encoding weak FBGs based on FDML wavelength swept laser", "Frontal EEG Temporal and Spectral Dynamics Similarity Analysis between Propofol and Desflurane Induced Anesthesia Using Hilbert-Huang Transform", "Disassembly sequence planning: Recent developments and future trends", "An improved multi-objective discrete bees algorithm for robotic disassembly line balancing problem in remanufacturing", "A function block based cyber-physical production system for physical human–robot interaction", "Sensorless and Adaptive Admittance Control of Industrial Robot in Physical Human-Robot Interaction", "On-demand ecology-inspired spectrum allocation mechanism for heterogeneous cognitive radio networks", "Multi-layer based multi-path routing algorithm for maximizing spectrum availability", "Feature Selection for Motor Imagery EEG Classification Based on Firefly Algorithm and Learning Automata", "Mirror-image-based disjoint multi-paths routing algorithm for maximizing communication efficiency", "Design and realization of 12-lead electrocardiosignal acquisition and processing system", "Impedance Control of a Pneumatic Muscles-Driven Ankle Rehabilitation Robot", "Fuzzy PD-Type Iterative Learning Control of a Single Pneumatic Muscle Actuator", "Impedance Control of a Pneumatic Muscles-Driven Ankle Rehabilitation Robot", "Dynamic and unified modelling of sustainable manufacturing capability for industrial robots in cloud manufacturing", "Compliance adaptation of an intrinsically soft ankle rehabilitation robot driven by pneumatic muscles", "Intelligent condition perception network towards sustainable manufacturing capability for manufacturing systems", "Online machine health prognostics based on modified duration-dependent hidden semi-Markov model and high-order particle filtering"], "学术ID": ["CN-BO74Y4SJ"]}