{"机构": "内蒙古呼伦贝尔市气象局", "访问量": "4105", "被引量": "3362", "成果数": "162", "H_指数": "25", "G指数": "56", "期刊": "58.6%", "会议": "35.8%", "专著": "1.2%", "其他": "4.4%", "合作学者": {"于尔铿": "中国电力科学研究院", "蒲天骄": "中国电力科学研究院", "周京阳": "中国电力科学研究院", "夏祖治": "能源部电力科学研究院"}, "合作机构": {"中国电力科学研究院": "120", "哈尔滨工业大学": "14", "天津大学电气与自动化工程学院": "10", "能源部电力科学研究院": "10", "华北电力大学电气与电子工程学院": "9", "中国移动通信有限公司": "9", "北京邮电大学无线新技术研究所": "8", "华中电力调度通信局": "8", "电力部电力科学研究院": "6", "内蒙古呼伦贝尔市气象局": "5"}, "文章title": ["Cluster-Based Best Match Scanning for Large-Scale Missing Data Imputation", "Good Consumer or Bad Consumer: Economic Information Revealed from Demand Profiles", "特约主编寄语", "基于柔性直流分区互联的受端城市电网无功电压控制策略", "Topology Modeling and Analysis of a Power Grid Network Using a Graph Database", "Graph Computation and Its Applications in Smart Grid", "Smart Meter Data Analytics Based on Modified Streaming k-Means", "Research on Chinese Address Resolution and Standardization in Power Big Data", "Economic information from Smart Meter: Nexus Between Demand Profile and Electricity Retail Price Between Demand Profile and Electricity Retail Price", "智能电网大数据的特点、应用场景与分析平台", "多采样周期混合量测环境下的主动配电网状态估计方法", "应用智能电网统一数据模型的大数据应用架构及其实践", "云雾协同优化控制和软件定义应用技术", "主动配电网中分布式发电系统接入技术及其进展", "A coordinative planning framework for cyber-power distribution system", "A New Smart Grid Control and Operation Concept - Autonomic Power System", "Coordinated Volt-VAR control in active distribution systems for renewable energy integration", "Technologies and Its Trends of Grid Integration of Distributed Generation in Active Distribution Network", "Data-driven distributed analytics and control platform for smart grid situational awareness", "State estimation for active distribution networks basedon multisource hybrid measurements"], "学术ID": ["CN-B575CW2J"]}