{"机构": "山东大学齐鲁医院", "访问量": "324", "被引量": "120", "成果数": "50", "H_指数": "6", "G指数": "9", "期刊": "88%", "会议": "12%", "专著": "0%", "其他": "0%", "合作学者": {"李香铁": "济南军区总医院", "刘少鸽": "济南军区总医院", "李慎勤": "济南军区总医院", "张爱民": "济南军区总医院"}, "合作机构": {"济南军区总医院": "231", "山东黄河医院": "2", "华中科技大学同济医学院附属同济医院": "2", "济宁医学院": "1", "解放军第88医院": "1", "河南省南阳市第二人民医院": "1", "广东省佛山市第一人民医院": "1", "山东大学齐鲁医院": "1"}, "文章title": ["肾移植术后侵袭性肺部真菌感染的诊治", "肾移植术后侵袭性肺曲霉感染15例临床诊治", "经尿道前列腺等离子体双极电切术治疗良性前列腺增生的疗效和安全性分析", "左肾积水进行性加重3a", "肾移植后下肢深静脉血栓2例", "肾移植术后下肢深静脉血栓2例报告", "腹腔镜辅助小切口亲属活体供肾切除术", "十年同一单位1160例肾移植输尿管并发症23例回顾性分析", "腹腔镜辅助小切口亲属活体供肾切取术", "肾移植术后并发恶性肿瘤17例报告", "氟康唑治疗肾移植术后肺部真菌感染", "腹腔镜双侧肾蒂淋巴管结扎术治疗乳糜尿", "改良胰液空肠引流式胰肾一期联合移植一例", "高群体反应性抗体患者致敏因素分析", "赛尼哌诱导治疗高PRA肾移植患者的临床研究", "高PRA患者致敏因素的分析", "肾移植术后恶性肿瘤15例报告", "根治性膀胱肿瘤电切术(附8例报告)", "胰液空肠引流式全胰十二指肠肾一期联合移植（病例报告及文献复习）", "肾移植患者HLA配型的分析"]}