{"机构": "中国科学院中一法生物矿化与纳米结构联合实验室", "访问量": "798", "被引量": "391", "成果数": "32", "H_指数": "10", "G指数": "19", "期刊": "90.6%", "会议": "9.4%", "专著": "0%", "其他": "0%", "合作学者": {"吴泉源": "国防科技大学计算机学院", "李颖": "中国农业大学生物学院", "尹刚": "国防科学技术大学计算机学院", "谢冰": "北京大学信息科学技术学院软件研究所"}, "合作机构": {"国防科技大学计算机学院": "21", "中国农业大学生物学院": "9", "武汉工程大学化工与制药学院": "2", "北京大学信息科学技术学院软件研究所": "2", "北京航空航天大学计算机学院": "2", "国防科学技术大学计算机学院": "2", "中国电子设备系统工程公司": "2", "西安科技大学建筑与土木工程学院": "1", "湖南商学院": "1", "中国科学院中一法生物矿化与纳米结构联合实验室": "1"}, "文章title": ["基于网络的可信软件大规模协同开发与演化", "Research on network-based large-scale collaborative development and evolution of trustworthy software", "Fur in Magnetospirillum gryphiswaldense Influences Magnetosomes Formation and Directly Regulates the Genes Involved in Iron and Oxygen Metabolism", "Deletion of the ftsZ-like gene results in the production of superparamagnetic magnetite magnetosomes in Magnetospirillum gryphiswaldense.", "A mutation upstream of an ATPase gene significantly increases magnetosome production in Magnetospirillum gryphiswaldense.", "以业务流程管理的思想提升电力企业协同管理能力", "服务总线支持Pub—Sub模式的路由研究", "基于服务集成中间件的电力应用整合框架", "消息代理中间件的SOAP协议扩展机制研究", "基于主题地图的构件库导航系统", "快速构建网络应用利器", "基于CORBA的网络安全综合监管中间件平台", "数据集成体系架构及其实现框架研究", "一种多实例工作流模式的解决方案", "利用中间件构建网络应用", "企业数据集成模型的研究", "消息代理的设计和实现", "统一数据视图的研究与实现", "基于分布对象技术的企业级信息处理系统的设计与实现"], "学术ID": ["CN-BN74CSAJ"]}