{"机构": "辽宁师范大学生命科学学院", "访问量": "463", "被引量": "155", "成果数": "39", "H_指数": "8", "G指数": "12", "期刊": "92.3%", "会议": "5.1%", "专著": "0%", "其他": "2.6%", "合作学者": {"宁阳": "中国人民大学马克思主义学院", "宋扬": "辽宁师范大学生命科学学院"}, "合作机构": {"中国人民大学马克思主义学院": "3", "辽宁师范大学生命科学学院": "1"}, "文章title": ["“颠倒的”“遮蔽矛盾的”意识形态——基于《德意志意识形态》（费尔巴哈章）的文本解读", "论对待马克思思想的科学态度", "论中华民族精神的两次现代转换及中国精神的深层基础", "国内休闲教育研究状况评述:以中国知网文献检索结果为主的分析", "论习近平治国理政思想的时代价值", "马克思的伟人品格及其现实启示", "唯物史观主体实践的多元基础及其当代价值探析", "波普尔国家权力观批判", "20世纪西方学者社会主义批判史演进轨迹初探", "以社会主义核心价值观化解社会转型期价值观冲突", "“休闲教育”研究专题主持人语", "现代社会视域下坚持群众路线问题的思考", "福山的历史发展根本动力思想批判", "哈耶克对社会主义计划经济批判的批判", "布热津斯基社会主义批判五大观点的批判研究述评", "中国文化发展和繁荣的两大重点——基于西方近代社会转型经验的思考", "马克思两大发现的休闲逻辑基础——代为《唯物史观视域中的休闲:享受和发展》一书序言", "青年学生信仰危机与和谐社会建设问题研究述评", "近十年来国内休闲旅游研究述评", "人文雷锋精神是助推和谐社会建设的宝贵思想财富"], "学术ID": ["CN-B775CWKJ"]}