{"机构": "中山大学干细胞与组织工程研究中心", "访问量": "1360", "被引量": "1104", "成果数": "234", "H_指数": "13", "G指数": "27", "期刊": "87.2%", "会议": "11.1%", "专著": "0%", "其他": "1.7%", "合作学者": {"陈璘": "中山大学附属第三医院", "罗艳婷": "中山大学附属第三医院", "赵长林": "中山大学附属第三医院", "钱孝贤": "中山大学附属第三医院"}, "合作机构": {"中山大学附属第三医院": "621", "中山医科大学附属第三医院": "39", "第三军医大学新桥医院": "36", "安徽省立医院": "23", "中山大学中西医结合研究所": "20", "成都军区总医院": "8", "第三军医大学基础医学部细胞生物学教研室": "6", "中国医学科学院中国协和医科大学北京协和医院": "6", "广州医学院附属第二医院": "6", "中山大学干细胞与组织工程研究中心": "5"}, "文章title": ["Immunogenicity and Safety of a Chemically Synthesized Divalent Group A Streptococcal Vaccine.", "A组链球菌疫苗研究进展", "学会用电子血压计测血压", "GW28-e0375 Rosuvastatin improves CRP-induced reendothelialization of late endothelial progenitor cells by repairing RAGE/ eNOS signaling pathway", "GW28-e0403 Cystatin C as a predictor of the adverse clinical outcome in patients with suspected acute myocarditis", "The association between plasma homocysteine and ambulatory blood pressure variability in patients with untreated hypertension", "Prevalence of sleep-disordered breathing in acute coronary syndrome: a systemic review and meta-analysis", "AMPK/SIRT1/NF-κB通路在糖尿病心肌病中的作用", "The prognostic value of exercise-induced ventricular arrhythmias in patients with and without coronary artery disease: A meta-analysis", "Gender Differences in Types and Frequencies of Coronary Artery Anomalies and Myocardial Bridge in 10,457 Chinese Undergoing 320-Slice Computed Tomography", "Rosuvastatin enhances reendothelialization of endothelial outgrowth cells induced by C-reactive protein through regulating receptor for advanced glycation end products", "Effect of potassium supplementation on vascular function: A meta-analysis of randomized controlled trials", "Critical appraisal of international guidelines on chronic heart failure: Can China AGREE?", "瑞舒伐他汀通过抑制晚期糖基化终末产物受体改善晚期内皮祖细胞再内皮化功能", "PARADIGM-HF试验及其重要的临床意义", "迎接联合调脂时代的到来", "依折麦布联合辛伐他汀治疗急性冠状动脉综合征", "GW26-e1576 The Association between Frequent Premature Ventricular Contractions and the Left Ventricular Function of Late Pregnant Women", "GW26-e1305 Platelet aggregation influenced by the loading-dose of multiple anti-platelet therapy in patients with acute myocardial infarction"], "学术ID": ["CN-BG742JVJ"]}