{"机构": "中国科学院高能物理研究所", "访问量": "3047", "被引量": "1973", "成果数": "166", "H_指数": "23", "G指数": "34", "期刊": "93.4%", "会议": "1.8%", "专著": "1.2%", "其他": "3.6%", "合作学者": {"吴秀杰": "中国科学院古脊椎动物与古人类研究所", "邢松": "中国科学院古脊椎动物与古人类研究所", "张银运": "中国科学院古脊椎动物与古人类研究所", "裴树文": "中国科学院古脊椎动物与古人类研究所"}, "合作机构": {"中国科学院古脊椎动物与古人类研究所": "199", "湖北省文物考古研究所": "18", "云南省文物考古研究所": "13", "吉林大学边疆考古研究中心": "11", "安徽省博物馆": "10", "北京大学口腔医学院正畸科": "10", "中国地震局": "7", "华南师范大学地理科学学院": "5", "安徽省文物考古研究所": "4", "中国科学院高能物理研究所": "4"}, "文章title": ["殷墟青铜时代人群颅骨表型的数量遗传学分析", "Magnetostratigraphic dating of the hominin occupation of Bailong Cave, central China:", "安徽东至华龙洞洞穴发育与古人类生存环境", "Late Pleistocene archaic human crania from Xuchang, China", "现代中国人颞骨乳突后部的形态变异", "Early Pleistocene hominin deciduous teeth from the Homo antecessor Gran Dolina‐TD6 bearing level (Sierra de Atapuerca, Spain)", "Homo sapiens in the Eastern Asian Late Pleistocene", "A mandible from the Middle Pleistocene Hexian site and its significance in relation to the variability of Asian Homo erectus", "贵州兴义猫猫洞更新世晚期人类牙齿釉质崩裂痕迹", "Hominin teeth from the Middle Pleistocene site of Yiyuan, Eastern China", "中国古代人群头骨的若干赤道人种特征检测", "Craniometric examination of Longxian and Qi Li Cun archaeological sites to assess population continuity in ancient northern China", "现代人的出现与扩散——中国的化石证据", "现代人在中国的出现与演化:研究进展", "A “source and sink” model for East Asia? Preliminary approach through the dental evidence", "湖南省道县发现东亚最早的现代人化石", "瑞典乌布萨拉大学博物馆藏品中新发现北京人牙齿化石", "The earliest unequivocally modern humans in southern China", "New dating of the Homo erectus cranium from Lantian (Gongwangling), China", "Hominin teeth from the early Late Pleistocene site of Xujiayao, Northern China"]}