{"机构": "华中科技大学同济医学院", "访问量": "102", "被引量": "61", "成果数": "29", "H_指数": "5", "G指数": "7", "期刊": "96.6%", "会议": "3.4%", "专著": "0%", "其他": "0%", "合作学者": {"徐静雯": "武汉大学软件工程国家重点实验室", "李元香": "武汉大学软件工程国家重点实验室", "张哲华": "武汉大学物理系", "李白文": "中国科学院武汉物理研究所波谱与原子分子物理开放研..."}, "合作机构": {"武汉大学软件工程国家重点实验室": "24", "武汉大学物理系": "8", "中国科学院武汉物理研究所波谱与原子分子物理开放研究实验室": "7", "武汉大学物理科学与技术学院": "4", "中国科学院物理研究所": "3", "复旦大学物理系": "1", "西安工程大学纺织与材料学院": "1", "聚光科技(杭州)股份有限公司": "1", "华中科技大学同济医学院": "1"}, "文章title": ["The realization of a fast and effective optimization method on atomic structure", "在Internet上构建《量子力学与原子物理学》网络课程的Web站点的创作与设计", "H-与He外场特性的演化求解", "内陷在C60中的氢原子的性质", "促进远程网络教学的发展，实现实时教学与资源共享——《量子力学原子物理学》网络课程Web站点简介", "海森堡的矩阵力学与薛定谔的波动力学", "在《量子力学》习题课上开发学生的多种思维模式", "Using an evolutionary algorithm based on cell division operation to calculate ground-state energies of double-electron systems in magnetic fields", "二电子系列关联能的并行计算", "用演化算法优化变分参数", "用演化算法计算磁场B≤10^9G中二电子体系的基态能", "采用B样条计算量子点量子阱中氢原子能谱", "USING EVOLUTIONARY ALGORITHM TO CALCULATE THE GROUND-STATE ENERGY OF DOUBLE-ELECTRON ATOMS IN A UNIFORM MAGNETIC FIELD (B≤ 109G)", "Cell Evolutionary Algorithm: a New Optimization Method on Ground-State Energy of the Atomic", "用演化算法研究二电子原子(离子)的外场特性", "Using evolutionary algorithm for calculating the groundstate energy of double-electron system in a uniform magnetic field below 10(9) G", "氢负离子H~-基态关联能的研究", "The Calculation of Ground State Energies of Double-Electron Systems in an Uniform Magnetic Field below 10~9 G", "A New Method for Calculations of Two-Electron Systems in Magnetic Field", "The parallel calculation of the ground-state correlation energy of Helium atom"], "学术ID": ["CN-B574OAWJ"]}