{"机构": "中冶集团建筑研究总院", "访问量": "8223", "被引量": "5914", "成果数": "218", "H_指数": "34", "G指数": "73", "期刊": "81.2%", "会议": "16.5%", "专著": "0.5%", "其他": "1.8%", "合作学者": {"刘阳冰": "清华大学土木工程系", "刘祥庆": "清华大学土木工程系", "杜修力": "北京工业大学城市与工程安全减灾省部共建教育部重点实验室", "杜义欣": "中国建筑科学研究院"}, "合作机构": {"清华大学土木工程系": "191", "北京工业大学城市与工程安全减灾省部共建教育部重点实验室": "37", "中国建筑科学研究院": "23", "清华大学": "22", "北京工业大学城市与工程安全减灾教育部重点实验室": "16", "福州大学土木工程学院": "13", "总参工程兵科研三所": "13", "北京星胜建筑工程设计有限公司": "12", "海军工程设计研究局": "8", "中冶集团建筑研究总院": "6"}, "文章title": ["STUDY ON THREE-DIMENSIONAL STRENGTH CRITERION FOR ROCKS", "Wind, wave and earthquake responses of offshore wind turbine on monopile foundation in clay", "An Elasto-Plastic Damage Model for Rocks Based on a New Nonlinear Strength Criterion", "地下结构地震反应分析中人工边界条件和地震波动输入方法对比研究", "土-结构动力相互作用分析中基于人工边界子结构的地震波动输入方法", "Simplified evaluation of earthquake-induced hydrodynamic pressure on circular tapered cylinders surrounded by water", "DYNAMIC ANALYSIS OF ANNULAR LIQUID CONTAINERS", "环形含液容器动力分析", "A theoretical method to determine the tortuous crack length and the mechanical parameters of concrete in direct tension—a particle size effect analysis", "考虑流-固耦合效应的含液容器动力响应有限元分析方法", "地下结构地震反应分析中人工边界条件和地震波动输入方法对比研究", "双钢板-混凝土组合墙局部屈曲性能试验", "Experimental Research on Out-of-Plane Cyclic Behavior of Steel-Plate Composite Walls", "Buckling behavior of double-skin composite walls: An experimental and modeling study", "飞机撞击建(构)筑物研究进展", "商用飞机撞击核电站屏蔽厂房数值模拟", "飞机撞击荷载计算模型中压溃力选取分析", "EphrinB1 expression is dysregulated and promotes oncogenic signaling in medulloblastoma", "The shock and impacting load simulation of the nuclear power plant crashed by the aircraft"], "学术ID": ["CN-BM732AYJ"]}