{"机构": "弱光非线性光子学材料先进技术及制备教育部实验室", "访问量": "1142", "被引量": "816", "成果数": "64", "H_指数": "17", "G指数": "27", "期刊": "90.6%", "会议": "6.3%", "专著": "0%", "其他": "3.1%", "合作学者": {"孔勇发": "南开大学光电材料研发中心", "许京军": "南开大学弱光非线性光子学材料先进技术及制备教育部...", "陈绍林": "南开大学物理科学学院", "张玲": "南开大学"}, "合作机构": {"南开大学物理科学学院": "104", "南开大学光电材料研发中心": "71", "南开大学弱光非线性光子学材料先进技术及制备教育部重点实验室": "53", "南开大学": "34", "重庆医科大学附属第二医院": "11", "Romano": "9", "南开大学物理系": "8", "河北工业大学材料科学与工程学院": "7", "海南省人民医院": "5", "弱光非线性光子学材料先进技术及制备教育部实验室": "4"}, "文章title": ["Room temperature 90° phase-matching in zirconium and magnesium co-doped lithium niobate crystals.", "Progress on electro-optic crystals for Q-switches", "电光调Q晶体研究进展", "Improvement in the Photorefractive Response Speed and Mechanism of Pure Congruent Lithium Niobate Crystals by Increasing the Polarization Current", "BISMUTH AND MAGNESIUM CO-DOPED LITHIUM NIOBATE CRYSTAL, PREPARATION METHOD THEREOF AND APPLICATION THEREOF", "Fabrication of p-type lithium niobate crystals by molybdenum doping and polarization", "Twin defects in thick stoichiometric lithium tantalate crystals prepared by a vapor transport equilibration method", "Growth, Properties, and Theoretical Analysis of KBa2(PO3)5 Single Crystal", "掺氮铌酸锂薄膜的制备及基本物性研究", "The simultaneous enhancement of photorefraction and optical damage resistance in MgO and Bi2O3 co-doped LiNbO3 crystals", "大直径、高掺镁铌酸锂晶体的生长及其紫外光折变性能研究", "Fabrication and formation mechanism of p-type lithium niobate crystals by molybdenum doping and polarization", "大尺寸近化学计量比铌酸锂晶体的制备", "The photorefractive characteristics of bismuth-oxide doped lithium niobate crystals", "Green light direct writing of ferroelectric domains in Mg-doped LiNbO3", "Fast UV-Vis photorefractive response of Zr and Mg codoped LiNbO_3:Mo", "铌酸锂晶体的光辅助畴反转的动态研究", "Pyroelectric effect in green light-assisted domain reversal of Mg-doped LiNbO3 crystals.", "Fast photorefractive response of vanadium-doped lithium niobate in the visible region", "掺锆铌酸锂系列晶体"], "学术ID": ["CN-BL75G4FJ"]}