{"机构": "北京理工大学计算机科学工程系", "访问量": "1084", "被引量": "703", "成果数": "153", "H_指数": "12", "G指数": "22", "期刊": "48.4%", "会议": "44.4%", "专著": "2.6%", "其他": "4.6%", "合作学者": {"宋瀚涛": "北京理工大学计算机科学与工程系", "王旭仁": "首都师范大学信息工程学院", "王万森": "首都师范大学信息工程学院", "王函石": "首都师范大学信息工程学院"}, "合作机构": {"首都师范大学信息工程学院": "80", "北京理工大学计算机科学与工程系": "24", "清华大学计算机科学与技术系": "8", "哈尔滨工业大学计算机科学与技术学院": "3", "中国青年政治学院计算机教学及应用中心": "3", "军事医学科学院微生物流行病研究所": "3", "四川大学华西医院": "2", "哈尔滨工业大学计算机科学与工程系": "2", "中国数字图书馆有限责任公司": "2", "北京理工大学计算机科学工程系": "2"}, "文章title": ["A Method for Predicting Protein Complexes from Dynamic Weighted Protein-Protein Interaction Networks", "Personalized ranking online reviews based on user individual preferences", "Construction and Application of Weighted Protein Protein Interaction Network Based on Multiple Views", "DWCOACH: Predict protein complexes from dynamic weighted PPI networks by GO semantic similarity", "推进混合教改和产学研合作,提升智能专业人才的培养质量", "Automatic Recognition of Simile Based on Sequential Model", "A Protein Secondary Structure Prediction Method Based on BP Neural Network", "An Effective Feature Extraction Method on Protein Secondary Structure Class Prediction", "Age prediction based on feature selection", "Research on warehouse management system based on association rules", "Research on Author Identification Based on Deep Syntactic Features", "Investigations in Automatic Humor Recognition", "A bipartite graph model for implicit feature extraction in Chinese reviews", "A New Method of Constructing a Weighted PPI Network", "用户隐藏属性推断研究综述", "The application of association rules and interestingness in course selection system", "The application of matrix Apriori algorithm in web log mining", "Classification of Discourse Role Based on Neural Network", "A data mining approach for intelligent equipment fault diagnosis", "Query Classification Using Convolutional Neural Networks"], "学术ID": ["CN-BP737AOJ"]}