{"机构": "西安交通大学生物医学工程研究所", "访问量": "116", "被引量": "58", "成果数": "7", "H_指数": "2", "G指数": "0", "期刊": "85.7%", "会议": "0%", "专著": "0%", "其他": "14.3%", "合作学者": {"蒋大宗": "西安交通大学生物医学工程研究所", "刘晓欲": "西安交通大学生物医学工程研究所", "邰常峰": "西安交通大学生物医学工程研究所"}, "合作机构": {"西安交通大学生物医学工程研究所": "7"}, "文章title": ["利用Lyapunov指数提取心电动态生理及病理信息的研究", "复合动作电位传播速度分布的复时谱估计方法的仿真研究", "复合动作电位传播速度分布的估计方法的研究", "复合动作电位传播速度的逐次提取法", "麻醉与低温对诱发电位的影响──利用诱发电位对中枢神经系统功能进行监护", "混沌及其在生物医学工程中的应用", "神经电生理逆问题——复合动作电位传播速度分布的估计"], "学术ID": ["CN-BU75OVLJ"]}