{"机构": "江苏省社会科学院", "访问量": "2294", "被引量": "1457", "成果数": "72", "H_指数": "20", "G指数": "36", "期刊": "95.8%", "会议": "4.2%", "专著": "0%", "其他": "0%", "合作学者": {"唐宏强": "江苏省人事厅", "李国英": "南京师范大学法学院", "侯菁如": "南京师范大学法学院", "季金华": "南京师范大学法学院"}, "合作机构": {"南京师范大学法学院": "12", "江苏省人事厅": "2", "江苏大学法学院": "1", "南京师范大学法律系": "1", "广西师范大学法学院": "1", "东南大学人文学院": "1", "南京师范大学经济法政学院": "1", "江苏省社会科学院": "1"}, "文章title": ["社会主义核心价值观是中国特色社会主义法治的灵魂", "国家治理现代化进程中政府职能转移的本质、方式与路径", "西方宪政与人权保障：本质与启示", "中国特色社会主义法治道路:历史进程、概念内涵和基本要求", "论国家治理法治化的路径探析", "刑事司法的民意道德性分析", "社会管理创新与民主参与的法制建构", "社会管理创新：法院的职能定位与实践路径——兼析能动司法的范围和限度", "城管综合行政执法中自由裁量权的适用", "论法学专业教学方法体系", "社会主义核心价值体系:概念、特点和实践路径", "社会管理创新:念界定、总体思路和体系建构", "社会管理创新:概念界定、总体思路和体系建构", "社会管理创新与社会治理的法治化", "法治城市建设的基本框架论要", "宪政的底线和基础——《国家紧急权力制度研究》读后", "论行政调解的法制建构", "论新农村法律文化创新的结构、特征与路径", "依法执政若干基本问题论要"], "学术ID": ["CN-BJ75P5SJ"]}