{"机构": "郑州大学第一附属医院", "访问量": "1334", "被引量": "1766", "成果数": "177", "H_指数": "25", "G指数": "36", "期刊": "92.1%", "会议": "1.7%", "专著": "1.1%", "其他": "5.1%", "合作学者": {"赵四海": "西安交通大学医学院实验动物中心", "范江霖": "日本筑波大学医学院", "陈玉龙": "西安交通大学医学院", "王艳丽": "西安交通大学医学院第一附属医院"}, "合作机构": {"西安交通大学医学院实验动物中心": "171", "西安交通大学医学院": "77", "西安交通大学医学院第一附属医院": "54", "日本筑波大学医学院": "47", "森之宫医疗大学保健医疗学部针灸科": "37", "西安交通大学医学院第二附属医院": "34", "西安交通大学实验动物中心": "24", "西安医科大学实验动物中心": "16", "电子科技大学电子薄膜与集成器件国家重点实验室": "13", "郑州大学第一附属医院": "11"}, "文章title": ["Differential Patterns of Secreted Frizzled-Related Protein 4 (SFRP4) in Adipocyte Differentiation: Adipose Depot Specificity", "Safety Assessment of Electronic Cigarettes and Their Relationship with Cardiovascular Disease", "Porcine reproductive and respiratory syndrome virus induces HMGB1 secretion via activating PKC-delta to trigger inflammatory response", "Western diet feeding influences gut microbiota profiles in apoE knockout mice", "Establishment of a novel non‑alcoholic fatty liver disease model using cholesterol‑fed rabbits with reference to the potential role of endoplasmic reticulum stress", "Dietary restriction slightly affects glucose homeostasis and delays plasma cholesterol removal in rabbits with dietary lipid lowering", "Sex differences in the formation of atherosclerosis lesion in apoE-/-mice and the effect of 17β-estrodiol on protein S-nitrosylation", "Transcriptomic analysis of the liver of cholesterol-fed rabbits reveals altered hepatic lipid metabolism and inflammatory response", "Osteoprotective Effect of Radix Scutellariae in Female Hindlimb-Suspended Sprague-Dawley Rats and the Osteogenic Differentiation Effect of Its Major Constituent", "Homocysteine up-regulates endothelin type A receptor in vascular smooth muscle cells through Sirt1/ERK1/2 signaling pathway", "Increased Hepatic Expression of Endothelial Lipase Inhibits Cholesterol Diet–Induced Hypercholesterolemia and Atherosclerosis in Transgenic RabbitsHighlights", "Abstract 18022: Mediator 1 Deficiency in Macrophage Increases Atherosclerosis via Modulation of Macrophage Polarization", "Overexpression of Cholesteryl Ester Transfer Protein Increases Macrophage-Derived Foam Cell Accumulation in Atherosclerotic Lesions of Transgenic Rabbits", "Fundamentals of Laboratory Animal Science", "Abstract 457: Transcription Coactivator MED1 Protects Against Atherosclerosis by Modulation of Macrophage Polarization", "The ERK1/2 pathway participates in the upregulation of the expression of mesenteric artery α 1 receptors by intravenous tail injections of mmLDL in mice", "Homocysteine regulates endothelin type B receptors in vascular smooth muscle cells", "Dietary Cocoa Powder Improves Hyperlipidemia and Reduces Atherosclerosis in apoE Deficient Mice through the Inhibition of Hepatic Endoplasmic Reticulum Stress", "Hydrogen sulfide inhibits development of atherosclerosis through up-regulating protein S-nitrosylation", "Bradykinin receptors and EphB2/EphrinB2 pathway in response to high glucose-induced osteoblast dysfunction and hyperglycemia-induced bone deterioration in mice"], "学术ID": ["CN-B474W9JJ"]}