{"机构": "南通大学建筑工程学院", "访问量": "15017", "被引量": "8634", "成果数": "233", "H_指数": "43", "G指数": "88", "期刊": "87.6%", "会议": "11.2%", "专著": "0.9%", "其他": "0.3%", "合作学者": {"刘颂": "同济大学建筑与城市规划学院", "温全平": "华东理工大学艺术设计与传媒学院", "张琳": "同济大学建筑与城市规划学院", "姜允芳": "华东师范大学资源与环境科学学院"}, "合作机构": {"同济大学建筑与城市规划学院": "60", "同济大学": "9", "华东理工大学艺术设计与传媒学院": "8", "华东师范大学资源与环境科学学院": "7", "无锡市园林管理局": "3", "同济大学建筑城规学院": "3", "上海市环境科学研究院": "3", "广东省城乡规划设计研究院": "2", "同济大学风景科学与旅游系": "2", "南通大学建筑工程学院": "2"}, "文章title": ["“三商九行”——未来风景园林师培养成长的基本内容与实践", "公园景观微地形空间感知研究", "无锡市城市绿地经济效益量化的方法途径", "基于数据实测与CFD模拟的住区风环境景观适应性策略——以同济大学彰武路宿舍区为例", "上海创智天地广场热舒适分析与评价", "基于游客行为偏好的传统村落景观情境感知价值研究", "景观时空转换的诗境量化模式", "沙盒——基于计算机辅助建造和增强现实技术的风景园林规划设计操作平台", "温州三垟湿地生态系统服务综合效能评价", "上海住区风景园林空间冬季微气候感受分析", "城市绿色空间热舒适评述与展望", "城市街道景观视觉美学评价研究", "上海国歌广场热舒适研究", "鱼与渔——基于批判性思维的《景观学理论》LAT教学模式", "学科质性分析与发展体系建构——新时期风景园林学科建设与教育发展思考", "大象无形·意在笔先——中国风景园林美学的哲学精神", "城市感知—历史与记忆角度的探索", "上海城市居住区风景园林空间小气候要素与人群行为关系测析", "现代乡村社区公共文化空间规划研究——以江苏句容市于家边村为例"], "学术ID": ["CN-BR74GMOJ"]}