{"机构": "北京市建筑工程研究院", "访问量": "8373", "被引量": "4527", "成果数": "277", "H_指数": "36", "G指数": "58", "期刊": "74.4%", "会议": "25.3%", "专著": "0.3%", "其他": "0%", "合作学者": {"张雷明": "上海交通大学土木工程系", "王小惠": "上海交通大学土木工程系", "徐茂波": "山东建筑工程学院", "宋晓冰": "上海交通大学土木工程系"}, "合作机构": {"上海交通大学土木工程系": "71", "清华大学土木工程系": "41", "清华大学": "25", "山东建筑工程学院": "12", "上海交通大学建筑工程与力学学院": "11", "北京交通大学土建学院": "9", "清华大学工程力学系": "8", "清华大学土木系": "8", "建设部建筑设计院": "5", "北京市建筑工程研究院": "5"}, "文章title": ["Experimental research on chloride threshold level at low temperature: Part2 discussion", "Experimental research on chloride threshold level at low temperature: Part1 experiment procedure", "Experimental Research on Hysteretic Behaviors of Corroded Reinforced Concrete Columns with Different Maximum Amounts of Corrosion of Rebar", "Model of chloride ingress into concrete in cold regions", "The Rationality of the Geometric Topology of Cable Dorms", "Time dependent chloride diffusion coefficient in concrete", "Force-Based Quadrilateral Plate Bending Element for Plate Using Large Increment Method", "Seismic Damage Assessment of Masonry Infilled Reinforced Concrete Structures", "Unified Failure Model of Reinforced Concrete Members Subjected to Hazard Loads I: Ductile Failure Analysis", "Limit Analysis for Reinforced Concrete Rectangular Members Under Bending, Shear and Torsion", "Effects of temperature variations on safety of reinforced concrete structures during construction", "Model of Compressive Strength Degradation of Concrete under Both Freeze-Thaw Cycles and Compressive Loads", "Topology-based quantitative assessment of structural robustness", "钢筋混凝土结构施工期温度影响的控制(下)", "Large increment method for elastic and elastoplastic analysis of plates", "Large increment method for elastic and elastoplastic analysis of plates", "Development of the large increment method in analysis for thin and moderately thick plates", "Development of 2D Hybrid Equilibrium Elements in Large Increment Method", "New Unified Failure Model on Evenly Distributed Reinforced Concrete Members with Box Section", "水平荷载作用下高层建筑层间剪力分布规律研究"], "学术ID": ["CN-BA75IXTJ"]}