{"机构": "甘肃中医学院", "访问量": "120", "被引量": "69", "成果数": "15", "H_指数": "3", "G指数": "8", "期刊": "80%", "会议": "20%", "专著": "0%", "其他": "0%", "合作学者": {"金玲": "宁波市镇海区张和祥小学", "陆华忠": "华南农业大学工程学院", "吕恩利": "华南农业大学工程学院", "杨洲": "华南农业大学工程学院"}, "合作机构": {"华南农业大学工程学院": "21", "宁波市镇海区张和祥小学": "6", "华南理工大学建筑学院": "3", "甘肃中医学院": "2"}, "文章title": ["增施CO2气肥对温室流场影响的数值模拟及验证", "潮汕农村住宅现状及其热工性能研究(一)——典型户型、材料构造及能耗", "CFD在温室室内环境研究中的应用", "亚热带地区夏季温室温度调节措施效果比较", "潮汕农村住宅现状及其热工性能研究（二）——爬狮类住宅室内光热环境研究", "《土木工程制图》课程教学探索与实践", "Current Status and Thermal Performance of Traditional Rural Residence in Chaoshan Area,South China(Ⅱ):A Case Study of Pashi House", "Research on Current Situation and Thermal Performance of Rural Residences in Chaoshan Area in China (I)——Typical House Structure, Material Structure and Energy Consumption", "Exploration and innovation of the construction for transportation public elective courses at universities", "高校公共选修课的建设研究", "Investigation and Analysis of Fruits and Vegetables Transportation", "果蔬气调保鲜运输技术发展研究", "2TYB-450型水稻田间育秧播种机的设计", "“二手车评估”的教学方法探讨", "太阳能驱动淋水屋面的工作原理及热工性能分析"]}