{"机构": "武汉大学测绘学院", "访问量": "5049", "被引量": "2763", "成果数": "139", "H_指数": "28", "G指数": "46", "期刊": "84.9%", "会议": "12.2%", "专著": "0%", "其他": "2.9%", "合作学者": {"童小华": "同济大学测量与国土信息工程系", "史文中": "香港理工大学土地测量与地理资讯学系", "刘春": "同济大学测量与国土信息工程系", "胡丛玮": "同济大学测量与国土信息工程系"}, "合作机构": {"同济大学测量与国土信息工程系": "118", "香港理工大学土地测量与地理资讯学系": "28", "中国科学院测量与地球物理研究所": "15", "武汉测绘科技大学": "15", "同济大学": "7", "广东省电力设计研究院": "6", "现代工程测量国家测绘局": "5", "上海市卢湾区房地产交易中心": "4", "铁道部第三勘测设计院": "4", "武汉大学测绘学院": "3"}, "文章title": ["Introducing scale parameters for adjusting area objects in GIS based on least squares and variance component estimation", "Improved Accuracy of Area Objects in a Geographic Information System Based on Helmert's Variance Component Estimation Method", "GPS基线相关性对平差结果的影响", "空间数据线要素综合数据整体处理系统设计", "基于曲线拟合的线要素综合数据整体处理方法", "Relationship of Uncertainty Between Polygon Segment and Line Segment for Spatial Data in GIS", "空间线要素综合算法的不确定性讨论", "GIS中曲线综合平差模型的建立", "杭州湾特大型桥梁首级GPS控制网三期数据处理综合分析", "GIS空间数据面元与线元不确定性的关系", "A novel vehicle navigation map matching algorithm based on fuzzy logic and its application", "A Least Squares-Based Method for Adjusting the Boundaries of Area Objects", "Quality Control for Attribute Data in Digital Land Information", "A Simplified Model of Three Dimensional Datum Transformation Adapted to Big Rotation Angle", "参数椭球的准等位条件", "Unbiased estimation formula of unit weight standard deviation in regularization solution", "既有铁路曲线整正平差算法", "GPS控制网中基线之间的相关性对平差结果的影响", "高分辨率卫星影像几何纠正精度的空间可视化", "多尺度小波分析用于DEM网格数据综合"], "学术ID": ["CN-BB73WZ1J"]}