{"机构": "吉林大学化学系", "访问量": "4168", "被引量": "2362", "成果数": "317", "H_指数": "23", "G指数": "38", "期刊": "77.9%", "会议": "18%", "专著": "1.9%", "其他": "2.2%", "合作学者": {"黄松": "解放军理工大学指挥自动化学院", "何明": "解放军理工大学指挥自动化学院", "吴皓威": "重庆大学通信工程学院", "姚奕": "解放军理工大学指挥自动化学院"}, "合作机构": {"解放军理工大学指挥自动化学院": "157", "重庆大学通信工程学院": "150", "重庆大学电气工程学院": "28", "重庆大学": "28", "电子科技大学": "12", "上海交通大学医学院附属新华医院": "11", "解放军理工大学通信工程学院": "10", "太原理工大学应用力学研究所": "9", "沈阳军区总医院": "8", "吉林大学化学系": "8"}, "文章title": ["Diversity of Epithelial Stem Cell Types in Adult Lung", "A Real-time Data Compression Algorithm for Gear Fault Signals", "高动态环境下长码扩频信号快捕算法", "[Isolation, identification and genetic analysis of a murine norovirus strain].", "Gas uptake, molecular sensing and organocatalytic performances of a multifunctional carbazole-based conjugated microporous polymer", "Blue-light-emitting and hole-transporting molecular materials based on amorphous triphenylamine-functionalized twisted binaphthyl", "Metallosalen-based microporous organic polymers: synthesis and carbon dioxide uptake", "Aquatic Debris Monitoring Using Smartphone-Based Robotic Sensors", "Thermal activation on calcium silicate slag from high-alumina fly ash: a technical report", "人/椅弹射救生系统穿盖过程的数值模拟", "A Consensus Model for Conflict Problems in Distributed Command and Control Decision Making", "Association of CFH and CFB Gene Polymorphisms with Retinopathy in Type 2 Diabetic Patients", "C2-symmetrical hexaazatriphenylene derivatives as colorimetric and ratiometric fluorescence chemsensors for Zn2+.", "smart poly( n -isopropylacrylamide) containing iridium(iii) complexes as water-soluble phosphorescent probe for sensing and bioimaging of homocysteine and cysteine", "Triarylboron-based fluorescent conjugated microporous polymers", "A metallosalen-based microporous organic polymer as a heterogeneous carbon–carbon coupling catalyst", "Direct C H Arylation of Unactivated Arenes with Aryl Halides Promoted by Bis(imino)pyridine Derivatives", "Enhanced carbon dioxide uptake by metalloporphyrin-based microporous covalent triazine framework", "Parecoxib added to ropivacaine prolongs duration of axillary brachial plexus blockade and relieves postoperative pain general"], "学术ID": ["CN-B074WL2J"]}