{"机构": "吉林大学第一医院", "访问量": "3459", "被引量": "1547", "成果数": "92", "H_指数": "15", "G指数": "38", "期刊": "95.7%", "会议": "4.3%", "专著": "0%", "其他": "0%", "合作学者": {"黄津芳": "沈阳军区总医院", "周枫": "沈阳军区总医院", "曹力": "沈阳军区总医院", "翟晓红": "沈阳军区总医院"}, "合作机构": {"沈阳军区总医院": "195", "河南省南阳市中心医院": "18", "华南理工大学化学与化工学院": "8", "南阳市中心医院": "4", "青岛大学医学院附属医院": "3", "中国人民解放军沈阳军区总医院": "2", "北京科技大学新金属材料国家重点实验室": "2", "南方医科大学南方医院": "2", "湖南大学材料科学与工程学院": "2", "吉林大学第一医院": "1"}, "文章title": ["胰腺癌多层螺旋CT征象与临床病理特征的关系", "低剂量螺旋CT在中老年体检人群肺癌筛查的检出率与成本分析", "开颅手术患者医院感染临床特点与危险因素分析", "同伴支持教育对直肠癌造口患者术后延续护理效果的影响", "成人PICC导管尖端异位的研究进展", "静脉内心电图引导PICC尖端定位的临床研究", "骨折患者心理特征与治疗依从性的相关性", "结肠造瘘口围手术期护理体会", "老年脑血管病合并吸入性肺炎患者鼻饲间隔时间的探讨", "Shape-controlled synthesis and application in surface-enhanced Raman scattering of novel palladium nanoparticles", "护士分类管理的困境分析", "单侧多功能外固定支架治疗开放性胫腓骨骨折62例的护理", "鼻饲法在预防老年吸入性肺炎方面的研究进展", "Synthesis and electron transfer property of sulfhydryl-containing multi-walled carbon nanotube/gold nanoparticle heterojunctions", "参附注射液改善乳腺癌患者化疗后生活质量的临床研究", "全军心血管病护理示范基地实践建设", "战时静脉输液穿刺情景模拟演练的设计及效果评价", "Synthesis and Characterization of multi-walled carbon nanotube/gold nanoparticle heterojunctions", "大豆异黄酮对慢性肾损害大鼠肾功能的影响"], "学术ID": ["CN-B774Z5PJ"]}