{"机构": "郑州大学第三附属医院", "访问量": "924", "被引量": "485", "成果数": "33", "H_指数": "13", "G指数": "20", "期刊": "90.9%", "会议": "9.1%", "专著": "0%", "其他": "0%", "合作学者": {"张莅峡": "中国中医研究院基础理论研究所", "张秋海": "中国中医研究院基础理论研究所", "丁家欣": "中国中医研究院基础理论研究所", "范斌": "中国中医科学院医学实验中心"}, "合作机构": {"中国中医研究院基础理论研究所": "45", "中国中医科学院医学实验中心": "10", "中国中医科学院中医基础理论研究所": "6", "中国药品生物制品检定所": "4", "第三军医大学新桥医院": "3", "中国中医研究院中药研究所": "2", "宁夏医学院中心实验室": "2", "沈阳市苏家屯区中医医院": "1", "中国中医研究院医史文献研究所": "1", "郑州大学第三附属医院": "1"}, "文章title": ["应用近红外光谱法快速测定蜂蜜中葡萄糖和果糖含量", "连理汤对TNBS诱导大鼠溃疡性结肠炎模型结肠及外周血中炎症相关因子影响的拆方研究", "不同生长年限黄芪中黄芪甲苷和多糖含量比较", "高效液相色谱-蒸发光散射法测定马鞭草中齐墩果酸与熊果酸的含量", "HPLC-ELSD法测定祝艾康胶囊中黄芪甲苷的含量", "HPLC测定虎耳草中没食子酸的含量", "HPLC-ELSD法测定百草精口服液中黄芪甲苷的含量 Determination of Astragnaloside IV in Baicaojing Oral Solution by HPLC-ELSD", "气相色谱法测定艾奇康胶囊中龙脑的含量", "高效液相色谱法测定艾复康胶囊中黄芩苷的含量", "HPLC测定虎耳草中没食子酸的含量", "高效液相色谱法测定延胡索药材中原阿片碱及延胡索乙素的含量", "HPLC法测定延胡索药材中季胺型生物碱的含量", "HPLC法测定延胡索药材中季胺型生物碱的含量", "HPLC法测定桑叶药材中槲皮素-3，7-二氧葡萄糖苷的含量", "补骨脂HPLC指纹图谱研究", "HPLC—ELSD测定黄芪中黄芪甲苷含量及相关试验条件选择的探讨", "红毛五加茎皮、叶及果实挥发油的GC-MS比较分析", "Comparative Analysis of Essential Oils from Stem-skins ,Leaves and Fruitages of Acanthopanax Giraidii Harma with GC MS Technique", "红毛五加茎皮、叶及果实挥发油的GC-MS比较分析", "红毛五加多糖治疗艾滋病13例临床观察"]}