{"机构": "华南师范大学激光生命科学研究所暨激光生命科学教育部重点实验室", "访问量": "690", "被引量": "301", "成果数": "53", "H_指数": "9", "G指数": "16", "期刊": "92.5%", "会议": "3.8%", "专著": "0%", "其他": "3.7%", "合作学者": {"欧发": "华南理工大学应用物理系", "魏宝华": "广州师范学院", "梁铨廷": "广州师范学院物理系", "陈传誉": "广州师范学院物理系"}, "合作机构": {"广州师范学院物理系": "12", "华南理工大学应用物理系": "9", "广州师范学院": "6", "广州大学物理与电子工程学院": "5", "广东工业大学实验教学部": "3", "广东工业大学数理系": "3", "嘉应学院物理与光信息科技学院": "2", "北京师范大学物理系": "2", "华南师范大学激光生命科学研究所暨激光生命科学教育部重点实验室": "1"}, "文章title": ["“一课二维”翻转课堂混合式教学改革的研究与实践——以“物理光学”课程为例", "基于信息技术背景下物理光学课程教学资源建设与实践", "《物理光学简明教程》二维码教材设计的思考", "理工结合专业实践能力培养环节探索与思考", "Theoretical study on quasi-confined optical phonon modes in a free-standing cylindrical GaN nanowire with ring geometry: A resonant Raman scattering", "Quasi-confined optical phonon modes in a free-standing GaN nanowire with ring geometry", "One phonon-assisted electron Raman scattering in a wurtzite cylindrical quantum well wire", "First-order Raman scattering in a free-standing GaN nanowire with ring geometry", "Impact of anisotropy on polar optical vibration in a wurtzite cylindrical nanowire with ring geometry", "Effect of built-in electric field on electron Raman scattering in InGaN/GaN coupled quantum wells", "EXCITON-MEDIATED RAMAN SCATTERING IN ONE-DIMENSIONAL QUANTUM DOTS", "外加电场下谐振子量子线的电子拉曼散射", "Well width-dependent electron Raman scattering in ZnS/CdSe cylindrical quantum dot quantum well", "Impact of Asymmetry and Doping Density on Electron Raman Scattering in Triangular Double Quantum Wells", "双三角量子阱中不对称性及掺杂浓度对电子拉曼散射的影响", "球型量子点中的电子拉曼散射", "Raman study of GaAs/Ga1-xAlxAs quantum dots: A dielectric continuum approach", "Electron Raman Scattering in Spherical Quantum Dots", "抛物柱形量子点中电子拉曼散射的研究", "Raman study of GaAs/Ga 1 - x Al x As GaAs / Ga 1 - x Al x As mathContainer Loading Mathjax quantum dots: A dielectric continuum approach"], "学术ID": ["CN-BH74X91J"]}