{"机构": "上海图书馆上海科技情报研究所", "访问量": "825", "被引量": "1832", "成果数": "126", "H_指数": "13", "G指数": "42", "期刊": "94.4%", "会议": "4.8%", "专著": "0%", "其他": "0.8%", "合作学者": {"陈念贻": "中国科学院上海冶金研究所", "曹晓卫": "中国科学院上海冶金研究所", "黄世萍": "中国科学院上海冶金研究所", "廖沐真": "清华大学化学系"}, "合作机构": {"中国科学院上海冶金研究所": "161", "清华大学化学系": "15", "复旦大学化学系": "10", "上海大学理学院": "8", "中南工业大学应用量子化学研究室": "6", "杭州大学化学系": "6", "华东化工学院物理系": "6", "宝山钢铁股份有限公司": "6", "华东理工大学物理系": "6", "上海图书馆上海科技情报研究所": "5"}, "文章title": ["The spatial distribution and accumulation characteristics of heavy metals in steppe soils around three mining areas in Xilinhot in Inner Mongolia, China", "The ab initio quantum chemical calculations of MgH^+ and Mg2H^+", "Architecture of Cu2O-TiO2 core-shell heterojunction and photodegradation for 4-nitrophenol under simulated sunlight irradiation", "Structure and relative stability of the aluminate anion studied by quantum chemical methods", "Achievable environment rigidity of a haptic display to guarantee stability", "熔盐—金属界面电荷的量子化学计算", "基于模式识别和人工神经网络建立的板坯连铸二冷水模型", "Energy band theory study of the iodine atom adlayers on Ag(110)", "碘原子在银(110)面吸附的能带理论研究", "Theoretical study on the local structure and properties of electron transfer of Ni-b amorphous alloy", "Ni-B非晶态合金局域结构和电荷转移性质的理论研究", "基于模式识别及人工神经网络的16Mn钢板生产专家系统", "CmⅡ偶宇称光谱能级的模式识别研究", "UI偶宇称原子光谱分类的PCA -BPN模式识别方法研究", "PuⅠ偶宇称光谱能级的模式识别研究", "Pattern recognition applied to the PuI even-parity energy level", "Study on the classification of uranium I even-parity energy levels using PCA-BPN", "硅钢退火网络型专家系统", "Theoretical potential function represented by networks", "理论势函数的网络表示研究"], "学术ID": ["CN-B674LT8J"]}