{"机构": "河北医科大学第四医院", "访问量": "1709", "被引量": "1672", "成果数": "218", "H_指数": "19", "G指数": "35", "期刊": "76.6%", "会议": "11.5%", "专著": "0.5%", "其他": "11.4%", "合作学者": {"金晶": "中国医学科学院北京协和医学院肿瘤医院", "王维虎": "中国医学科学院北京协和医学院肿瘤医院", "王淑莲": "中国医学科学院北京协和医学院肿瘤医院", "宋永文": "中国医学科学院北京协和医学院肿瘤医院"}, "合作机构": {"中国医学科学院北京协和医学院肿瘤医院": "752", "中国医学科学院肿瘤医院": "246", "北京协和医学院中国医学科学院肿瘤医院": "168", "中国医学科学院中国协和医科大学肿瘤医院": "166", "中南大学湘雅医学院": "34", "南京军区南京总医院": "18", "陕西省宝鸡市中心医院": "16", "四川大学华西医院": "11", "湖南中医药大学生理学教研室": "8", "河北医科大学第四医院": "8"}, "文章title": ["Vasoactive intestinal peptide overexpression mediated by lentivirus attenuates lipopolysaccharide-induced acute lung injury in mice by inhibiting inflammation", "Clinical characteristics and prognosis of patients with ipsilateral breast tumor recurrence after breast conservation therapy", "Comparison of Treatment Outcomes with Breast-conserving Surgery plus Radiotherapy versus Mastectomy in Patients with Stage I Breast cancer: A Propensity Score-matched Analysis", "Down-staging depth score to predict outcomes in locally advanced rectal cancer achieving ypl stage after neoadjuvant chemo-radiotherapy versus de novo stage pl cohort:A propensity score-matched ana...", "Aucubin Alleviates Bleomycin-Induced Pulmonary Fibrosis in a Mouse Model", "Risk-adapted postmastectomy radiotherapy based on local-regional recurrence for T1-2N1M0 breast Cancer", "[The role of postmastectomy radiotherapy in clinical T1-3N1M0 breast cancer patients with pathological negative lymph nodes after neoadjuvant chemotherapy and mastectomy]", "CS2164, a novel multi-target inhibitor against tumor angiogenesis, mitosis and chronic inflammation with anti-tumor potency", "Prognosic Stage Groups Established by AJCC Staging System 8th Edition May Help to Individualize Postmastectomy Radiation Therapy in T1-2N1M0 Breast Cancer", "Patients with pathological stage N2 rectal cancer treated with early adjuvant chemotherapy have a lower treatment failure rate", "Prognostic Stage Groups Established by AJCC Staging System 8th Edition Does Not Significantly Improve Discrimination Over Classic TNM Staging in Early Stage Breast Cancer Treated With Breast Conser...", "Postmastectomy Radiation Therapy Does Not Improve Outcome for Pathologic T3N0 Breast Cancers", "S-1 chemotherapy and intensity-modulated radiotherapy after D1/D2 lymph node dissection in patients with node-positive gastric cancer: a phase I/II study.", "Prognostic value of sequencing of radiotherapy and chemotherapy following breast-conserving surgery for patients with breast cancer", "Hypofractionated Radiation Therapy After Mastectomy for the Treatment of High-Risk Breast Cancer: 5-Year Follow-Up Result of a Randomized Trial", "The Role of Postmastectomy Radiation Therapy in Locally Advanced Breast Cancer Patients Treated With Neoadjuvant Chemotherapy and Mastectomy", "Radiotherapy May Play an Important Role in Improving the Efficacy of Breast-Conserving Therapy Compared with Mastectomy in Patients with T1-2N1M0 Breast Cancer", "Patterns of Primary Tumor Invasion and Regional Lymph Node Spread Based on Magnetic Resonance Imaging in Early-Stage Nasal NK/T-cell Lymphoma: Implications for Clinical Target Volume Definition and...", "术前短程放疗联合化疗治疗直肠癌患者的初步经验", "TWEAK/Fn14 signaling: a promising target in intervertebral disc degeneration"]}