{"机构": "北京大学药学院", "访问量": "747", "被引量": "1356", "成果数": "151", "H_指数": "18", "G指数": "34", "期刊": "73.5%", "会议": "17.2%", "专著": "0.7%", "其他": "8.6%", "合作学者": {"林秋雄": "广东省人民医院", "余细勇": "广东省人民医院", "符永恒": "广东省人民医院", "邓春玉": "广东省人民医院"}, "合作机构": {"广东省人民医院": "693", "江西医学院第二附属医院": "19", "山东大学齐鲁医院": "14", "广州医学院广州蛇毒研究所": "10", "中山大学附属第一医院": "8", "广东省高州市人民医院": "7", "精神卫生研究所": "7", "湖北医药学院附属太和医院": "6", "苏州大学附属第一医院": "5", "北京大学药学院": "5"}, "文章title": ["0D-2D Quantum Dot: Metal Dichalcogenide Nanocomposite Photocatalyst Achieves Efficient Hydrogen Generation.", "Formal Total Syntheses of (‒)- and (+)-Actinophyllic Acid.", "Healing High-Loading Sulfur Electrodes with Unprecedented Long Cycling Life: Spatial Heterogeneity Control", "SLCO1B1 521T > C polymorphism associated with rosuvastatin-induced myotoxicity in Chinese coronary artery disease patients: a nested case-control study.", "GW28-e1202 Advanced glycation end-products induced electrical remodeling in atrial myocytes in the type 2 diabetic mellitus", "盐酸法舒地尔对大鼠AMI后心室重构的保护作用研究", "The independent contribution of miRNAs to the missing heritability in CYP3A4/5 functionality and the metabolism of atorvastatin:", "利用超声彩色多普勒技术评价大鼠腹主动脉狭窄模型", "Left ventricular deformation associated with cardiomyocyte Ca(2+) transients delay in early stage of low-dose of STZ and high-fat diet induced type 2 diabetic rats", "人肺内微小动脉体外培养模型的建立及其收缩特性的观察", "A novel FBN1 heterozygous mutation identified in a Chinese family with autosomal dominant Marfan syndrome", "Nanoporous SiO 2 /TiO 2 coating with enhanced interfacial compatibility for orthopedic applications", "Species-specific differences in the role of L-type Ca2+ channels in the regulation of coronary arterial smooth muscle contraction", "TLR2/NLRC5参与棕榈酸诱导的心肌细胞凋亡及相关机制研究", "斑点追踪成像技术评价糖尿病大鼠左心功能的研究", "缝隙连接蛋白43通过调控L型钙电流参与心房肌细胞的电重塑", "2型糖尿病大鼠的早期左心室形变损害和心肌细胞钙瞬变异常", "Fn14 Promotes Differentiation of Human Mesenchymal Stem Cells into Heart Valvular Interstitial Cells by Phenotypic Characterization", "The caspase-8 shRNA-modified mesenchymal stem cells improve the function of infarcted heart", "Caspase-8 small hairpin RNA attenuates apoptosis of human bone marrow mesenchymal stem cells under conditions of serum deprivation and hypoxia"], "学术ID": ["CN-BT75RRDJ"]}