{"机构": "江汉大学医学与生命科学学院", "访问量": "495", "被引量": "419", "成果数": "51", "H_指数": "11", "G指数": "18", "期刊": "96.1%", "会议": "3.9%", "专著": "0%", "其他": "0%", "合作学者": {"朱娟": "华中科技大学同济医学院附属同济医院", "李秀云": "华中科技大学同济医学院附属同济医院", "喻船丽": "华中科技大学同济医学院附属同济医院", "汪晖": "华中科技大学同济医学院附属同济医院"}, "合作机构": {"华中科技大学同济医学院附属同济医院": "84", "华中科技大学哲学系": "4", "武汉同济医院": "3", "华中科技大学同济医学院医药卫生管理学院": "2", "华中科技大学同济医学院": "2", "上海大学环境与化学工程学院环境污染与健康研究所": "1", "南开大学化学系元素有机化学国家重点实验室": "1", "中国农业大学动物科技学院": "1", "第四军医大学唐都医院": "1", "江汉大学医学与生命科学学院": "1"}, "文章title": ["新护士转型冲击与应对方式及社会支持的相关性研究", "基于移动学习的翻转课堂教学模式在护士技能培训中的应用", "微课结合高仿真综合模拟技术在新入职护士岗前临床护理技能培训中的应用", "网上预约系统在低年资护士临床技能培训中的应用", "借助网络语音平台对神经内科护理人员实施培训的效果", "\"知行合一\"的标准化培训,提高护理人员全麻术后窒息防范能力", "SHEL模式在护士安全认知培训中的应用研究", "微课联合操作技能直接观察法在低年资护士静脉留置针操作培训中的应用", "德国医院静脉治疗护理管理介绍", "基于内容分析法对阿尔茨海默病患者居家照护概念的解析", "预防腰椎术后患者谵妄的综合护理干预", "碱性还原电位水对复用诊疗器械清洗效果的研究", "环节控制减少消毒供应中心复用器械包信息追溯错误", "基于护士岗位管理与绩效考核的设计与实施", "消毒供应中心无菌物品自助取物机的设计与运用", "体检人群中老年人超重、肥胖与踝臂脉搏波传导速度和颈动脉斑块的相关性"], "学术ID": ["CN-BA74F1OJ"]}