{"机构": "湖北大学数学与计算机科学学院", "访问量": "482", "被引量": "301", "成果数": "22", "H_指数": "5", "G指数": "17", "期刊": "77.3%", "会议": "18.2%", "专著": "0%", "其他": "4.5%", "合作学者": {"李世楷": "解放军理工大学理学院", "周华任": "解放军理工大学理学院", "任俊莉": "华南理工大学制浆造纸工程国家重点实验室", "彭锋": "北京林业大学材料科学与技术学院"}, "合作机构": {"解放军理工大学理学院": "26", "解放军理工大学指挥自动化学院": "6", "华南理工大学制浆造纸工程国家重点实验室": "4", "北京林业大学材料科学与技术学院": "2", "国防大学信息作战与指挥训练教研部": "1", "武汉大学软件工程国家重点实验室": "1", "中国电子系统工程研究所": "1", "吉林大学地球探测科学与技术学院": "1", "湖北大学数学与计算机科学学院": "1"}, "文章title": ["一种无确定度的逆向云算法", "A modified biphasic system for the dehydration of d-xylose into furfural using SO42−/TiO2-ZrO2/La3+ as a solid catalyst", "Catalytic hydrothermal pretreatment of corncob into xylose and furfural via solid acid catalyst", "The completeness research on fuzzy stochastic analysis", "关于模糊随机过程对标准Wiener过程的It积分", "A Comparative Study of Cloud Model and Extended Fuzzy Sets", "A Research on Characteristics of Stock Market's Outflow Based on Cloud Model", "基于云模型的股市资金流出量特性的研究", "平方可积鞅", "一种时序数据的离群数据挖掘新方法及其应用", "集值随机分析中的完备性问题", "集值随机过程的Newton-Leibniz公式", "集值随机分析中的两个完备性定理", "集值随机过程的均方导数", "有界闭凸集值随机过程的均方Riemann积分", "集值马尔可夫过程的等价命题", "逆向云在定性评价中的应用", "集值随机过程的均方Riemann-Stieljes积分", "Riemann-Stieljes integral of the set-valued stochastic processes", "弱集值Amart的Riesz分解"], "学术ID": ["CN-BC74G88J"]}