{"机构": "中国石化集团四川维尼纶厂研究所", "访问量": "3428", "被引量": "2167", "成果数": "173", "H_指数": "25", "G指数": "41", "期刊": "97.7%", "会议": "1.7%", "专著": "0%", "其他": "0.6%", "合作学者": {"陈华林": "中国科学院研究生院", "罗荣": "中国科学院皮革化工材料工程技术研究中心", "李松军": "中国科学院成都有机化学研究所", "彭钢": "中国科学院成都有机化学研究所"}, "合作机构": {"中国科学院成都有机化学研究所": "115", "中国科学院研究生院": "101", "中国科学院皮革化工材料工程技术研究中心": "51", "江苏大学材料科学与工程学院": "40", "山东省材料化学安全检测技术重点实验室": "21", "西南石油大学新能源研究中心": "17", "南京大学医学院附属鼓楼医院": "5", "中国石化集团四川维尼纶厂": "5", "徐州医学院附属医院": "4", "中国石化集团四川维尼纶厂研究所": "4"}, "文章title": ["Polyepoxysuccinic acid with hyper-branched Structure as an environmentally friendly scale inhibitor and its scale inhibition mechanism", "Hydroxyl-Terminated Dendrimer Acting as a High Exhaustion Agent for Chrome Tanning", "聚氨酯的生态固沙性能及其与聚醋酸乙烯酯乳液的对比", "高盐沙地用固沙材料固沙性能研究的必要性", "Polyhexamethylene Biguanide Functionalized Hyperbranched Polymers Enhance Their Antimicrobial Activities", "Synthesis and characterization of scale and corrosion inhibitors with hyper-branched Structure and its mechanism", "Waterborne Carboxyl-terminated Hyperbranched Oligomer polyester Ligand: Synthesis, Characterization and Chelation with Chromium(III)", "Synthesis and characterization of scale and corrosion inhibitors with hyper-branched structure and the mechanism", "紫外-可见光谱法研究超支化分子与Cr~(3+)配位行为", "保水型PVAc固沙乳液的制备与性能研究", "Polyhexamethylene Biguanide Functionalized Hyperbranched Polymers Enhance Their Antimicrobial Activities", "The synthesis of salt-resistant emulsion and its application in ecological sand-fixing of high salt-affected sandy land", "Effect of using polymeric materials in ecological sand‐fixing of Kerqin Sandy Land of China", "Migration behavior of anionic polyurethane dispersion during infiltration and redistribution in sand", "Stabilized enzyme immobilization on micron-size PSt–GMA microspheres: different methods to improve the carriers' surface biocompatibility", "Scale inhibitors with a hyper-branched structure: preparation, characterization and scale inhibition mechanism", "An amphoteric poly(VAc‐DBM‐AM‐DMAPS) emulsion focusing on the ecological sand‐fixing in salty desert: Structure and properties", "Synthesis and Sand-Fixing Properties of Cationic Poly(vinyl acetate-butyl acrylate-2-hydroxyethyl acrylate-DMC) Copolymer Emulsions", "Chemical sand stabilization: A review of material, mechanism, and problems", "The Surface Characteristics of Chitosan Modified PSt-GMA Microspheres Influenced the Interactions and Properties of Immobilized Pepsin"], "学术ID": ["CN-BH75L2UJ"]}