{"机构": "潍坊医学院附属潍坊市人民医院", "访问量": "254", "被引量": "100", "成果数": "34", "H_指数": "5", "G指数": "9", "期刊": "85.3%", "会议": "14.7%", "专著": "0%", "其他": "0%", "合作学者": {"唐成和": "新乡医学院第一附属医院", "李树军": "新乡医学院第一附属医院", "赵军华": "新乡医学院第一附属医院", "孙玉红": "吉林省人民医院"}, "合作机构": {"新乡医学院第一附属医院": "28", "潍坊市人民医院": "5", "青岛理工大学环境与市政工程学院": "4", "吉林省人民医院": "3", "中国海洋大学环境科学与工程学院": "2", "西安交通大学生命科学与技术学院癌症研究所": "1", "宁夏医学院附属医院": "1", "石河子大学医学院": "1", "首都医科大学附属北京同仁医院": "1", "潍坊医学院附属潍坊市人民医院": "1"}, "文章title": ["护理安全健康教育实施记录单在老年病房中的应用", "强化性护理对心力衰竭患者自我护理行为及生活质量的影响研究", "Effect of oxytocin on the behavioral activity in the behavioral despair depression rat model", "神经内科患者发生医院感染的病原菌分布及耐药性分析", "晚期癌症疼痛的护理", "CT引导下经皮肺穿刺活检术的护理", "脑瘤术后放疗患者并发癫痫的护理", "多普勒超声心动图评价拉西地平对高血压患者左室肥厚的逆转作用", "小儿腹部手术后粘连性肠梗阻58例预防及护理", "Influence of environmental factors on biodegradation of dispersed diesel oil in seawater.", "早产儿机械通气所致呼吸机相关性肺炎的护理", "72例新生儿硬肿症的护理与分析", "化疗患者应用PICC的操作方法与护理体会", "外周动静脉同步换血治疗新生儿溶血病的护理", "极低出生体重早产儿76例的护理", "鼻咽癌患者放疗的护理体会", "冠状动脉内支架置入治疗冠心病的护理", "活动平板运动试验患者的护理", "肿瘤患者静脉化疗毒副反应及护理"], "学术ID": ["CN-B475TEOJ"]}