{"机构": "天津大学精密仪器与光电子工程学院", "访问量": "2020", "被引量": "1281", "成果数": "190", "H_指数": "19", "G指数": "30", "期刊": "48.4%", "会议": "50%", "专著": "0.5%", "其他": "1.1%", "合作学者": {"孙雷": "南开大学机器人与信息自动化研究所", "王鸿鹏": "哈尔滨工业大学计算机系", "卢桂章": "南开大学机器人与信息自动化研究所", "陈新伟": "南开大学机器人与信息自动化研究所"}, "合作机构": {"南开大学机器人与信息自动化研究所": "229", "哈尔滨工业大学计算机系": "39", "南开大学": "35", "天津职业技术师范学院自动化工程系": "8", "甘肃省人民医院": "8", "大庆油田矿区服务事业部人事处": "7", "智通机器人系统有限公司": "6", "南京医科大学第二附属医院": "5", "西南交通大学牵引动力国家重点实验室": "5", "天津大学精密仪器与光电子工程学院": "4"}, "文章title": ["Static Force-Based Modeling and Parameter Estimation for a Deformable Link Composed of Passive Spherical Joints with Preload Forces", "面向非完全姿态约束问题的旋转矩阵群中的垂线理论", "Kinematic-free Orientation Control for a Deformable Manipulator based on the Geodesic in Rotation Group SO(3)", "The Theory of Perpendicular Curve in Rotation Group Aiming at Incomplete Orientation Constraint Problems", "Kinematics modeling for Tele-Observation robotic camera", "基于点触任务的可变形臂逆运动学求解", "基于点触任务的可变形臂逆运动学求解", "Continuous robust control for series elastic actuator with unknown payload parameters and external disturbances", "Map-based robust localization for indoor mobile robots", "Design and parameters identification of flexible joint robot", "Series Elastic Actuator Torque Control Approach for Interaction Application", "Human comfort following behavior for service robots", "Position control of Series Elastic Actuator based on feedback linearization and RISE method", "Information based hybrid performance evaluation criterion for panorama refreshing in robotic tele-observation", "An integral sliding-mode control approach for series elastic actuator torque control", "Path planning for the mobile robots in the environment with unknown obstacles", "Position Control for Flexible Joint Robot Based on Online Gravity Compensation with Vibration Suppression", "Nonlinear state feedback position control for flexible joint robot with energy shaping", "A Practical, Fast, and Low-cost Kinematic Calibration Scheme for a Deformable Manipulator By using Leap Motion", "基于点触任务的可变形臂逆运动学求解"], "学术ID": ["CN-BJ73R19J"]}