{"机构": "中国科学技术大学", "访问量": "3132", "被引量": "1718", "成果数": "318", "H_指数": "20", "G指数": "29", "期刊": "64.5%", "会议": "31.4%", "专著": "2.5%", "其他": "1.6%", "合作学者": {"李夕海": "第二炮兵工程学院", "黄世奇": "第二炮兵工程学院", "刘志刚": "第二炮兵工程大学", "牛超": "第二炮兵工程大学"}, "合作机构": {"第二炮兵工程学院": "346", "第二炮兵工程大学": "115", "第二炮兵工程学院103室": "35", "第二炮兵工程学院602室": "35", "第二炮兵工程学院物理室": "34", "第二炮兵装备研究院": "17", "清华大学电子工程系": "6", "中南工业大学": "4", "第二炮兵工程学院物理教研室": "3", "中国科学技术大学": "3"}, "文章title": ["Modeling the global ionospheric variations based on complex network", "Complex network description of the ionosphere", "Analysis of temporal-longitudinal-latitudinal characteristics in the global ionosphere based on tensor rank-1 decomposition", "A Target Detection Method for Hyperspectral Imagery Based on Two-Time Detection", "肇庆台站地磁场SqD与电离层TEC的同步分析", "中低纬电离层闪烁与地磁场相关性分析及闪烁形态预测研究", "电离层TEC周日变化的峰值特性分析", "Complex networks description of ionosphere", "基于样本熵的全球电离层TEC复杂度分析", "中低纬度电离层暴对磁暴的响应分析初探", "离散双边滤波算子半群性浅析", "基于IGS数据的电离层VR模型构建研究", "Bayesian track-before-detect method based on Gaussian message passing on graph", "基于地磁台阵观测数据的地磁场日变化区域尺度特性分析", "Empirical Evidence for Latitude Dependence and Asymmetry of Geomagnetic Spatial Variation in Mainland China", "Target detection for hyperspectral image based on multi-scale analysis", "基于小波包分解和FK分析的次声信号参数估计", "Regularization Method for Reduction to the Pole and Components Transformation of Magnetic Anomaly at Low Latitudes", "基于尺度选择的单阵源次声检测研究", "用图像矩特征描述的SIFT特征SAR图像配准"], "学术ID": ["CN-BD75DMSJ"]}