{"机构": "国防科学技术大学", "访问量": "1335", "被引量": "942", "成果数": "100", "H_指数": "16", "G指数": "28", "期刊": "95%", "会议": "3%", "专著": "1%", "其他": "1%", "合作学者": {"曹英斌": "国防科技大学航天与材料工程学院国防科技重点实验室", "张长瑞": "国防科技大学航天与材料工程学院", "周新贵": "国防科技大学航天与材料工程学院国防科技重点实验室", "严春雷": "国防科学技术大学航天与材料工程学院新型陶瓷纤维及..."}, "合作机构": {"国防科技大学航天与材料工程学院国防科技重点实验室": "121", "国防科技大学航天与材料工程学院": "89", "国防科学技术大学航天与材料工程学院新型陶瓷纤维及其复合材料国防科技重点实验室": "35", "北京科技大学材料科学与工程学院": "24", "国防科技大学新型陶瓷纤维及其复合材料国防科技重点实验室": "17", "国防科技大学航天与材料工程学院新型陶瓷纤维及其复合材料国防科技重点实验室": "15", "复旦大学上海医学院": "5", "西北核技术研究所": "4", "国防科学技术大学航天与材料工程学院CFC重点实验室": "3", "国防科学技术大学": "3"}, "文章title": ["<span class=\"italic\">In situ Observation of Compression Damage in a Three-Dimensional Braided Carbon Fiber Reinforced Carbon and Silicon Carbide (C/C-SiC) Ceramic Composite", "Micromorphology and Structure of Pyrolytic Boron Nitride Synthesized by Chemical Vapor Deposition from Borazine", "Lanthanum zirconate ceramic toughened by ferroelastic domain switching of LaAlO 3", "Effects of atom- and phase-scale compressive stress on fracture toughness in yttrium-doped lanthanum zirconate solid solutions", "Si/SiC optical coatings for C/SiC composites via gel-casting and gas silicon infiltration: Effects of carbon black content", "C/C素坯密度对GSI C/C-SiC复合材料摩擦磨损性能的影响", "LSI制备具有SiC涂层的石墨材料及其性能研究", "Chemical vapor deposition of pyrolytic boron nitride ceramics from single source precursor", "Effects of SiC/HfC ratios on the ablation and mechanical properties of 3D Cf/HfC-SiC composites", "Ferroelastic domain switching toughening in spark plasma sintered t ’-yttria stabilized zirconia/La 2 Zr 2 O 7 composite ceramics", "C/SiC复合材料轻型反射镜光学改性涂层技术研究进展", "C／C-SiC复合材料高温防护研究进展", "C/SiC复合材料反射镜研究进展", "Synthesis and formation mechanism of ZrB 2 –Al 2 O 3 composite powder starting from ZrO 2 , Al, and BN", "A solid-state precursor route to MB2-Al2O3 composite powders", "素坯密度对气相渗硅制备C/C-SiC复合材料结构与性能的影响", "Synthesis of ZrB2 Powders from ZrO2, BN, and C", "Fabrication and properties of dense silicon carbide ceramic via gel-casting and gas silicon infiltration", "The degradation behavior of UHTCs based coatings coated PIP-C/SiC composites in thermal cycling environment"], "学术ID": ["CN-BG73RS7J"]}