{"机构": "襄樊学院建筑工程学院", "访问量": "2471", "被引量": "1629", "成果数": "160", "H_指数": "20", "G指数": "36", "期刊": "76.3%", "会议": "3.1%", "专著": "3.1%", "其他": "17.5%", "合作学者": {"谢和平": "四川大学", "王璐": "四川大学水利水电学院", "徐进": "四川大学水利水电学院", "张茹": "四川大学水利水电学院"}, "合作机构": {"四川大学水利水电学院": "160", "四川大学": "38", "中国矿业大学(北京)力学与建筑工程学院": "23", "中国矿业大学煤炭资源与安全开采国家重点实验室": "22", "中核高放废物地质处置评价技术重点实验室": "18", "中国科学院武汉岩土力学研究所": "13", "核工业北京地质研究院": "12", "四川大学土木工程系": "10", "四川大学水电学院": "7", "襄樊学院建筑工程学院": "7"}, "文章title": ["大理岩裂隙岩体流变特性试验研究", "Experimental Investigations of Rock Dynamical Characteristics Under Cyclic Loading", "Experimental Investigations of Rock Dynamical Characteristics Under Cyclic Loading", "Research on Confining Pressure Effect on Mesoscopic Damage of Rock Salt Based on CT Scanning", "Adjustable fixing device for acoustic emission test sensors for rock damage testing", "Research on Confining Pressure Effect on Mesoscopic Damage of Rock Salt Based on CT Scanning", "APPARATUS FOR MAKING UNDERGROUND RESERVOIR", "深部花岗岩中天然开启节理剪切性能试验研究", "不同应力状态下北山花岗岩岩爆倾向性研究", "Position-limit device with spring components for direct tensile test", "不同卸荷速率下北山花岗岩力学特性试验研究", "Rock fixing device with hydraulic-spring combination and position-limiting chuck for direct tensile test", "Rock fixing device with hydraulic-spring combination and position-limiting chuck for direct tensile test", "单轴加卸载条件下岩盐变形过程能量和声发射特征研究", "三轴循环加卸载过程中盐岩声发射演化特征分析", "卸载速率对北山花岗岩强度影响研究", "Method and device for building underground storehouse by dissolving limestone with carbon dioxide"], "学术ID": ["CN-BQ75MBOJ"]}