{"机构": "海南师范大学化学与化工学院", "访问量": "1219", "被引量": "671", "成果数": "73", "H_指数": "14", "G指数": "22", "期刊": "97.3%", "会议": "0%", "专著": "0%", "其他": "2.7%", "合作学者": {"陆光汉": "华中师范大学化学系", "蒋丽萍": "华中师范大学化学学院", "姜灵彦": "华中师范大学化学学院", "胡军福": "郧阳师范高等专科学校化学系"}, "合作机构": {"郧阳师范高等专科学校化学系": "42", "华中师范大学化学系": "40", "华中师范大学化学学院": "26", "温州医学院药学院": "5", "长江大学化学与环境工程学院": "5", "华中师范大学": "4", "郧阳师范专科学校化学系": "4", "天津市医药科学研究所": "1", "武汉大学分析测试科学系": "1", "海南师范大学化学与化工学院": "1"}, "文章title": ["过硫酸钾-甲基紫-银(Ⅰ)催化体系动力学光度法测定痕量银", "不同方法制备的MnO2形貌及其电化学传感应用初探", "Keggin型磷钨酸/2-氨基吡啶聚合膜修饰电极的电化学性质及对维生素B2的电催化", "亲和型生物传感器在生物医学上的应用进展", "Study on the Electrochemical Behavior of Dopamine and Uric Acid at a 2‐Amino‐5‐mercapto‐[1,3,4] Triazole Self‐Assembled Monolayers Electrode", "基于共价连接的辣根过氧化物酶的直接电化学与高稳定性传感器构建", "Direct Electrochemistry of Hemoglobin Entrapped in Composite Electrodeposited Chitosan‐Multiwall Carbon Nanotubes and Nanogold Particles Membrane and Its Electrocatalytic Application", "血红蛋白在海藻酸钠膜中的电化学和类酶活性研究", "Electrocatalytic Oxidation of Dopamine at a Nanocuprous Oxide‐Methylene Blue Composite Glassy Carbon Electrode", "Determination of Uric Acid and Norepinephrine by Chitosan‐Multiwall Carbon Nanotube Modified Electrode", "纳米粒子在生物医学传感上的应用", "Surface dissociation properties of short chain carboxyl mercaptan self-assembled monolayers by impedance titration", "磁性纳米粒子在生物医学上的应用进展", "基于阿达玛变换显微成像的花粉形态及DNA定量研究", "The electrochemical behavior of p-benzenediol on a self-assembled monolayers Pt electrode modified with N-(2-mercapto-1,3,4-thiadiazol-5-yl)-N′-(4-substituted-arylacetyl) urea", "Study on the Electrochemical Behavior of Dopamine and Uric Acid at a 2〢minoercapto1,3,4] Triazole Self〢ssembled Monolayers Electrode", "纳米氧化亚铜固载亚甲兰复合膜修饰玻碳电极的电化学性质及其对多巴胺的电催化", "浅谈化学史教育对学生学习兴趣的影响", "二层组装四磺酸酞菁铜修饰电极的制备、表征与应用", "纳米氧化亚铜的制备及其电化学性质"], "学术ID": ["CN-BH746VEJ"]}