{"机构": "山东省平度市云山镇林果站", "访问量": "57", "被引量": "21", "成果数": "30", "H_指数": "3", "G指数": "3", "期刊": "96.7%", "会议": "3.3%", "专著": "0%", "其他": "0%", "合作学者": {"于福顺": "青岛市农业科学研究院", "姜林": "青岛市农业科学研究院", "张翠玲": "青岛市农业科学研究院", "王正欣": "青岛市农业科学研究院"}, "合作机构": {"青岛市农业科学研究院": "126", "青岛农业大学茶叶研究所": "2", "山东省平度市云山镇林果站": "1"}, "文章title": ["不同砧木对甜樱桃幼树生长结果的影响", "乌克兰早熟甜樱桃品种维卡", "桃树不同整形方式对苗木类型的需求研究", "播种密度对桃树苗木生长量的影响", "晚熟甜樱桃品种‘宾库’的引种表现", "中国樱桃新品种‘中樱圆黄’的选育", "甜樱桃砧木的利用与发展建议", "播种深度对桃树出苗率的影响", "中国桃的育苗企业及发展建议", "不同嫁接高度和嫁接时期对桃树苗木生长的影响", "我国桃砧木的应用现状与发展建议", "桃树育苗的施肥试验", "北方桃树栽植及管理技术", "早熟甜樱桃品种桑提娜", "茶树无性系品种抗寒性的LT_（50）研究", "苹果矮砧青矮1、2、3号的苗期形态特征及综合评价", "我国桃育苗的现状与发展建议", "适宜旅游观光的甜樱桃特色品种筛选", "矮化栽培对甜樱桃生长发育的影响", "甜樱桃新品种筛选试验"]}