{"机构": "武警陕西总队医院", "访问量": "543", "被引量": "346", "成果数": "125", "H_指数": "9", "G指数": "13", "期刊": "96%", "会议": "1.6%", "专著": "0%", "其他": "2.4%", "合作学者": {"应申鹏": "台州市中心医院", "陈卫军": "广东省佛山市第二人民医院", "倪玲琴": "台州市中心医院", "于建成": "江苏省盐城市第一人民医院"}, "合作机构": {"台州市中心医院": "27", "江苏省盐城市第一人民医院": "26", "浙江省台州市中心医院": "21", "广东省佛山市第二人民医院": "12", "山东省枣庄市峄城区人民医院": "10", "河南省直第三人民医院": "7", "吉林省延吉市中医院": "7", "盐城市第一人民医院": "6", "内蒙古民族大学附属医院": "6", "武警陕西总队医院": "5"}, "文章title": ["Diosgenin inhibits cell proliferation of primary human thyrocytes via downregulation of PI3K/Akt signaling pathway", "米格列奈对比阿卡波糖治疗2型糖尿病有效性和安全性的多中心、开放、随机对照临床研究", "Outcome and prognostic factors in cervical cancer patients treated with surgery and concurrent chemoradiotherapy: a retrospective study", "Aberrant default mode network in amnestic mild cognitive impairment: a meta-analysis of independent component analysis studies.", "microRNA-503 contribute to pancreatic ß cell dysfunction by targeting the mTOR pathway in gestational diabetes mellitus", "龙胆泻肝汤加味配合中药熏洗治疗急性外阴溃疡20例", "综合护理对鼻咽癌患者放疗致口腔黏膜反应的效果", "格雷夫斯病患者外周血CD4+CD25+Foxp3+调节性T细胞及尿碘的检测及临床意义", "糖化血红蛋白和BNP检测在糖尿病合并慢性心力衰竭患者中的临床意义", "脑梗死偏瘫患者家庭康复护理干预的效果观察", "左甲状腺素钠片对妊娠伴甲状腺功能减退患者的临床研究", "缺氧诱导因子-1α与缺氧诱导因子-2α蛋白和mRNA在宫颈癌中的表达及其临床意义", "综合疗法对预防糖尿病并发症的作用效果分析", "快速康复外科护理联合中医护理技术在腹腔镜胆囊切除术围手术期的应用研究进展", "缺氧诱导因子-1α在宫颈癌放疗过程中的表达", "脑转移瘤同期推量适形放疗与调强放疗的剂量学研究", "桥本甲状腺炎患者外周血CD4+CD25+Foxp3+调节性T细胞及IL-10的检测及临床意义", "米格列奈与阿卡波糖治疗2型糖尿病的疗效比较"], "学术ID": ["CN-BB74UH2J"]}