{"机构": "第三军医大学西南医院", "访问量": "2108", "被引量": "611", "成果数": "48", "H_指数": "11", "G指数": "24", "期刊": "93.8%", "会议": "2.1%", "专著": "0%", "其他": "4.1%", "合作学者": {"胡志刚": "南京医科大学附属无锡人民医院", "徐焱成": "武汉大学中南医院", "刘杰": "复旦大学管理学院", "俞蕾": "江苏省无锡市人民医院"}, "合作机构": {"南京医科大学附属无锡人民医院": "19", "河北医科大学第四医院": "14", "四川省人民医院": "13", "武汉大学中南医院": "9", "四川省医学科学院四川省人民医院": "7", "复旦大学管理学院": "6", "四川大学华西医院": "5", "江苏省无锡市人民医院": "5", "中国农业大学生物学院": "5", "第三军医大学西南医院": "4"}, "文章title": ["Simultaneous detection of Mycoplasma pneumoniae IgG and IgM using dual-label time resolved fluoroimmunoassay", "Zinc‐Air Batteries: Facilitated Oxygen Chemisorption in Heteroatom‐Doped Carbon for Improved Oxygen Reaction Activity in All‐Solid‐State Zinc&ndash;Air Batteries (Adv. Mater. 4/2018)", "Degradation of anhydride-cured epoxy resin using simultaneously recyclable solvent and organic base catalyst", "Biological activities of L.: A systematic review", "Wogonin mitigates nonalcoholic fatty liver disease via enhancing PPARα/AdipoR2, in vivo and in vitro", "TAp63 is correlated with chronic inflammation in patients with newly diagnosed type 2 diabetes mellitus", "Effect of cooperation of chaperones and gene dosage on the expression of porcine PGLYRP-1 in Pichia pastoris", "Determination of Anticyclic Citrullinated Peptide Based on Biotin-Streptavidin-Amplified Time-Resolved Fluoroimmunoassay.", "Greatly Suppressed Shuttle Effect for Improved Lithium Sulfur Battery Performance through Short Chain Intermediates", "Detection of Hepatitis B Virus Large Surface Protein Using a Time‐Resolved Immunofluorometric Assay", "Simultaneous Quantification of Anticardiolipin IgG and IgM by Time Resolved Fluoroimmunoassay:", "DNA methylation is necessary for erythropoietin to improve spatial learning and memory in SAMP8 mice.", "High Mannose-Binding Lectin Serum Levels Are Associated with Diabetic Retinopathy in Chinese Patients with Type 2 Diabetes", "Intermittent levetiracetam treatment in five patients with catamenial epilepsy", "Receiver operating characteristic (ROC) curves were utilized to evaluate the accuracy of markers to diagnoseDR or VDTR.", "Detection of Anti-Cyclic Citrullinated Peptide Using a Time-Resolved Fluoroimmunoassay", "A New Eu3+‐Labeled Method for Anticardiolipin Antibody IgM", "ClC-3 deficiency prevents apoptosis induced by angiotensin II in endothelial progenitor cells via inhibition of NADPH oxidase.", "A hypersensitive biotin-avidin-TRFIA for quantitative detection of ANA-Ig(GAM) and its clinical application.", "Detection of anticardiolipin antibody igm by sm(3+)-labeled time-resolved fluoroimmunoassay."], "学术ID": ["CN-BR731X0J"]}