{"机构": "兰州交通大学土木工程学院", "访问量": "4257", "被引量": "2390", "成果数": "176", "H_指数": "27", "G指数": "43", "期刊": "93.8%", "会议": "4%", "专著": "0.6%", "其他": "1.6%", "合作学者": {"周绪红": "长安大学", "刘君平": "福州大学土木工程学院", "张俊光": "长安大学桥梁与隧道陕西省重点实验室", "张宁": "西北农林科技大学水利与建筑工程学院"}, "合作机构": {"长安大学": "61", "长安大学公路学院": "46", "长安大学建筑工程学院": "28", "福州大学土木工程学院": "20", "湖南大学": "15", "长安大学桥梁与隧道陕西省重点实验室": "14", "西北农林科技大学水利与建筑工程学院": "12", "长沙理工大学土木与建筑学院": "11", "湖南大学土木工程学院": "10", "兰州交通大学土木工程学院": "6"}, "文章title": ["PBL加劲型矩形钢管混凝土桁架拱桥设计", "Vertical temperature gradient patterns of 上-shaped steel-concrete composite girder in arctic-alpine plateau region", "中等跨径装配式矩形钢管混凝土组合桁梁桥设计", "采用墙式整体桥台的无缝桥受力特征", "钢-混凝土组合梁温度效应的解析解", "高原高寒地区“上”形钢-混凝土组合梁的竖向温度梯度模式", "矩形钢管混凝土构件弯曲性能试验研究", "PBL加劲型矩形钢管混凝土支管受拉节点有效分布宽度", "大跨装配式应急公路钢桥方案设计与模糊层次比选", "Design of mid-span fabricated RCFST composite truss bridge", "PBL加劲型矩形钢管混凝土结构力学性能研究综述", "Temperature effects of H-shaped concrete pylon in arctic-alpine plateau region", "Hot spot SCF computation method of concrete-filled and PBL-stiffened- rectangular hollow section joint subjected to axial tensions", "具有PBL加劲的方钢管混凝土构件受弯性能", "开孔板连接件塑性阶段受剪机理及荷载-滑移曲线特征研究", "安装误差对曲塔曲梁无背索斜拉桥受力影响", "Analytical solution of temperature effects of steel-concrete composite girder"], "学术ID": ["CN-BU73UTCJ"]}