{"机构": "中国科学院烟台海岸带研究所中国科学院山东省海岸带环境过程重点实验室", "访问量": "282", "被引量": "192", "成果数": "44", "H_指数": "8", "G指数": "13", "期刊": "88.6%", "会议": "11.4%", "专著": "0%", "其他": "0%", "合作学者": {"董联玲": "山西医科大学第二医院", "王科成": "解放军264医院", "张剑宇": "山西医科大学第二医院", "乔连厚": "山西医学院第二附属医院"}, "合作机构": {"山西医科大学第二医院": "28", "解放军264医院": "10", "山西医学院第二附属医院": "5", "首都医科大学附属北京友谊医院": "3", "山西医科大学": "3", "山东省科学院海洋仪器仪表研究所": "2", "中国科学院大连化学物理研究所": "2", "南京中医药大学中医药研究院": "2", "吉林大学第一医院": "1", "中国科学院烟台海岸带研究所中国科学院山东省海岸带环境过程重点实验室": "1"}, "文章title": ["Monte Carlo simulation of a NaI(Tl) detector for in situ radioactivity measurements in the marine environment", "四二杞乌颗粒对卵巢早衰模型大鼠血清抗苗勒管激素的影响", "养肝和血方对卵巢早衰大鼠性激素的影响", "Characterization of a marine-isolated mercury-resistant Pseudomonas putida strain SP1 and its potential application in marine mercury reduction", "Cloning, characterization and molecular analysis of a metalloprotease from Proteus mirabilis", "灯盏花素联合三七总苷对急性脑梗死大鼠模型tNOS、iNOS的影响", "温经止痛汤治疗痛经30例临床疗效观察", "养肝和血方对初老雌性大鼠卵巢Bcl-2和Bax表达的影响", "温经散结汤治疗慢性盆腔炎30例", "西黄丸治疗带状疱疹心得", "西黄丸治疗肺癌患者1例", "Preliminary study on anti-fatigue mechanism of antler health drink.", "西黄丸配合抗生素治疗盆腔炎性包块1例", "乳腺增生病的中医药治疗近况", "慢性肾炎中医证型的现代研究", "清热散瘀液治疗盆腔炎性包块52例", "温针灸治疗盆腔炎性包块46例", "补肾活血法在风湿性疾病中的应用", "女性衰老过程中不同阶段的衰老机理及其防治思路", "论女性衰老过程中不同阶段的衰老机理及其防治思路"], "学术ID": ["CN-BI74IOOJ"]}