{"机构": "中国石化胜利油田分公司", "访问量": "252", "被引量": "137", "成果数": "32", "H_指数": "7", "G指数": "11", "期刊": "68.8%", "会议": "28.1%", "专著": "3.1%", "其他": "0%", "合作学者": {"王延光": "胜利油田分公司", "韩文功": "胜利石油管理局", "孔庆丰": "中国石油化工股份有限公司", "孟宪军": "中国石化胜利油田有限公司"}, "合作机构": {"胜利油田分公司": "20", "中国石油化工股份有限公司": "12", "胜利石油管理局": "6", "中国石化胜利油田有限公司": "5", "中国地质大学资源学院": "3", "胜利油田有限公司": "3", "中国石油大学(华东)地球科学与技术学院": "3", "中石化胜利油田分公司": "2", "中国科学院海洋研究所": "1", "中国石化胜利油田分公司": "1"}, "文章title": ["叠前地震Q值反演在储层流体识别中的应用研究", "Study on joint method of stratigraphic quality factor tomography in time frequency domain", "黏弹性介质叠前地震反演方法", "高勘探程度区储层描述技术的探索与思考", "基于Teager能量的地层Q值提取及储层流体识别", "地震频带内岩心速度的精确测量", "油藏地球物理技术发展与应用实践", "油藏地球物理软件R系统研发", "曲波域瞬时衰减能量属性在储层识别中的应用研究", "地震资料的Hilbert-Huang变换及其应用", "基于体积平均准则的岩石密度与纵波速度关系", "油藏地球物理在垦71区块复杂岩性油藏的实践", "A new model of rock density and P‐velocity based on volumetric average principle", "High Frequency Restoration of Surface Seismic Data Based On System Identification", "利用测井资料提高地震资料分辨率研究", "基于系统辨识提高地震资料分辨率研究", "Gassmann模型机理分析及其应用", "EIS理论体系及其发展关键", "井控提高地震资料分辨率研究及应用"]}