{"机构": "解放军总医院", "访问量": "10238", "被引量": "8284", "成果数": "844", "H_指数": "43", "G指数": "66", "期刊": "80.5%", "会议": "16.9%", "专著": "0.6%", "其他": "2%", "合作学者": {"钱晓萍": "南京大学医学院附属鼓楼医院", "禹立霞": "南京大学医学院附属鼓楼医院", "魏嘉": "南京大学医学院附属鼓楼医院", "邹征云": "南京大学医学院附属鼓楼医院"}, "合作机构": {"南京大学医学院附属鼓楼医院": "2159", "第四军医大学西京医院": "180", "上海市胸科医院": "52", "南京大学化学化工学院": "50", "昆明医学院第二附属医院": "47", "苏州大学附属常州肿瘤医院": "21", "徐州医学院附属医院": "20", "南京医科大学第一附属医院": "19", "山东省肿瘤医院": "18", "解放军总医院": "17"}, "文章title": []}