{"机构": "清华大学", "访问量": "914", "被引量": "440", "成果数": "33", "H_指数": "11", "G指数": "20", "期刊": "87.9%", "会议": "3%", "专著": "0%", "其他": "9.1%", "合作学者": {"朱颖心": "清华大学", "彭渤": "清华大学建筑学院", "林波荣": "清华大学建筑学院"}, "合作机构": {"清华大学建筑学院": "2", "清华大学": "1"}, "文章title": ["夏热冬冷地区城市住宅冬季热环境后评估研究——基于武汉和上海的差异化分析", "使用者行为与住宅热环境节能研究", "城市家庭居住碳排放的社会-技术分析方法与应用", "城市住宅热环境调节行为的图形化分析", "国际建筑生命周期能耗和CO2排放比较研究", "解放军文艺中心", "低碳城市住区与碳容积率评价指标", "中国城市住区CO_2排放量计算方法", "英国低造价、适应性、低碳排放住宅建设计划", "城·市·商业建筑", "普罗旺斯的罗马教皇城—-阿维尼翁", "普罗旺斯的罗马古城——尼姆", "一种自然通风办公建筑主动式立面的环境评价", "普罗旺斯的罗马古城——奥朗日", "普罗旺斯的罗马古城——阿尔勒", "虚拟环境模拟工具在可持续发展建筑设计中的应用", "温和气候区单层与双层玻璃幕墙节能评价", "购物中心与英国城市中心商业区更新--从斗牛场购物中心看伯明翰中心商业区更新"], "学术ID": ["CN-BD745ALJ"]}