{"机构": "西北大学化工学院", "访问量": "13605", "被引量": "10857", "成果数": "517", "H_指数": "52", "G指数": "84", "期刊": "86.1%", "会议": "9.5%", "专著": "0.2%", "其他": "4.2%", "合作学者": {"杨建丽": "中国科学院山西煤炭化学研究所煤转化国家重点实验室", "刘清雅": "北京化工大学化工资源有效利用国家重点实验室", "朱珍平": "中国科学院山西煤炭化学研究所煤转化国家重点实验室", "黄张根": "中国科学院山西煤炭化学研究所煤转化国家重点实验室"}, "合作机构": {"中国科学院山西煤炭化学研究所煤转化国家重点实验室": "712", "中国科学院山西煤炭化学研究所": "158", "北京化工大学化工资源有效利用国家重点实验室": "110", "清华大学热能工程系": "25", "中国科学院高能物理研究所": "21", "华东理工大学化学工程联合国家重点实验室": "21", "山西省化工研究所": "20", "合肥工业大学化学工程学院": "16", "太原科技大学化学与生物工程学院": "15", "西北大学化工学院": "15"}, "文章title": ["The Boltzmann-Monte-Carlo-Percolation (BMCP) model on pyrolysis of coal: The volatiles’ reactions", "Quantification of reactive intermediate radicals and their induction effect during pyrolysis of two n -alkylbenzenes", "Estimation of Effective Diffusion Coefficient of O2 in Ash Layer in Underground Coal Gasification by Thermogravimetric Apparatus", "Bond cleavage and reactive radical intermediates in heavy tar thermal cracking", "Characterization of direct coal liquefaction catalysts by their sulfidation behavior and tetralin dehydrogenation activity", "Reaction of volatiles from a coal and various organic compounds during co-pyrolysis in a TG-MS system. Part 1. Reaction of volatiles in the void space between particles", "Analysis of carbon fines obtained from the off-gas dust of calcium carbide furnace", "Coke and radicals formation on a sulfided NiMo/γ-Al 2 O 3 catalyst during hydroprocessing of an atmospheric residue in hydrogen donor media", "The Structures of Aromatic Clusters of Different Coals Based on Benzene Carboxylic Acids from Coal via Oxidation", "Catalytic Oxidation of Lignite to Carboxylic Acids in Aqueous H5PV2Mo10O40/H2SO4 Solution with Molecular Oxygen", "Behaviors of coking and stable radicals of a heavy oil during thermal reaction in sealed capillaries", "Behaviors of coking and radicals during reaction of volatiles generated from fixed-bed pyrolysis of a lignite and a subbituminous coal", "A study on the structure of Yilan oil shale kerogen based on its alkali-oxygen oxidation yields of benzene carboxylic acids, 13 C NMR and XPS", "The bond cleavage and radical coupling during pyrolysis of Huadian oil shale", "Behavior of radicals during solvent extraction of three low rank bituminous coals", "Structure and pyrolysis behavior of the organic matter in two fractions of Yilan oil shale", "Catalytic oxidation of lignite to carboxylic acids by molecular oxygen in an aqueous FeCl3 solution", "Correlation of swelling and sorption properties of block coal sample", "The relationship between the humic degree of oil shale kerogens and their structural characteristics", "乙二醇生产装置脱碳系统中钒盐含量的测定"]}