{"机构": "同济大学生命科学与生物工程学院", "访问量": "613", "被引量": "433", "成果数": "54", "H_指数": "10", "G指数": "19", "期刊": "63%", "会议": "37%", "专著": "0%", "其他": "0%", "合作学者": {"王培铭": "同济大学先进土木工程材料教育部重点实验室", "丰曙霞": "同济大学先进土木工程材料教育部重点实验室", "吴丹琳": "同济大学先进土木工程材料教育部重点实验室", "陈红霞": "同济大学混凝土材料研究国家重点实验室"}, "合作机构": {"同济大学先进土木工程材料教育部重点实验室": "67", "同济大学混凝土材料研究国家重点实验室": "3", "济南大学山东省建筑材料制备与测试技术重点实验室": "3", "武汉理工大学硅酸盐材料工程教育部重点实验室": "2", "中山大学附属第三医院": "2", "同济大学材料科学与工程学院": "2", "武汉理工大学材料科学与工程学院": "2", "武汉理工大学理学院": "2", "同济大学": "1", "同济大学生命科学与生物工程学院": "1"}, "文章title": ["数点法与灰度阈值法在聚合物水泥水化程度定量分析中的应用", "矿渣混合水泥中初始氧化钙含量与砂浆溶蚀质量损失的关系", "基于Ca(OH)_2形貌的可再分散乳胶粉延迟水泥水化的研究", "X射线计算机断层扫描技术在水泥基材料微观结构研究中的应用", "基于Rietveld精修法的水泥熟料物相定量分析", "粉煤灰粒径特征对水泥砂浆性能的影响", "基于Rietveld法硅酸盐水泥熟料定量结果的准确性分析?", "Influence of particle size distribution on accurate X-ray quantitative analysis of tetracalcium aluminoferrite", "浸水养护下混合水泥浆体孔溶液pH值对钢筋锈蚀的影响", "低钙粉煤灰颗粒群粒径特征及组成特征", "基于G值法和内标法普通硅酸盐水泥的Rietveld定量分析", "聚合物改性水泥水化程度测定方法比较", "用于背散射电子图像分析的水泥浆体抛光样品制备", "Sem-backscattered electron imaging and image processing for evaluation of unhydrated cement volume fraction in slag blended portland cement pastes", "Rietveld quantification of γ-C_2S conversion rate supported by synchrotron X-ray diffraction images", "Preparation of Flat-polished Specimens of Cement Paste for Backscattered Electron Imaging and Analysis", "Comparison of Methods for Determination of Hydration Degree of Polymer Modified Cement Paste", "粉煤灰对复合水泥颗粒特征和其干缩性能的影响", "用于背散射电子图像分析的水泥浆体抛光样品制备", "背散射电子图像与能量色散X射线谱在硅酸盐水泥物相分析中的应用"], "学术ID": ["CN-BD75JL7J"]}