{"机构": "北京工业大学环境与能源工程学院", "访问量": "1671", "被引量": "1497", "成果数": "281", "H_指数": "21", "G指数": "29", "期刊": "94%", "会议": "5.7%", "专著": "0%", "其他": "0.3%", "合作学者": {"黄元河": "北京师范大学化学系", "于建国": "北京师范大学化学系", "方维海": "北京师范大学化学系", "陈光巨": "北京师范大学化学系"}, "合作机构": {"北京师范大学化学系": "383", "中国科学院感光化学研究所": "19", "北京师范大学": "15", "北京化工大学理学院": "9", "中国科学院研究生院化学部": "8", "信阳师范学院化学化工学院": "7", "山东大学理论化学研究室": "7", "北京师范大学化学学院": "7", "生物化学与分子生物学系": "7", "北京工业大学环境与能源工程学院": "6"}, "文章title": ["二酰基甘油激酶催化反应机理的研究", "铑(I)催化芳烃直接羧化反应的理论研究", "Ab initio molecular dynamics studies on the growth of ammonium chloride clusters", "Why calcium inhibits magnesium-dependent enzyme phosphoserine phosphatase? A theoretical study", "Theoretical study on the insertion reaction of CH( X 2 Π) with CH 4", "Theoretical investigation of the first-shell mechanism of acetylene hydration catalyzed by a biomimetic tungsten complex.", "Effect of S Replacement on the Mechanism of Unimolecular Reactions for Ground-state Thioacetic Acid:A Theoretical Study", "Theoretical studies on cycloaddition reactions between 1-aza-2-azoniaallene cation and olefins.", "Quantum chemical study on the mechanism of the consecutive addition of HCN to aminoacetonitrile", "Hexa- and octacoordinate carbon in hydrocarbon cages: theoretical design and characterization.", "DFT study of the asymmetric nitroaldol (Henry) reaction catalyzed by a dinuclear Zn complex.", "The Self-Assembled of Cyclic D,L-alpha-Peptide Systems: Insights Into the Structure and Energetics", "Theoretical Study of the RNA Hydrolysis Mechanism of the Dinuclear Zinc Enzyme RNase Z", "Theoretical studies on pyridoxal 5’-phosphate-dependent transamination of alpha-amino acids.", "Dipeptide hydrolysis by the dinuclear zinc enzyme human renal dipeptidase: Mechanistic insights from DFT calculations", "Deformation Potential Approach to the Estimation of the Peierls Phase Transition Temperature", "Why Iron? A Spin-Polarized Conceptual Density Functional Theory Study on Metal-Binding Specificity of Porphyrin", "DFT Study on the Mechanism of Escherichia coli Inorganic Pyrophosphatase", "HYPERFINE COUPLING CONSTANTS OF FLUORINATED BENZENE RADICAL CATIONS: A DFT B3LYP AND MP2 STUDY", "多维微正则蒙特卡罗方法计算异氰酸S0→T1系间窜跃速率"], "学术ID": ["CN-BF75N5XJ"]}