{"机构": "吉林师范大学物理学院", "访问量": "3974", "被引量": "2438", "成果数": "204", "H_指数": "28", "G指数": "40", "期刊": "88.7%", "会议": "8.3%", "专著": "1.5%", "其他": "1.5%", "合作学者": {"于思荣": "吉林大学材料科学与工程学院", "杜军": "重庆大学化学化工学院", "何镇明": "吉林工业大学", "朱先勇": "吉林大学材料科学与工程学院"}, "合作机构": {"吉林大学材料科学与工程学院": "228", "吉林工业大学": "58", "重庆大学化学化工学院": "42", "一汽铸造有限公司": "31", "华南理工大学材料科学与工程学院": "28", "吉林大学机械科学与工程学院": "21", "吉林工业大学材料科学与工程学院": "14", "哈尔滨工业大学": "14", "吉林大学": "14", "吉林师范大学物理学院": "13"}, "文章title": ["1%Er改性AM50镁合金的腐蚀力学性能研究", "火山灰-SBS、胶粉-SBS和SBS改性沥青压缩变形行为及机理", "火山灰-SBS、胶粉-SBS和SBS改性沥青压缩变形行为及机理", "Influence of Erbium, Cerium on the Stress Corrosion Cracking Behavior of AZ91 Alloy in Humid Atmosphere: Influence of Erbium, Cerium on the Stress Corrosion Cracking Behavior…", "Compressive Properties of Open-Cell Al Hybrid Foams at Different Temperatures", "The influence of manganese on kinetics of austenitization of the Fe-Mn-C ternary alloys", "锌基纳米复合材料的合成及性能研究进展", "热挤压AM50GdX镁合金的腐蚀力学性能研究", "Austenitic Grain Growth Behavior during Austenization in an Aluminum-Alloyed 5% Cr-Mo-V Steel", "Corrosion and mechanical properties of AM50 magnesium alloy after modified by different amounts of rare earth element Gadolinium", "Kinetics of the austenitization in the Fe-Mo-C ternary alloys during continuous heating", "冷冲压模具常用铸造材料的分类及选材原则", "回火温度对Cr5Mo1V模具钢组织和耐磨性的影响", "冷冲压模具合金铸铁材料的技术进步", "The influence of chromium on the pearlite-austenite transformation kinetics of the Fe–Cr–C ternary steels", "Facile fabrication and photocatalytic properties of ZnO nanorods/ZnSe nanosheets heterostructure", "Growth mechanism, optical and photocatalytic properties of ZnO nanorods@nanoflowers (quantum dots) hybrid nanostructures", "Microstructure, mechanical properties and strengthening mechanisms of 5Cr5MoV modified by aluminum", "Sound Absorption Characteristics of Aluminum Foams Treated by Plasma Electrolytic Oxidation", "Influence of hot-extrusion on microstructure and mechanical properties of AM50 magnesium alloy"], "学术ID": ["CN-BO739HKJ"]}