{"机构": "北京科技大学材料物理系", "访问量": "367", "被引量": "336", "成果数": "85", "H_指数": "11", "G指数": "14", "期刊": "75.3%", "会议": "18.8%", "专著": "1.2%", "其他": "4.7%", "合作学者": {"刘新宇": "中国科学院微电子研究所", "和致经": "中国科学院微电子研究所", "李诚瞻": "中国科学院微电子研究所", "魏珂": "中国科学院微电子研究所"}, "合作机构": {"中国科学院微电子研究所": "229", "中国科学院半导体研究所": "33", "中国计量科学研究院": "13", "中国科学院物理研究所": "12", "中山大学附属第二医院": "11", "中国科学院微电子研究所纳米加工与新器件集成技术实验室": "7", "中国科学院高能物理研究所": "6", "中国科学院微电子中心化合物半导体器件及电路实验室": "6", "北京凝聚态物理国家实验室": "6", "北京科技大学材料物理系": "5"}, "文章title": ["A theoretical and experimental evaluation of Ⅲ-nitride solar-blind UV photocathode", "The nonlinearity measurement of charge-coupled device array spectrometer using colorful LED", "The evaluation of uncertainty about the shape of aperture on measurement of averaged LED intensity", "Organic/Inorganic Hybrid Materials for Organic Electronic Application", "The total spectral radiant flux calibration using a spherical spectrometer at National Institute of Metrology China", "The facility for LED photometric measurement in national institute of metrology", "有机电子器件低温柔性薄膜封装ICP-PECVD系统", "In-Situ Nitrogen Doping of the TiO2 Photocatalyst Deposited by PEALD for Visible Light Activity", "Impact of Detector Spatial Uniformity on the Measurement of Averaged LED Intensity", "全自动荧光粉涂覆工艺及设备研究", "全自动荧光粉涂覆工艺研究", "Estimation of the sampling interval error for LED measurement with a goniophotometer", "Estimation of the sampling interval error for LED measurement with a goniophotometer", "Ferroelectric BaTiO3/SrTiO3multilayered thin films for room-temperature tunable microwave elements", "Interface engineered BaTiO₃/SrTiO₃ heterostructures with optimized high-frequency dielectric properties.", "Self-patterned Nano Structures in Structurally Gradient Epitaxial La0.5Ba0.5CoO3 Films", "Ni/Au、Pd/Au与p-AlGaN材料的接触特性", "三维物体的重建方法", "Shuttlecock with replaceable feathers"], "学术ID": ["CN-BV74TKEJ"]}