{"机构": "浙江财经学院中国外交人物研究所", "访问量": "4780", "被引量": "2426", "成果数": "143", "H_指数": "28", "G指数": "46", "期刊": "72.7%", "会议": "18.2%", "专著": "1.4%", "其他": "7.7%", "合作学者": {"郭建": "中国科学院地质与地球物理研究所", "徐善辉": "吉林大学地球探测科学与技术学院", "郝天珧": "中国科学院地质与地球物理研究所", "陈洁": "广州海洋地质调查局"}, "合作机构": {"中国科学院地质与地球物理研究所": "40", "中国科学院地球物理研究所": "10", "吉林大学地球探测科学与技术学院": "9", "北京京东方光电科技有限公司": "8", "广州海洋地质调查局": "7", "中国国土资源航空物探遥感中心": "5", "大庆石油管理局": "3", "同济大学海洋地质教育部重点实验室": "2", "第二炮兵工程学院": "2", "浙江财经学院中国外交人物研究所": "2"}, "文章title": ["Efficient adaptive seismic data flow lossless compression and decompression method", "探索深部地球物理奥秘,揭示青藏高原动力机制", "EFFICIENT ADAPTIVE SEISMIC DATA FLOW LOSSLESS COMPRESSION AND DECOMPRESSION METHOD", "高效自适应地震数据流无损压缩及解压缩方法", "用扩散电场法估算CHTEM-I系统的探测深度", "立足浅地表,发展新技术", "经略海洋 成就梦想", "深部探测:诠释成矿过程、拓展深部资源", "基于核主成分分析的时间域航空电磁去噪方法", "DIGITAL SEISMIC RECORDER INCLUDING WIRED, WIRELESS AND CABLE-LESS TELEMETRY", "Estimating Penetration Depth of the CHTEM‐I System by the Diffusive Electric Field Method", "用扩散电场法估算CHTEM-I系统的探测深度", "The estimated prospecting depth of CHTEM-I system by the method of diffusion electric field", "编制海陆系列新图,矢志海洋强国梦想", "WIRED, WIRELESS AND CABLELESS ALL_IN_ONE DIGITAL SEISMOMETER", "基于核主成分分析的时间域航空电磁去噪方法", "Million channel-class digital seismometer based on computer network", "Sismomètre numérique tout-en-un câblé, sans fil et sans câble", "Development on Seismic Recording System", "数字地震仪的研制和开发"], "学术ID": ["CN-BS74WVFJ"]}