{"机构": "清华大学", "访问量": "3303", "被引量": "1819", "成果数": "107", "H_指数": "21", "G指数": "40", "期刊": "77.6%", "会议": "20.6%", "专著": "0.9%", "其他": "0.9%", "合作学者": {"罗建辉": "湖南大学土木工程学院", "陈政清": "湖南大学风工程试验研究中心", "尚守平": "湖南大学土木工程学院", "易伟建": "湖南大学土木工程学院"}, "合作机构": {"湖南大学土木工程学院": "53", "湖南大学风工程试验研究中心": "13", "长沙理工大学土木与建筑学院": "13", "湖南大学岩土工程研究所": "12", "湖南大学": "12", "湖南大学结构工程研究所": "12", "华南理工大学土木与交通学院": "6", "华南理工大学交通学院": "6", "佛山科学技术学院": "6", "清华大学": "4"}, "文章title": ["H型吊杆的大攻角风致振动和抗风设计", "A biorthogonality relationship for three-dimensional couple stress problem", "人行桥的人致振动理论与动力设计", "PEDESTRIAN-INDUCED VIBRATION THEORY AND DYNAMIC DESIGN OF FOOTBRIDGES", "人行桥的人致振动理论与动力设计", "Wind-resistant characteristics of H-shape slender hangers", "基于无单元Galerkin法的软土区高承台超长嵌岩基桩屈曲分析", "SHEAR LAG EFFECT FOR THIN-WALLED CURVED BOX GIRDER IN CONSIDERING ELASTICS AND PLASTICS OF MATERIALS", "双肢薄壁墩连续刚构桥平衡悬臂施工阶段的三维风效应研究", "某骨架支承式膜结构屋盖的等效静力风荷载研究", "悬索桥主缆系统数值解析法计算的一种收敛算法", "薄壁曲线箱梁考虑材料弹塑性的剪力滞效应", "复杂地基反力模式下高承台嵌岩灌注桩的屈曲稳定分析", "大跨度缆索承重桥梁非线性静风扭转失稳机理的研究 第16届全国结构工程学术会议特邀报告", "RESEARCH ON INSTABILITY MECHANISM OF LONG-SPAN CABLE-STAYED BRIDGES DUE TO NONLINEAR AEROSTATIC TORSION", "大跨度缆索承重桥梁非线性静风扭转失稳机理的研究", "体育馆屋盖的风洞试验研究和数值计算", "Buckling analysis of super-long rock-socketed filling piles in soft soil area by element free Galerkin method", "桥梁风工程研究的若干新进展"], "学术ID": ["CN-BU75OE9J"]}