{"机构": "湖南大学土木工程学院", "访问量": "278", "被引量": "163", "成果数": "6", "H_指数": "5", "G指数": "0", "期刊": "66.7%", "会议": "33.3%", "专著": "0%", "其他": "0%", "合作学者": {"刘桂秋": "湖南大学土木工程学院", "施楚贤": "湖南大学土木工程学院"}, "合作机构": {"湖南大学土木工程学院": "9"}, "文章title": ["砌体及砌体材料弹性模量取值的研究", "对灌孔混凝土砌块砌体材料强度等级选择的研究", "建筑工程静压钢管桩托换施工技术应用", "无筋砖墙的受剪性能分析", "平面受力砌体的破坏准则", "砌体受压应力-应变关系"], "学术ID": ["CN-BH74SMBJ"]}