{"机构": "大庆石油学院", "访问量": "2040", "被引量": "1043", "成果数": "156", "H_指数": "17", "G指数": "26", "期刊": "87.2%", "会议": "12.2%", "专著": "0%", "其他": "0.6%", "合作学者": {"胡金海": "大庆油田有限责任公司", "黄春辉": "大庆油田有限责任公司", "李英伟": "燕山大学信息科学与工程学院", "李雷": "大庆油田有限责任公司"}, "合作机构": {"大庆油田有限责任公司": "277", "燕山大学信息科学与工程学院": "51", "内蒙古科技大学": "12", "天津大学电气与自动化工程学院": "7", "东北石油大学电子科学学院": "7", "大庆油田测试技术服务分公司": "5", "北京航空航天大学仪器科学与光电工程学院": "4", "北京航空航天大学": "3", "大庆石油学院电气信息工程学院": "3", "大庆石油学院": "3"}, "文章title": ["基于USB的油气水三相流流动参数采集系统设计", "Design and optimization of the fiber-optic probe array for measuring gas holdup in oil-gas-water multiphase flow", "The influence on response of axial rotation of a six-group local-conductance probe in horizontal oil-water two-phase flow", "基于电磁法高含水油井产液剖面测井仪现场应用", "Design and numerical simulation on an auto-cumulative flowmeter in horizontal oil–water two-phase flow", "Support-vector-regression-based prediction of water holdup in horizontal oil-water flow by using a bicircular conductance probe array", "Modeling and optimal design of fiber-optic probe for medium detection based on computer simulation", "Novel Downhole Electromagnetic Flowmeter for Oil-Water Two-Phase Flow in High-Water-Cut Oil-Producing Wells", "The Finite Element Analysis for a Mini-Conductance Probe in Horizontal Oil-Water Two-Phase Flow", "Modeling of low viscosity oil-water annular flow in horizontal and slightly inclined pipes: Experiments and CFD simulations", "Water holdup measurement of oil-water two-phase flow in a horizontal well using a dual-circle conductance probe array", "多传感器数据融合技术在多相流领域研究进展?", "煤层气井生产测试组合仪的研制与现场应用?", "气体对伞集流涡轮流量计流量测量影响实验研究", "Novel Four-Electrode Electromagnetic Flowmeter for the Measurement of Flow Rate in Polymer-Injection Wells", "A new method of measuring the oil-air-water three-phase flow rate", "Calibration of Mineralization Degree for Dynamic Pure-water Measurement in Horizontal Oil-water Two-phase Flow", "Identification of Oil-Water Flow Patterns in a Vertical Well Using a Dual-Ring Conductance Probe Array"], "学术ID": ["CN-BW74LZUJ"]}