{"机构": "第三军医大学大坪医院", "访问量": "517", "被引量": "470", "成果数": "109", "H_指数": "12", "G指数": "18", "期刊": "89.9%", "会议": "6.4%", "专著": "0%", "其他": "3.7%", "合作学者": {"傅强": "第二军医大学长海医院", "丁克家": "山东省立医院", "杨为民": "华中科技大学同济医学院附属同济医院", "叶章群": "华中科技大学同济医学院附属同济医院"}, "合作机构": {"华中科技大学同济医学院附属同济医院": "112", "山东省立医院": "69", "复旦大学附属中山医院": "30", "第二军医大学长海医院": "24", "山东大学附属省立医院": "18", "复旦大学附属肿瘤医院": "13", "上海宝山中心医院": "11", "郑州大学第一附属医院": "9", "武汉市中心医院": "9", "第三军医大学大坪医院": "9"}, "文章title": ["Identification and Validation of Stromal Immunotype Predict Survival and Benefit from Adjuvant Chemotherapy in Patients with Muscle Invasive Bladder Cancer", "B4GALT1 expression predicts prognosis and adjuvant chemotherapy benefits in muscle-invasive bladder cancer patients.", "Galectin-9 as a prognostic and predictive biomarker in bladder urothelial carcinoma.", "High truncated-O-glycan score predicts adverse clinical outcome in patients with localized clear-cell renal cell carcinoma after surgery", "High CXC chemokine receptor 1 level represents an independent negative prognosticator in non-metastatic clear-cell renal cell carcinoma patients", "Tumor-infiltrating neutrophils predict benefit from adjuvant chemotherapy in patients with muscle invasive bladder cancer", "Tunneling nanotubes promote intercellular mitochondria transfer followed by increased invasiveness in bladder cancer cells", "High NUCB2 expression level represents an independent negative prognostic factor in Chinese cohorts of non-metastatic clear cell renal cell carcinoma patients", "既往手术史对开放和腹腔镜根治性膀胱切除术影响的对照研究", "Prognostic and Predictive Value of O6-methylguanine Methyltransferase for Chemotherapy in Patients with Muscle-Invasive Bladder Cancer", "Prognostic value of granulocyte colony-stimulating factor in patients with non-metastatic clear cell renal cell carcinoma", "Beta-1,4-galactosyltransferase II predicts poor prognosis of patients with non-metastatic clear-cell renal cell carcinoma", "Supplementary Material", "Increased expression of MUC3A is associated with poor prognosis in localized clear-cell renal cell carcinoma", "膀胱癌病理分级低估的临床分析", "Tumor Infiltrating Mast Cells (TIMs) Confers a Marked Survival Advantage in Nonmetastatic Clear-Cell Renal Cell Carcinoma", "High expression of Mucin13 associates with grimmer postoperative prognosis of patients with non-metastatic clear-cell renal cell carcinoma", "CCL2/CCR2 axis is associated with postoperative survival and recurrence of patients with non-metastatic clear-cell renal cell carcinoma:", "High expression of galectin-7 associates with poor overall survival in patients with non-metastatic clear-cell renal cell carcinoma", "Paraganglioma of the urinary bladder with chromosome duplications detected by fluorescence in situ hybridization in urine exfoliated cells: A case report"]}