{"机构": "福建工程学院电子信息与电气工程系", "访问量": "254", "被引量": "183", "成果数": "43", "H_指数": "8", "G指数": "12", "期刊": "95.3%", "会议": "4.7%", "专著": "0%", "其他": "0%", "合作学者": {"王琨": "福州大学阳光学院", "吴学慧": "福州大学无线电工程系", "余轮": "福州大学物理与信息工程学院", "林丽群": "福州大学信息与通信工程系"}, "合作机构": {"福州大学物理与信息工程学院": "9", "福州大学阳光学院": "8", "福州大学信息与通信工程系": "3", "福州大学无线电工程系": "3", "福建省立医院": "1", "福建工程学院电子信息与电气工程系": "1"}, "文章title": ["创新创业视角下电子电路类课程改革探索", "应用型人才培养模式下模拟电子电路教改初探", "基于多传感器的车内环境智能控制系统设计", "基于仿射投影的CMA盲均衡算法", "电子信息类专业应用型人才培养模式下实践教学体系的探索与实践", "基于深度学习的茶叶状态智能识别方法", "车联网中基于路边单元的普适路由仿真研究", "低压电力线信道阻抗测量与匹配", "单点自适应控制的配时方法研究", "电力线载波扩频通信调制模块的设计", "指纹图像质量评估的研究与应用", "H．264中自适应二进制算术编码器的FPGA实现", "基于蓝牙技术的嵌入式信息家电网络系统设计", "基于ARM和μC/OS的嵌入式SMI网络转换器设计与应用", "基于单片机的IP113F光纤收发器的监控与采集", "基于ARM和μC/OS的以太网转接口设计与应用", "基于数字水印和ARM的门票防伪检测系统", "基于WinCE.NET的Boot Loader的原理与启动分析", "基于WinCE.NET的Boot Loader的原理与启动分析", "基于服务分类和性能监测的负载均衡研究"], "学术ID": ["CN-BH75L6FJ"]}