{"机构": "中国林业科学研究院", "访问量": "311", "被引量": "338", "成果数": "56", "H_指数": "10", "G指数": "17", "期刊": "73.2%", "会议": "3.6%", "专著": "0%", "其他": "23.2%", "合作学者": {"孙振元": "中国林业科学研究院林业研究所", "韩蕾": "中国林业科学研究院林业研究所国家林业局", "钱永强": "中国林业科学研究院林业研究所国家林业局", "巨关升": "中国林业科学研究院林业研究所国家林业局"}, "合作机构": {"中国林业科学研究院林业研究所国家林业局": "97", "中国林业科学研究院林业研究所": "55", "中国林业科学研究院湿地研究所": "6", "中国绿化基金会": "4", "中国农业大学观赏园艺与园林系": "4", "中国林业科学院林业研究所": "2", "青岛农业大学园林园艺学院": "2", "中国林业科学研究院热带林业研究所": "2", "中国林业科学研究院资源昆虫研究所": "2", "中国林业科学研究院": "2"}, "文章title": ["The Regulation of Silicon to Lead Stress in", "Stem Photosynthesis of Twig and Its Contribution to New Organ Development in Cutting Seedlings of Salix Matsudana Koidz.", "Assessing genetic diversity and population structure of Salix viminalis across Ergun and West Liao basin", "27个柳树无性系对镉的吸收分配特性", "Supplementary Material 9", "Male and Female Subpopulations ofSalix viminalisPresent High Genetic Diversity and High Long-Term Migration Rates between Them:", "Supplementary Table 7", "Supplementary Table 1", "Supplementary Table 2", "Supplementary Table 4", "Supplementary Table 5", "Supplementary Table 6", "Supplementary Table 3", "蒿柳雌株与雄株在高温胁迫下的生理差异及其变异", "基于叶,枝特性的柳树苗期观赏性评判", "Supplementary Figure 1", "野牛草克隆分株酶促活性氧清除系统对差异光周期的响应", "Isolation and characterization of pyrroline-5-carboxylate synthetase gene from perennial ryegrass (Lolium perenne L.)"], "学术ID": ["CN-BR740B5J"]}