{"机构": "吉林大学中文系", "访问量": "358", "被引量": "153", "成果数": "36", "H_指数": "8", "G指数": "10", "期刊": "97.2%", "会议": "2.8%", "专著": "0%", "其他": "0%", "合作学者": {"陈方竞": "汕头大学文学院", "张丛皞": "吉林大学文学院", "吴博达": "吉林大学机械科学与工程学院", "郝长海": "吉林大学中文系"}, "合作机构": {"吉林大学文学院": "2", "汕头大学文学院": "2", "海南大学人文传播学院": "1", "华东师范大学中文系": "1", "吉林大学机械科学与工程学院": "1", "吉林大学中文系": "1"}, "文章title": ["反思·重建·拓展——朱德发先生的“五四”文学研究", "20世纪中国文学发展史论", "唐湜诗论:“九叶”派诗学理论基石", "守正纳新 思理常青——在吉林大学文学院的讲演", "找回伟大的鲁迅和鲁迅的伟大", "辜鸿铭历史行为的思想理论认识因缘", "开拓鲁迅研究新领域的宝贵尝试——《鲁迅小说的跨艺术研究》读后", "马克思主义文艺理论史上的辉煌日出——纪念《在延安文艺座谈会上的讲话》发表70周年（笔谈）马克思主义文艺理论中国化的一次飞跃——纪念《讲话》发表70周年", "关于开展东北地域文化研究的一些思考", "冯健男先生的冯文炳研究", "中国当代文学批评与研究的理论方法问题", "精神与美学的双重诠释——读张学昕《南方想象的诗学》", "1978-2008年辜鸿铭研究述评", "“五四精神”与中国新文学", "\"华语文学与世界文学\"——2008渤海大学文学高峰论坛", "读高擎洲先生《旧云新影——中国现代文学论集》", "史识:中国现代文学史研究的灵魂", "贴近文艺实践 恪行守正创新——加强现实文艺问题研究", "新时期的文化思潮与中国现代文学研究"], "学术ID": ["CN-BD75EFVJ"]}