{"机构": "天津体育学院", "访问量": "3672", "被引量": "1993", "成果数": "140", "H_指数": "24", "G指数": "40", "期刊": "82.1%", "会议": "17.9%", "专著": "0%", "其他": "0%", "合作学者": {"张勇": "天津体育学院运动医学研究所", "焦选茂": "中国科学院动物研究所生物膜与膜生物工程国家重点实验室", "时庆德": "天津体育学院运动医学研究所", "文立": "天津体育学院运动人体科学系"}, "合作机构": {"天津体育学院运动医学研究所": "91", "中国科学院动物研究所": "52", "中国科学院动物研究所生物膜与膜生物工程国家重点实验室": "48", "首都医科大学宣武医院": "20", "首都医科大学附属北京友谊医院": "19", "哈尔滨医科大学病理生理教研室": "16", "天津体育学院运动人体科学系": "15", "中国科学院动物研究所生物膜与膜生物国家重点实验室": "13", "中科院动物所生物膜与膜生物工程国家重点实验室": "11", "天津体育学院": "8"}, "文章title": ["Zebrafish phosvitin-derived peptide Pt5 inhibits melanogenesis via cAMP pathway", "Abnormal expression of key genes and proteins in the canonical Wnt/β-catenin pathway of articular cartilage in a rat model of exercise-induced osteoarthritis.", "The Immune Strategy and Stress Response of the Mediterranean Species of the Bemisia tabaci Complex to an Orally Delivered Bacterial Pathogen", "Psychological advertising: exploring user psychology for click prediction in sponsored search", "Analysis of whitefly transcriptional responses to Beauveria bassiana infection reveals new insights into insect-fungus interactions", "Caspase cleavage of cytochrome c1 disrupts mitochondrial function and enhances cytochrome c release", "运动促进慢性心衰大鼠心肌线粒体生物合成与心肌重构", "Evidence for ΔpH surface component (ΔpHS) of proton motive force in ATP synthesis of mitochondria", "Response of mitochondrial fusion and fission protein gene expression to exercise in rat skeletal muscle", "冬虫夏草提取液对肝线粒体氧化磷酸化功能的影响", "冬虫夏草提取液对糖尿病小鼠肝线粒体氧化磷酸化功能保护作用", "有氧耐力训练对增龄大鼠骨骼肌线粒体生物合成的影响", "Upregulation of uncoupling protein-3 in skeletal muscle during exercise: a potential antioxidant function.", "运动与衰老骨骼肌线粒体生物合成", "耐力训练诱导增龄大鼠骨骼肌线粒体生物合成:ROS介导的p38 MAPK信号通路", "线粒体呼吸链与活性氧", "Regulation of mitochondrial uncoupling respiration during exercise in rat heart: role of reactive oxygen species (ROS) and uncoupling protein 2", "The Impact of Airâ€“Sea Interactions on the Simulation of Tropical Intraseasonal Variability", "骨骼肌线粒体对细胞能量需求的快速应答:mfn1/2与fis1基因在急性运动中的动态表达"], "学术ID": ["CN-B1742W2J"]}