{"机构": "福建医科大学附属厦门第一医院", "访问量": "693", "被引量": "1658", "成果数": "162", "H_指数": "23", "G指数": "35", "期刊": "95.1%", "会议": "0.6%", "专著": "0%", "其他": "4.3%", "合作学者": {"林新华": "福建医科大学药学院", "陈伟": "福建医科大学药学系", "夏兴华": "南京大学化学化工学院生命分析化学教育部重点实验室", "彭花萍": "福建医科大学药学院"}, "合作机构": {"福建医科大学药学院": "304", "福建医科大学药学系": "85", "南京大学化学化工学院生命分析化学教育部重点实验室": "49", "福建医科大学附属第一医院": "35", "福建医科大学附属协和医院": "28", "中山大学附属第一医院": "23", "福建医科大学附属第二医院": "13", "福建医科大学医学技术与工程学院": "9", "南京晓庄学院化学系": "9", "福建医科大学附属厦门第一医院": "8"}, "文章title": [], "学术ID": ["CN-BX73VG8J"]}