{"机构": "安徽医科大学分子生物学实验室", "访问量": "4128", "被引量": "1929", "成果数": "210", "H_指数": "19", "G指数": "31", "期刊": "86.2%", "会议": "13.3%", "专著": "0%", "其他": "0.5%", "合作学者": {"谢丽丽": "郑州大学综合设计研究院", "郝彤": "郑州大学土木工程学院", "于秋波": "郑州大学综合设计研究院", "赵文兰": "郑州大学土木工程学院"}, "合作机构": {"郑州大学土木工程学院": "169", "郑州大学综合设计研究院": "58", "中国建筑科学研究院": "14", "同济大学建筑工程系": "9", "中原工学院土木建筑工程系": "6", "武汉理工大学土木工程与建筑学院": "6", "浙江大学机械工程学系": "4", "泸州医学院附属医院": "4", "郑州大学信息工程学院": "4", "安徽医科大学分子生物学实验室": "4"}, "文章title": ["废砖再生混凝土预制墙板在往复荷载作用下的有限元数值分析", "折线先张法预应力混凝土梁长期挠度实用计算公式", "先张法预应力钢绞线锚固长度试验研究", "折线先张预应力混凝土梁疲劳受力性能试验研究", "预应力钢绞线拔出锚固受力性能试验研究", "带构造柱混凝土多孔砖墙体的抗震性能试验研究", "Effect of powder size on the microstructure and dielectric properties of ZnO ceramics", "High pressure treated ZnO ceramics towards giant dielectric constants", "预拌混凝土早期极限拉应变试验研究", "Ag2O/TiO2/V2O5 one-dimensional nanoheterostructures for superior solar light photocatalytic activity", "Ag/TiO2 nanofiber heterostructures: Highly enhanced photocatalysts under visible light", "折线先张法预应力混凝土梁长期变形试验研究", "先张法预应力螺旋肋钢棒自锚预应力传递长度的试验", "用逐点顶升法纠倾钢筋混凝土框架结构办公楼", "预应力度对梁徐变系数与徐变挠度系数数值关系的影响", "预应力混凝土梁徐变应变与应力关系试验研究", "高强钢筋混凝土结构设计及工程实例中钢筋用量分析", "CRB600H钢筋在板类构件中的应用", "CRB600H钢筋在板类构件中的应用", "AN EXPERIMENTAL STUDY ON PRESTRESSED TRANSIMISSION LENGTH FOR PRESTRESSED HELICAL RIBBED BAR"], "学术ID": ["CN-BC74ISSJ"]}