{"机构": "中国农业大学理学院", "访问量": "747", "被引量": "491", "成果数": "46", "H_指数": "12", "G指数": "20", "期刊": "95.7%", "会议": "0%", "专著": "0%", "其他": "4.3%", "合作学者": {"张振华": "鲁东大学地理与规划学院", "谢恒星": "鲁东大学地理与资源管理学院", "马孝义": "西北农林科技大学水利与建筑工程学院", "李清翠": "鲁东大学地理与资源管理学院"}, "合作机构": {"鲁东大学地理与规划学院": "48", "鲁东大学地理与资源管理学院": "33", "西北农林科技大学水利与建筑工程学院": "15", "西北农林科技大学水利与建筑工程学院陕西杨凌": "8", "东北农业大学水利与建筑学院": "5", "西北农林科技大学旱区农业水土工程教育部重点实验室": "4", "河南工业大学思想政治教育学院": "3", "甘肃省人民医院": "2", "鲁东大学生命科学学院": "2", "中国农业大学理学院": "1"}, "文章title": ["黑土区玉米穗质量与影响因素的联合多重分形研究", "黑土区玉米地作物信息多重分形与多尺度相关特征研究", "松嫩平原黑土区玉米穗质量构成要素的空间变异性研究", "果园土壤水分时间稳定性研究", "秸秆覆盖条件下小尺度土壤全氮的空间变异性", "秸秆覆盖条件下黑土区不同土层土壤全氮分布特征", "土壤饱和导水率的多尺度预测模型与转换关系", "Progesterone and DNA Damage Encourage Uterine Cell Proliferation and Decidualization through Up-regulating Ribonucleotide Reductase 2 Expression during Early Pregnancy in Mice", "基于联合多重分形的土壤水分特征曲线土壤传递函数", "不同土层土壤特性空间变异性关系的联合多重分形研究", "基于主成分分析单一参数入渗模型的BP神经网络模型", "陕西杨凌土壤粒径分布体积分形维数特征分析及预测", "基于多水头稳态入渗的土壤参数求算方法研究", "不同条件下Green-Ampt模型累积入渗量显函数的适用性", "土壤水盐空间异质性及尺度效应的多重分形", "Multifractal study on spatial variability of soil water and salt and its scale effect", "土壤入渗特性的空间变异性及土壤转换函数", "土壤水分特性的分形特征与传递函数研究"]}