{"机构": "中南财经政法大学社会发展研究中心", "访问量": "4540", "被引量": "2562", "成果数": "186", "H_指数": "26", "G指数": "47", "期刊": "95.7%", "会议": "4.3%", "专著": "0%", "其他": "0%", "合作学者": {"周华": "中国人民大学商学院", "戴德明": "中国人民大学商学院", "徐海燕": "对外经济贸易大学法学院", "李培华": "中国人民大学法学院"}, "合作机构": {"中国人民大学商学院": "13", "中国人民大学法学院": "5", "对外经济贸易大学法学院": "5", "中国社会科学院经济研究所": "2", "北京航空航天大学经济管理学院": "1", "中国社会科学院法学研究所": "1", "全国人大法工委": "1", "南开大学虚拟经济与管理研究中心": "1", "北京大军经济观察研究中心": "1", "中南财经政法大学社会发展研究中心": "1"}, "文章title": ["社会组织信用信息管理制度是我国社会组织走向治理现代化的法律基石", "营造共建共享的市场生态环境", "公司自治与司法干预的平衡艺术:《公司法解释四》的创新、缺憾与再解释", "构建绿色生产和消费法律制度", "完善产权保护制度 夯实产权保护根基", "国际会计准则的困境与财务报表的改进——马克思虚拟资本理论的视角", "既要擦亮市场之眼 也要磨尖法律之牙", "打造消费者友好型的网络交易生态环境", "“十三五”时期商事制度改革重点任务", "完善国有企业公司治理的几点思考", "网购消费者须谨慎预留银行卡信息", "微信朋友圈转发虚假广告该当何罪?", "食品安全责任险能“保”消费者健康吗?", "如何制止个人消费数据泄露之殇", "弘扬消费者友好型裁判理念 助力新常态下经济转型升级", "全民股东权利与国企治理现代化", "勇于担当 铸造公信 最高人民法院第二巡回法庭第一案庭审的观摩感言", "政府监管应走向法治化", "打造投资者友好型证券法 推动资本市场治理现代化", "完善司法解释制度 激活消费公益诉讼"], "学术ID": ["CN-BF73S5VJ"]}