{"机构": "北京航空航天大学", "访问量": "1939", "被引量": "1130", "成果数": "79", "H_指数": "17", "G指数": "32", "期刊": "91.1%", "会议": "8.9%", "专著": "0%", "其他": "0%", "合作学者": {"张迎涛": "中国政法大学法学院", "陶攀": "中国政法大学法学院", "吕艳滨": "中国社会科学院法学研究所", "王达": "广州大学公法研究中心"}, "合作机构": {"中国政法大学法学院": "7", "中国政法大学": "5", "广州大学公法研究中心": "3", "中国社会科学院法学研究所": "3", "甘肃省人民检察院": "2", "广西师范大学法学院": "2", "北京航空航天大学材料科学与工程学院": "2", "郑州大学第一附属医院": "1", "北京科技大学": "1", "北京航空航天大学": "1"}, "文章title": ["“三个行为法”与地方立法权", "法规范文件备案考", "立法成本收益分析在中国:理念更新与制度确立", "论检察制度的探索性特征", "应尽快制定全国性控烟法律", "行政复议制度改革成效与进路分析——行政复议制度调研报告", "“专车”利益分化中的地方立法空间", "行政纠纷解决机制研究", "预防腐败的有效路径", "卫生法理论体系建构的前提", "《行政诉讼法》修改后的证据规定评析", "控烟条例不是“九龙治水”", "公法视野下的环境公益诉讼", "论地方行政程序规定的合宪性", "行政复议机构设置的基础", "参与式行政:一种新型的行政法制模式", "行政复议改革之重——关于复议机构的重构", "评杨解君《中国行政法的变革之道——契约理念的确立及其展开》", "行政复议改革之重"], "学术ID": ["CN-BL75BREJ"]}