{"机构": "北京胸部肿瘤结核病医院", "访问量": "218", "被引量": "96", "成果数": "13", "H_指数": "6", "G指数": "9", "期刊": "84.6%", "会议": "15.4%", "专著": "0%", "其他": "0%", "合作学者": {"马屿": "北京市结核病胸部肿瘤研究所", "蔡宝云": "首都医科大学附属北京胸科医院", "张昕": "北京市结核病胸部肿瘤研究所", "杨新婷": "首都医科大学附属北京胸科医院"}, "合作机构": {"北京市结核病胸部肿瘤研究所": "11", "首都医科大学附属北京胸科医院": "5", "北京大学人民医院": "1", "北京胸部肿瘤结核病医院": "1"}, "文章title": ["结核病合并肝硬化患者临床特点分析", "左氧氟沙星静脉滴注致休克2例", "Shock associated with intravenous infusion of levofloxacin: 2 case reports", "细胞因子和结核性胸腔积液(摘要)", "结核病的误诊及预防对策", "细胞因子和结核性胸腔积液", "含安美汀方案治疗耐多药结核病的近期疗效初步观察", "胸液γ-干扰素和α-肿瘤坏死因子检测对结核性胸膜炎诊断价值的探讨", "肺结核继发卡他莫拉氏菌感染58例临床分析", "肺鳞癌和小细胞癌的X线影像分析", "肺结核与糖尿病", "发热、咳嗽、咯痰,双肺散在片状、结节影", "中西医结合治疗肺结核干酪病变的临床观察"], "学术ID": ["CN-BY74YQEJ"]}