{"机构": "国防科学技术大学航天与材料工程学院", "访问量": "1011", "被引量": "363", "成果数": "76", "H_指数": "10", "G指数": "15", "期刊": "80.3%", "会议": "18.4%", "专著": "0%", "其他": "1.3%", "合作学者": {"蒙瑰": "西南科技大学信息工程学院", "尚丽平": "西南科技大学信息工程学院", "袁长迎": "四川大学高温高压物理研究所", "李红雷": "华东电力试验研究院有限公司"}, "合作机构": {"西南科技大学信息工程学院": "41", "西南科技大学工程技术中心": "9", "四川大学高温高压物理研究所": "9", "华东电力试验研究院有限公司": "8", "西南科技大学": "6", "宿迁学院": "5", "中国工程物理研究院化工材料研究所": "4", "中国空气动力研究与发展中心低速所": "4", "清华大学电机系": "4", "国防科学技术大学航天与材料工程学院": "4"}, "文章title": ["AGV车用锂离子电池管理系统的设计与实现", "井下噪声的频谱分析", "基于Blob算法的标记圆检测技术研究", "计算机视觉中标记点匹配算法", "基于梯度域的多曝光灰度图像融合研究", "采用光声光谱技术检测乙炔气体的研究", "Online monitoring system of anaerobic reactor in processes of transforming wastewater into resources", "厌氧反应器废水资源化过程在线监测系统", "飞机尾旋三维测量试验的改进方法", "基于FPGA的LIA设计及其在光声检测中的应用", "一种快速的三维点云自动配准方法", "噪声对光声气体检测系统影响的研究", "激光照明技术在成像中的应用", "The improvement method in 3-D measurement of airplane free spin", "基于光声光谱技术的1.5μm波段NH_3吸收谱线测量与分析", "含噪点云预处理技术研究", "Camera paramters estimating and 3D reconstruction with bundle adjustment", "波长调制光声气体检测用锁相放大器的优化设计", "Weighted bundle adjustment method in optical measurement system"], "学术ID": ["CN-BL74SPFJ"]}