{"机构": "西安理工大学西北水资源与环境生态教育部重点实验室", "访问量": "16858", "被引量": "12254", "成果数": "466", "H_指数": "60", "G指数": "88", "期刊": "93.3%", "会议": "3.4%", "专著": "0.4%", "其他": "2.9%", "合作学者": {"薛萐": "西北农林科技大学水土保持研究所", "王国梁": "南京大学", "张超": "中国水利水电第十四工程局", "许明祥": "西北农林科技大学水土保持研究所黄土高原土壤侵蚀与..."}, "合作机构": {"中国科学院水利部水土保持研究所": "217", "西北农林科技大学水土保持研究所": "88", "西北农林科技大学水土保持研究所黄土高原土壤侵蚀与旱地农业国家重点实验室": "71", "贵州大学林学院": "64", "南京大学": "53", "中国水利水电第十四工程局": "50", "中国科学院水利部水土保持研究所黄土高原土壤侵蚀与旱地农业国家重点实验室": "36", "西北农林科技大学西部环境与生态教育部重点实验室": "34", "西安科技大学地质与环境学院": "27", "西安理工大学西北水资源与环境生态教育部重点实验室": "27"}, "文章title": ["Effects of rhizosphere interactions of grass interspecies on the soil microbial properties during the natural succession in the Loess Plateau", "农户生态修复行为与修复效果间的互馈效应研究——基于陕北地区调查数据的实证分析", "Interaction Between Plant Competition and Rhizospheric Bacterial Community Influence Secondary Succession of Abandoned Farmland on the Loess Plateau of China", "A new method to optimize root order classification based on the diameter interval of fine root", "退耕还林(草)对黄土高原不同土地利用方式下土壤剖面水分含量的影响", "Effects of long-term fertilisation on aggregates and dynamics of soil organic carbon in a semi-arid agro-ecosystem in China", "Nitrogen addition increases the contents of glomalin-related soil protein and soil organic carbon but retains aggregate stability in aPinus tabulaeformisforest:", "Natural succession on abandoned cropland effectively decreases the soil erodibility and improves the fungal diversity", "Effect of vegetation type on microstructure of soil aggregates on the Loess Plateau, China", "Relative contribution of root physical enlacing and biochemistrical exudates to soil erosion resistance in the Loess soil", "黄土高原生态工程的生态成效", "植被类型和降雨量对沟谷地土壤水分和温度空间分布的影响", "短期CO_2浓度升高和干旱胁迫对白羊草土壤碳氮和微生物根际效应的影响", "Nitrogen Addition Changes the Stoichiometry and Growth Rate of Different Organs in Pinus tabuliformis Seedlings", "Elevated CO2 and nitrogen addition have minimal influence on the rhizospheric effects of Bothriochloa ischaemum", "Responses of Non-structural Carbohydrates and C:N:P Stoichiometry of Bothriochloa ischaemum to Nitrogen Addition on the Loess Plateau, China", "Nitrogen addition has a stronger effect on stoichiometries of non-structural carbohydrates, nitrogen and phosphorus in Bothriochloa ischaemum than elevated CO2", "Changes in Species Diversity Patterns and Spatial Heterogeneity during the Secondary Succession of Grassland Vegetation on the Loess Plateau, China", "Quantification of soil aggregate microstructure on abandoned cropland during vegetative succession using synchrotron radiation-based micro-computed tomography"], "学术ID": ["CN-B5743ZKJ"]}