{"机构": "南京大学应用化学研究所", "访问量": "5201", "被引量": "2723", "成果数": "207", "H_指数": "27", "G指数": "45", "期刊": "93.2%", "会议": "5.8%", "专著": "0.5%", "其他": "0.5%", "合作学者": {"吕明磊": "新乡市传染病医院", "程明亮": "贵阳医学院附属医院", "吴亚云": "贵阳医学院附属医院", "刘勤": "第三军医大学"}, "合作机构": {"贵阳医学院附属医院": "67", "华侨大学材料物理化学研究所": "32", "新乡市传染病医院": "31", "中日友好医院": "20", "成都中医药大学": "16", "南京大学配位化学研究所配位化学国家重点实验室": "12", "第三军医大学": "11", "解放军总医院": "10", "第三军医大学大坪医院": "10", "南京大学应用化学研究所": "10"}, "文章title": ["c-Jun-mediated microRNA-302d-3p induces RPE dedifferentiation by targeting p21Waf1/Cip1.", "Quantitative proteomics analysis of differentially expressed proteins in ruptured and unruptured cerebral aneurysms by iTRAQ", "Stanniocalcin-2 contributes to mesenchymal stromal cells attenuating murine contact hypersensitivity mainly via reducing CD8 + Tc1 cells", "Distinct virulent network between healthcare- and community-associatedStaphylococcus aureusbased on proteomic analysis", "Evolution of various fractions during the windrow composting of chicken manure with rice chaff", "Effluent concentration and removal efficiency of nine heavy metals in secondary treatment plants in Shanghai, China", "MiR-362-3p inhibits the proliferation and migration of vascular smooth muscle cells in atherosclerosis by targeting ADAMTS1.", "[Clinical, pathologic and radiologic analysis of paragonimiasis in children].", "Polymorphisms ofHLA-DMon Treatment Response to Interferon/Ribavirin in Patients with Chronic Hepatitis C Virus Type 1 Infection:", "Reconstruction of anal stenosis induced by scar contracture after repair of defect in perineal region with paraumbilical flap using random pattern flap", "Genetic lineage tracing discloses arteriogenesis as the main mechanism for collateral growth in the mouse heart", "静脉留置针在小儿手足口病患儿中的应用", "Synthesis and application of Ca8-xMg(SiO4)4Cl2:xEu2+ phosphors for white LED", "Twin crystal change laws of annealed polycrystalline pure cobalt", "Study on synthetic process and kinetics of hydroxypivalaldehyde", "Association of single nucleotide polymorphisms in MPO and COX genes with oral lichen planus.", "Autographa californica Multiple Nucleopolyhedrovirus ORF11 Is Essential for Budded-Virus Production and Occlusion-Derived-Virus Envelopment", "Cellulose-derived nitrogen and phosphorus dual-doped carbon as high performance oxygen reduction catalyst in microbial fuel cell"], "学术ID": ["CN-BP74NCTJ"]}