{"机构": "沈阳农业大学土地与环境学院", "访问量": "71", "被引量": "33", "成果数": "10", "H_指数": "2", "G指数": "5", "期刊": "50%", "会议": "20%", "专著": "0%", "其他": "30%", "合作学者": {"曹臻": "中国科学院高能物理研究所", "白云翔": "中国科学院高能物理研究所", "张丙开": "阜阳师范学院物理与电子科学学院", "张勇": "中国科学院高能物理研究所(北京)"}, "合作机构": {"中国科学院高能物理研究所": "10", "云南大学物理系": "2", "阜阳师范学院物理与电子科学学院": "2", "中国科学院高能物理研究所(北京)": "2", "新乡医学院分子生物研究室": "1", "第二军医大学长海医院": "1", "西北农林科技大学生物工程研究所": "1", "浙江工业大学信息工程学院": "1", "山东大学齐鲁医院": "1", "沈阳农业大学土地与环境学院": "1"}, "文章title": ["The measurement of cosmic ray below 1 EeV region with LHAASO telescopes", "An Optical Design of the Telescope in the Wide Field of View Cherenkov/Fluorescence Telescope Array", "Cosmic Ray Tau Neutrino Telescope (CRTNT) Prototype Experiment at Yangbajing", "Simulating a Measurement of the 2nd Knee in the Cosmic Ray Spectrum with an Atmospheric Fluorescence Telescope Tower Array", "大型强子对撞机时代的宇宙线实验", "Cosmic Ray Experiments in the Era of LHC", "超高能中微子的探测和宇宙线成份的研究", "The Correlated Multi-color Optical Variations of BL Lac Object S5 0716+714", "物理学中的世纪难题：高能宇宙线的起源之“谜”*", "33RD INTERNATIONAL COSMIC RAY CONFERENCE, RIO DE JANEIRO 2013 THE ASTROPARTICLE PHYSICS CONFERENCE The measurement of cosmic ray below 1 EeV region with LHAASO telescopes"], "学术ID": ["CN-BV7436HJ"]}