{"机构": "中山大学附属第三医院", "访问量": "561", "被引量": "338", "成果数": "66", "H_指数": "11", "G指数": "15", "期刊": "47%", "会议": "31.8%", "专著": "16.7%", "其他": "4.5%", "合作学者": {"郭莉": "中国科学院研究生院", "谭建龙": "中国科学院计算技术研究所", "刘萍": "中国科学院研究生院", "张宇": "华中科技大学电气与电子工程学院"}, "合作机构": {"中国科学院研究生院": "75", "中国科学院计算技术研究所": "54", "华中科技大学电气与电子工程学院": "7", "中国科学院信息工程研究所": "5", "北京医科大学精神卫生研究所": "3", "中国水产科学研究院黄海水产研究所": "3", "中国科学院计算技术研究所软件室": "2", "中国科学院化学研究所": "2", "天津市泽禹工程建设监理有限公司": "2", "中山大学附属第三医院": "1"}, "文章title": ["Adversarial Reinforcement Learning for Chinese Text Summarization", "Adversarial Reinforcement Learning for Chinese Text Summarization", "An Adversarial Training Framework for Relation Classification", "Column Concept Determination for Chinese Web Tables via Convolutional Neural Network", "Modeling Text with Graph Convolutional Network for Cross-Modal Information Retrieval", "Column Concept Determination for Chinese Web Tables via Convolutional Neural Network", "Inferring Social Network User’s Interest Based on Convolutional Neural Network", "Inferring User Profiles in Online Social Networks Based on Convolutional Neural Network", "Multiple Pattern Graph Correlations for Efficient Graph Pattern Matching", "Inferring User Profiles in Online Social Networks Based on Convolutional Neural Network", "支持模式串动态更新的多模式匹配Karp-Rabin算法", "图数据分析系统计算模型综述", "Inferring Social Network User’s Interest Based on Convolutional Neural Network", "A co-training method for identifying the same person across social networks", "Inferring User Profiles in Online Social Networks Based on Convolutional Neural Network", "基于GPU的精确串匹配算法综述", "Latent Factor SVM for Text Categorization", "VSEP: A Distributed Algorithm for Graph Edge Partitioning", "VSEP: A Distributed Algorithm for Graph Edge Partitioning"]}