{"机构": "中国法学会", "访问量": "5409", "被引量": "2879", "成果数": "123", "H_指数": "23", "G指数": "52", "期刊": "98.4%", "会议": "1.6%", "专著": "0%", "其他": "0%", "合作学者": {"王连升": "北京中青俊升文化传媒有限公司|中文耀莱（北京）科...", "刘瀚": "中国社会科学院法学研究所", "郭道晖": "中国法学会", "胡水君": "中国社会科学院法学研究所"}, "合作机构": {"中国社会科学院法学研究所": "5", "最高人民法院": "2", "北京中青俊升文化传媒有限公司": "2", "中国人民大学法学院": "1", "中国政法大学": "1", "福建省科技厅": "1", "西北师范大学政法学院": "1", "清华大学法学院": "1", "中国青年政治学院法律系": "1", "中国法学会": "1"}, "文章title": ["关于社会治理法治化的几点思考——“新法治十六字方针”对社会治理法治化的意义", "患者权益保护的法理基础与制度保障", "锻铸政体的法理学——中国社会科学院法学研究所刘作翔教授学术访谈录", "中国案例指导制度的最新进展及其问题", "通过司法解决法律权利之间的冲突——卡尔·威尔曼等美国学者及美国最高法院对典型案例的司法推理", "对“法律与政治”关系的几点思考", "解决道德权利法律权利双重权利的冲突(上)——卡尔·威尔曼等美国学者对典型案例的道德推理", "社会利益问题：理论与实践的背反及其争论", "通过司法解决法律权利与道德权利的混合权利冲突——威尔曼及美国最高法院对典型案例的司法推理", "规范体系：一个新体系结构的思考", "“真正的权利” 理论——卡尔·威尔曼的权利学说", "对法律职业共同体的认识和理解——兼论中国式法律职业共同体的角色隐喻及其现状", "关于司法权和司法体制的宪法修改意见", "现代化与法治之路", "权利冲突是否是权利中隐含义务的冲突?——美国法学家沃尔德伦与威尔曼的争论", "权利相对性理论及其争论——以法国若斯兰的“权利滥用”理论为引据", "从自然权利走向法定权利——人体捐献器官移植中的分配正义问题"], "学术ID": ["CN-BZ73ZWSJ"]}