{"机构": "洛阳医专附属医院", "访问量": "122", "被引量": "664", "成果数": "40", "H_指数": "13", "G指数": "25", "期刊": "85%", "会议": "7.5%", "专著": "0%", "其他": "7.5%", "合作学者": {"段友容": "上海市肿瘤研究所", "孙颖": "上海交通大学肿瘤研究所药物递送研究室", "朱明洁": "上海市肿瘤研究所细胞与分子免疫学研究室", "王琪": "四川大学华西药学院"}, "合作机构": {"上海市肿瘤研究所": "39", "上海交通大学肿瘤研究所药物递送研究室": "21", "四川大学华西药学院": "21", "东华大学材料科学与工程学院": "17", "上海市肿瘤研究所细胞与分子免疫学研究室": "14", "上海交通大学医学院附属仁济医院": "13", "上海中医药大学附属普陀医院": "8", "上海交通大学附属第一人民医院": "7", "山西医科大学第二医院": "5", "洛阳医专附属医院": "4"}, "文章title": [], "学术ID": ["CN-BT75HY6J"]}