{"机构": "湖南大学建筑学院", "访问量": "924", "被引量": "442", "成果数": "87", "H_指数": "10", "G指数": "17", "期刊": "93.1%", "会议": "5.7%", "专著": "1.2%", "其他": "0%", "合作学者": {"肖莉": "西安建筑科技大学建筑学院", "王璐艳": "西安建筑科技大学", "魏春雨": "湖南大学建筑学院", "程泰宁": "中国工程院"}, "合作机构": {"西安建筑科技大学建筑学院": "26", "西安建筑科技大学": "13", "重庆大学建筑城规学院": "6", "中国工程院": "5", "东南大学建筑学院": "5", "清华大学建筑学院": "5", "中国建筑设计研究院": "4", "北京市建筑设计研究院": "4", "深圳市建筑设计研究总院": "4", "湖南大学建筑学院": "4"}, "文章title": ["传统建筑与文化", "Link“遇见金奖”", "金陵大报恩寺遗址博物馆设计研讨会", "自在具足,心意呈现 以建筑学认知规律为线索的设计课改革", "中国考古遗址公园中遗址展示的问题与原则", "中国建筑史学基础理论研究论纲", "西安的传统与轮回", "INNOVATION OF HIGHER EDUCATION IN ARCHITECTURE ENGINEERING", "LISS 2013", "金陵美术馆,南京,中国", "篇首语--妹岛印象", "建筑与环境", "对话——妹岛和世&刘克成", "汉阳陵帝陵外藏坑保护展示厅,西安,陕西,中国", "汉阳陵地下遗址博物馆室内空气环境解析", "我思 我想 我活", "西安土遗址保护环境创造实践与研究进展", "异质的文脉——对刘克成金陵美术馆设计思路的讨论", "首钢博物馆设计理念简析——基于工业遗产评价的再利用设计"], "学术ID": ["CN-BH75NLVJ"]}