{"机构": "淮阴师范学院中文系", "访问量": "1043", "被引量": "603", "成果数": "125", "H_指数": "14", "G指数": "20", "期刊": "92%", "会议": "8%", "专著": "0%", "其他": "0%", "合作学者": {"郭万金": "山西大学文学院", "张安琪": "太原大学外语师范学院", "江立中": "湖南理工学院中文系", "黄中模": "重庆师范学院"}, "合作机构": {"山西大学文学院": "19", "太原大学外语师范学院": "2", "重庆师范学院": "1", "哈尔滨师范大学中文系": "1", "漳州师范学院中文系": "1", "湖南理工学院中文系": "1", "安徽师范大学文学院": "1", "淮阴师范学院中文系": "1"}, "文章title": ["中国最早的儿歌:《诗经·周南·螽斯》解读", "《诗经·召南·驺虞》研究", "“五经”与中国传统价值观之十 《诗经》:顺人情而循礼义(上)", "百年文学研究中的西方规范及其弊端", "韵在嘴上,不在书上——关于古体诗词创作用韵的问题", "中国历史上的三次商业革命浪潮及其启示", "文学史与“中国意识”", "“五经”与中国传统价值观之三 《周易》:推天道以明人事(下)", "“五经”与中国传统价值观之九“礼”：制礼义以倡人道（下）", "“五经”与中国传统价值观之八 “礼”：制礼义以倡人道（中）", "“五经”与中国传统价值观之七 “礼”：制礼义以倡人道（上）", "《百年来研究的偏失》", "《尚书》:述三代以彰王道(中)", "“五经”与中国传统价值观(下)", "“诗缘政作”的唐代诗学新命题", "“五经”与中国传统价值观之二 《周易》:推天道以明人事(中)"], "学术ID": ["CN-BF75BR0J"]}