{"机构": "黑龙江省农业科学院马铃薯研究所", "访问量": "80", "被引量": "44", "成果数": "34", "H_指数": "4", "G指数": "5", "期刊": "94.1%", "会议": "0%", "专著": "0%", "其他": "5.9%", "合作学者": {"孙岩": "黑龙江省农业科学院作物育种研究所", "刘东军": "黑龙江省农业科学院作物育种研究所", "杨淑萍": "黑龙江省农业科学院作物育种研究所", "张宏纪": "黑龙江省农业科学院作物育种研究所"}, "合作机构": {"黑龙江省农业科学院作物育种研究所": "149", "黑龙江省农业科学院合江农业科学研究所": "9", "黑龙江省农科院育种所": "4", "黑龙江省农业科学院玉米研究所": "3", "黑龙江省农业科学院玉米研究中心": "3", "东北农业大学": "2", "黑龙江省农业科学院植物脱毒苗木研究所": "2", "黑龙江省农科院谷物品质研究中心": "1", "哈尔滨师范大学生命科学与技术学院黑龙江省分子细胞遗传与遗传育种重点实验室": "1", "黑龙江省农业科学院马铃薯研究所": "1"}, "文章title": ["氮肥对小麦氮积累和分配及氮肥利用率影响的研究进展", "纳米处理对小麦幼胚组织培养效果及其S_1变异的影响", "91份俄罗斯玉米自交系的遗传多样性分析", "俄引大豆种质遗传多样性及分子ID的构建", "低植酸作物育种研究进展", "俄引及黑龙江春小麦黄色素含量相关基因分析", "俄罗斯小麦籽粒硬度及基因等位变异的分布", "俄引与黑龙江春小麦多酚氧化酶活性基因类型的比较", "黑龙江小麦春化和光周期主要基因组成分析", "春小麦空间诱变后代的变异研究", "俄引春小麦脂肪氧化酶活性基因的标记分析", "黑龙江春小麦脂肪氧化酶活性基因多态性分析", "中国黑龙江省春小麦品种与俄罗斯春小麦品种（系）光周期基因类型的比较分析", "高亲和铵转运因子在春小麦中的遗传转化研究", "俄罗斯远东及黑龙江省春小麦种质资源的遗传多样性", "航天处理对小麦组织培养效果的研究", "黑龙江春小麦春化和光周期基因等位变异对农艺性状的影响", "黑龙江省小麦春化和光周期主要基因组成分析", "小麦转优质HMW-GS基因品系品质性状的年度间差异及其稳定性研究"], "学术ID": ["CN-BB75AEGJ"]}