{"机构": "西华大学建筑与土木工程学院", "访问量": "2775", "被引量": "1531", "成果数": "153", "H_指数": "18", "G指数": "32", "期刊": "93.5%", "会议": "5.2%", "专著": "1.3%", "其他": "0%", "合作学者": {"罗云菊": "重庆大学土木工程学院", "董倩": "重庆科技学院建筑工程学院", "李东升": "重庆大学土木工程学院", "朱正伟": "重庆大学土木工程学院"}, "合作机构": {"重庆大学土木工程学院": "126", "重庆科技学院建筑工程学院": "22", "重庆大学": "11", "重庆市公路局": "9", "重庆建筑大学岩土工程研究所": "6", "成都理工大学工程地质研究所": "6", "中国人民解放军后勤工程学院": "5", "后勤工程学院土木工程系": "5", "重庆房地产职业学院": "4", "西华大学建筑与土木工程学院": "3"}, "文章title": ["Mechanical Behavior of Shale Rock under Uniaxial Cyclic Loading and Unloading Condition", "Soil Conditioning of Waterless Sand–Pebble Stratum in EPB Tunnel Construction", "不同围压作用下砂岩蠕变特性及非线性黏弹塑性模型研究", "深入推进产教融合 努力培养应用型创新创业人才", "Stability Analysis on Cataclastic Rock High Slope of Highway Reconstruction in Eastern Yunnan Province", "ROCK SLOPE MONITORING TECHNIQUES BASED ON SEMICONDUCTOR LIGHT SOURCE APPLICATION", "混合赤泥胶结特性产生机制及对其力学特性的影响试验研究", "不同工况条件混合赤泥力学特性变化规律", "树根桩和气泡轻质土修复公路路基边坡稳定性研究", "工程硕士岩石力学课程教学改革与实践", "高围压高孔隙水压作用下岩石蠕变特性", "高校学生课程考试成绩的正态化换算方法研究", "Study on the Rheological Properties and Constitutive Model of Shenzhen Mucky Soft Soil", "烧结法赤泥的强度演化规律", "高围压下高孔隙水压对岩石蠕变特性的影响", "高围压高水压条件下岩石非线性蠕变本构模型", "Influence of high pore water pressure on creep properties of rock under high confining pressure", "A THIRD-GENERATION OPTICAL FIBRE TRANSDUCER FOR LANDSLIDE MONITORING", "高围压下不同孔隙水压作用时岩石蠕变特性及改进西原模型"], "学术ID": ["CN-BI736FXJ"]}