{"机构": "太原师范学院城市与旅游学院", "访问量": "391", "被引量": "171", "成果数": "51", "H_指数": "7", "G指数": "11", "期刊": "74.5%", "会议": "15.7%", "专著": "7.8%", "其他": "2%", "合作学者": {"谢克明": "太原理工大学信息工程学院", "王芳": "太原理工大学信息工程学院", "蔡冬梅": "太原理工大学物理与光电工程学院", "贾鹏": "太原理工大学信息工程学院"}, "合作机构": {"太原理工大学信息工程学院": "43", "太原理工大学物理与光电工程学院": "13", "太原理工大学电气与动力工程学院": "4", "成都理工大学工程技术学院": "1", "太原师范学院城市与旅游学院": "1"}, "文章title": ["协同创新模式下电子信息类课程体系探究", "基于改进PSO算法优化RF MEMS功分器设计", "面向新闻文档的子话题划分方法研究", "单天线解空分复用算法的实现与仿真", "“移动通信技术”教学改革探索", "应用于WLAN/WiMAX的双6型对称三频单极子天线", "Co掺杂ZnO纳米结构的合成及其气敏特性", "Dual-band B-shaped antenna for wireless communication technology", "非均匀采样的功率谱反演大气湍流相位屏的快速模拟", "基于改进的粒子群算法的MEMS移相器设计", "Sampling methods of power spectral density method simulating atmospheric turbulence phase screen", "问题式教学法在微波实验课中的探索与实践", "The design of RF MEMS switch based on adaptive chaotic perturbation particle swarm optimization algorithm", "Genetic-Ant Colony Optimization algorithm and its application to design of antenna", "功率谱反演大气湍流随机相位屏采样方法的研究?", "应用于WLAN/WiMAX的双1型双频微带天线设计", "一种可展宽频带的U型切角天线", "电力通信光传输网优化的具体途径及方法研究", "一种新型混合布尔PSO算法的研究"], "学术ID": ["CN-BU74LZDJ"]}