{"机构": "海南省人民医院", "访问量": "5501", "被引量": "3075", "成果数": "378", "H_指数": "25", "G指数": "37", "期刊": "96.3%", "会议": "3.2%", "专著": "0%", "其他": "0.5%", "合作学者": {"刘志雄": "中南大学湘雅医院", "袁贤瑞": "中南大学湘雅医院", "陈立华": "湖南医科大学湘雅医院", "侯永宏": "中南大学湘雅医院"}, "合作机构": {"中南大学湘雅医院": "894", "湖南医科大学湘雅医院": "123", "第三军医大学新桥医院": "40", "首都医科大学宣武医院": "35", "厦门大学附属中山医院": "24", "中南大学湘雅三医院": "22", "湖南医科大学附属湘雅医院": "21", "河南科技大学第一附属医院": "21", "湖南省肿瘤医院": "17", "海南省人民医院": "17"}, "文章title": ["Familial male-limited precocious puberty due to Asp578His mutations in the LHCGR gene: clinical characteristics and gene analysis in an infant", "Evaluation of estrogenic activity in the Pearl River by using effect-directed analysis", "miR-133b inhibits glioma cell proliferation and invasion by targeting Sirt1", "KCTD10在神经胶质瘤中表达的初步研究", "Adiponectin reduces carotid atherosclerotic plaque formation in ApoE−/− mice: Roles of oxidative and nitrosative stress and inducible nitric oxide synthase", "缺氧诱导因子-1α、血管内皮细胞生长因子在垂体腺瘤中的表达及其意义", "Evaluation of tumour vaccine immunotherapy for the treatment of advanced non-small cell lung cancer: a systematic meta-analysis", "Validity of combination active specific immunotherapy for colorectal cancer: a meta-analysis of 2993 patients", "局灶亚低温联合人工脑脊液冲洗对脑外伤后脑水肿的影响", "Efficacy of autologous bone marrow mononuclear cell therapy in patients with peripheral arterial disease.", "Adoptive Immunotherapy of Cytokine-Induced Killer Cell Therapy in the Treatment of Non-Small Cell Lung Cancer", "鼠脑外伤后人工脑脊液灌洗对ERK通路和神经细胞凋亡的影响", "Clinical efficacy of tumor antigen-pulsed DC treatment for high-grade glioma patients: evidence from a meta-analysis", "Cytokine-induced killer cells in the treatment of patients with renal cell carcinoma: a pooled meta-analysis.", "Sperm‑associated antigen 9 promotes astrocytoma cell invasion through the upregulation of podocalyxin", "[Effect of lavage with artificial cerebrospinal fluid on neural cell apoptosis and the ERK pathway after rat traumatic brain injury].", "p38[ggr] overexpression in gliomas and its role in proliferation and apoptosis", "P38Γ Overexpression in Gliomas and Its Role in Proliferation and Apoptosis.", "Electrophysiological Characterisation of Human Umbilical Cord Blood-Derived Mesenchymal Stem Cells Induced by Olfactory Ensheathing Cell-Conditioned Medium", "Concurrent chemoradiotherapy with or without adjuvant chemotherapy in intermediate and locoregionally advanced nasopharyngeal carcinoma"], "学术ID": ["CN-BB74ON6J"]}