{"机构": "中国风景园林学会", "访问量": "786", "被引量": "254", "成果数": "25", "H_指数": "6", "G指数": "15", "期刊": "96%", "会议": "4%", "专著": "0%", "其他": "0%", "合作学者": {"潘家莹": "中国城市规划设计研究院", "王秉洛": "中国风景园林学会"}, "合作机构": {"中国城市规划设计研究院": "4", "中国风景园林学会": "1"}, "文章title": ["有关《园衍》的几个问题向孟兆祯院士请教", "园林要发展 立法须先行", "风景园林美学的核心理论——金学智先生《风景园林品题美学》读后", "钱学森论中国园林艺术", "祝贺《中国园林》创刊25周年", "深圳园林绿化建设的发展创新之路", "风景园林师眼中的跌水别墅", "从评奖看居住区室外环境设计", "博学、多思、求真、务实——纪念李嘉乐同志", "用足用好规划绿地 实现节地型园林绿化建设", "用足用好规划绿地实现节地型园林绿化建设", "师恩如海 没齿难忘", "加强园林化的宣传力度", "中国风景园林的现状和发展前景", "西部大开发园林很重要", "中国风景园林学科的回顾与展望", "香港住房的室外环境", "开拓奋进——二十一世纪我国风景园林发展对策", "风景建筑学——专业定义"], "学术ID": ["CN-BC75JSWJ"]}