{"机构": "解放军总医院", "访问量": "5046", "被引量": "3849", "成果数": "322", "H_指数": "32", "G指数": "50", "期刊": "83.2%", "会议": "7.5%", "专著": "0.3%", "其他": "9%", "合作学者": {"伍亚民": "第三军医大学大坪医院", "龙在云": "第三军医大学大坪医院", "曾琳": "第三军医大学大坪医院", "童强松": "华中科技大学同济医学院附属协和医院"}, "合作机构": {"第三军医大学大坪医院": "356", "华中科技大学同济医学院附属协和医院": "217", "第四军医大学口腔医学院": "32", "北京大学第三医院": "26", "第三军医大学西南医院": "24", "复旦大学上海医学院": "24", "南方医科大学珠江医院": "23", "成都军区总医院": "22", "四川大学华西医院": "21", "解放军总医院": "20"}, "文章title": ["Urinary Lead Concentration Is an Independent Predictor of Cancer Mortality in the U.S. General Population", "Comparison of surgical and conservative treatment of Rockwood type-III acromioclavicular dislocation: A meta-analysis", "Pre-operative radiographic findings predicting concomitant posterior malleolar fractures in tibial shaft fractures: A comparative retrospective study", "A Systematic Review and Meta-analysis on Economic Comparison between Endovascular Coiling versus Neurosurgical Clipping for Ruptured Intracranial Aneurysms", "肺癌患者家属应激性抑郁情绪的精准心理调节", "网络教学平台在消化内科临床护理实习教学中应用效果评价", "消化内镜微创治疗围手术期护理质量评价指标体系的构建", "The PI3K/mTOR dual inhibitor BEZ235 suppresses proliferation and migration and reverses multidrug resistance in acute myeloid leukemia:", "Motor neuron degeneration following glycine-mediated excitotoxicity induces spastic paralysis after spinal cord ischemia/reperfusion injury in rabbit", "Autophagy plays a protective role in motor neuron degeneration following spinal cord ischemia/reperfusion-induced spastic paralysis", "Expression of GDF10 in spinal cord in a rat model of neuropathic pain", "GDF10在神经病理性疼痛大鼠脊髓中的表达", "脊髓挫裂伤致大鼠认知功能受损的实验研究", "Local injection of Lenti-Olig2 at lesion site promotes functional recovery of spinal cord injury in rats", "Decrease of growth and differentiation factor 10 contributes to neuropathic pain through N-methyl-D-aspartate receptor activation", "Effects of FTY720 (Fingolimod) on Proliferation, Differentiation, and Migration of Brain-Derived Neural Stem Cells", "Hepatitis C virus infection induces elevation of CXCL10 in human brain microvascular endothelial cells", "消化内科护士住院患者自杀预防系统化培训措施与成效", "Sirolimus induces apoptosis and reverses multidrug resistance in human osteosarcoma cells in vitro via increasing microRNA-34b expression"], "学术ID": ["CN-BQ744NVJ"]}