{"机构": "北京师范大学刑事法律科学研究院", "访问量": "1521", "被引量": "886", "成果数": "75", "H_指数": "14", "G指数": "28", "期刊": "97.3%", "会议": "2.7%", "专著": "0%", "其他": "0%", "合作学者": {"何家弘": "中国人民大学法学院", "戴士剑": "中国人民解放军63961部队", "李学军": "中国人民大学法学院", "刘为军": "中国人民公安大学侦查系"}, "合作机构": {"中国人民大学法学院": "8", "中国人民解放军63961部队": "3", "成都市人民检察院": "1", "四川大学法学院": "1", "中国政法大学": "1", "国家知识产权局": "1", "中国人民公安大学侦查系": "1", "西南政法大学": "1", "武汉大学法学院": "1", "北京师范大学刑事法律科学研究院": "1"}, "文章title": ["印证与概率：电子证据的客观化采信", "网络犯罪证明简化论", "转型中的技术性证据审查", "电子证据的鉴真问题：基于快播案的反思", "虚拟财产的价值证明:从传统机制到电子数据鉴定机制", "电子证据的基础理论", "大数据司法的学术观察", "电子证据的关联性", "网络安全立法强化电子取证规则", "论刑事错案的制度防范体系", "新机遇与新挑战:从网络安全立法管窥电子取证", "基于电子痕迹的人身同一认定:网络犯罪的身份识别", "《网络安全法》立法的三原则", "司法与新媒体如何实现良性互动", "未成年人社会调查报告的法律规制", "未成年人社会调查报告的法律规制", "浅析专利审查中对一般性证据规则的适用", "职务犯罪侦查信息化与电子取证", "论电子证据时间鉴定的科学基础", "论网络时代侦查制度的创新"], "学术ID": ["CN-BN75GCYJ"]}