{"机构": "辽宁中医药大学图书馆", "访问量": "553", "被引量": "265", "成果数": "77", "H_指数": "10", "G指数": "12", "期刊": "81.8%", "会议": "6.5%", "专著": "3.9%", "其他": "7.8%", "合作学者": {"何素清": "中国医科大学图书馆", "熊第志": "中国医科大学图书馆", "张学": "中国医科大学卫生部细胞生物学重点实验室", "刘树春": "中国医科大学医学基因组学研究室"}, "合作机构": {"中国医科大学图书馆": "39", "中国医科大学卫生部细胞生物学重点实验室": "5", "辽宁中医药大学": "5", "中国医科大学医学基因组学研究室": "4", "中国医科大学医学信息学系": "4", "山东中医药大学附属医院": "2", "齐齐哈尔医学院第二附属医院": "2", "中国医科大学基础医学院生物芯片中心": "2", "北京中医药大学": "2", "辽宁中医药大学图书馆": "2"}, "文章title": [], "学术ID": ["CN-BR73251J"]}