{"机构": "中日友好医院", "访问量": "22920", "被引量": "28792", "成果数": "2191", "H_指数": "69", "G指数": "124", "期刊": "89.5%", "会议": "4.4%", "专著": "0.5%", "其他": "5.6%", "合作学者": {"刘强": "中国科学院研究生院", "樊飞跃": "北京放射医学研究所", "杜利清": "中国医学科学院放射医学研究所天津市分子核医学重点实验室", "王彦": "中国医学科学院放射医学研究所天津市分子核医学重点实验室"}, "合作机构": {"解放军总医院": "218", "四川大学华西医院": "197", "上海交通大学医学院附属仁济医院": "179", "中国医学科学院放射医学研究所天津市分子核医学重点实验室": "161", "郑州大学第一附属医院": "161", "中国医科大学附属第一医院": "133", "中国医学科学院北京协和医院": "111", "中国科学院研究生院": "106", "华中科技大学同济医学院附属同济医院": "96", "中日友好医院": "90"}, "文章title": ["Etoposide-induced protein 2.4 functions as a regulator of the calcium ATPase and protects pancreatic β-cell survival", "Current status on the development of pseudoviruses for enveloped viruses.", "Distribution Patterns of Polyphosphate Metabolism Pathway and Its Relationships With Bacterial Durability and Virulence.", "Computational drug repositioning using low-rank matrix approximation and randomized algorithms", "Open-tubular capillary electrochromatographic determination of ten sulfonamides in tap water and milk by a metal-organic framework-coated capillary column.", "LINC00470 Coordinates the Epigenetic Regulation of ELFN2 to Distract GBM Cells Autophagy", "Exploration of the Glycosyltransferase BmmGT1 from a Marine- Derived Bacillus Strain as a Potential Enzyme Tool for Compound Glycol-Diversification.", "Transgenic expression of plastidic glutamine synthetase increases nitrogen uptake and yield in wheat.", "Covariate-adjusted Spearman's rank correlation with probability-scale residuals.", "Leptin and leptin receptor genes in tongue sole (Cynoglossus semilaevis): Molecular cloning, tissue distribution and differential regulation of these genes by sex steroids.", "Inhibition of p53 prevents diabetic cardiomyopathy by preventing early-stage apoptosis and cell senescence, reduced glycolysis, and impaired angiogenesis", "Facile Synthesis by a Covalent Binding Reaction for pH-responsive Drug Release of Carboxylated Chitosan Coated Hollow Mesoporous Silica Nanoparticles", "Effects of apoC1 genotypes on the hormonal levels, metabolic profile and PAF-AH activity in Chinese women with polycystic ovary syndrome", "Micro-porous polyetheretherketone implants decorated with BMP-2 via phosphorylated gelatin coating for enhancing cell adhesion and osteogenic differentiation.", "Renal Denervation Effects on Myocardial Fibrosis and Ventricular Arrhythmias in Rats with Ischemic Cardiomyopathy", "Supplementation of lycopene attenuates lipopolysaccharide-induced amyloidogenesis and cognitive impairments via mediating neuroinflammation and oxidative stress", "CirGRDB: a database for the genome-wide deciphering circadian genes and regulators.", "Transcriptome analysis of hepatopancreas from the Cr (VI)-stimulated mantis shrimp (Oratosquilla oratoria) by Illumina Paired-End Sequencing: Assembly, Annotation and Expression Analysis.", "Deer thymosin beta 10 functions as a novel factor for angiogenesis and chondrogenesis during antler growth and regeneration", "Bt rice could provide ecological resistance against non‐target planthoppers"]}