{"机构": "第四军医大学西京医院", "访问量": "1420", "被引量": "927", "成果数": "77", "H_指数": "12", "G指数": "29", "期刊": "96.1%", "会议": "2.6%", "专著": "0%", "其他": "1.3%", "合作学者": {"陈薇": "军事医学科学院微生物流行病研究所病原微生物生物安...", "付玲": "军事医学科学院微生物流行病研究所病原微生物生物安...", "于长明": "军事医学科学院微生物流行病研究所", "侯利华": "军事医学科学院微生物流行病研究所"}, "合作机构": {"军事医学科学院微生物流行病研究所病原微生物生物安全国家重点实验室": "163", "军事医学科学院微生物流行病研究所": "124", "军事医学科学院生物工程研究所": "18", "军事医学科学院微生物学流行病学研究所": "12", "军事医学科学院微生物流行病研究所免疫室": "12", "徐州医学院附属医院": "9", "山东大学齐鲁医院": "8", "南开大学生命科学学院": "7", "北京生物制品研究所": "6", "第四军医大学西京医院": "4"}, "文章title": ["Establishment of a New Zealand White Rabbit Model for Lethal Toxin (LT) Challenge and Efficacy of Monoclonal Antibody 5E11 in the LT-Challenged Rabbit Model", "Identification and characterization of a neutralizing monoclonal antibody that provides complete protection against Yersinia pestis", "Protection against Staphylococcus aureus and tetanus infections by a combined vaccine containing SasA and TeNT‑Hc in mice", "Phylogeographic surveys and apomictic genetic connectivity in the North Atlantic red seaweed Mastocarpus stellatus", "利用转基因小鼠筛选全人源炭疽致死因子中和抗体", "Tetanus Neurotoxin Neutralizing Antibodies Screened from a Human Immune scFv Antibody Phage Display Library:", "Comparative Immunogenicity of the Tetanus Toxoid and Recombinant Tetanus Vaccines in Mice, Rats, and Cynomolgus Monkeys", "维和二级医院就诊军人患者发病情况分析", "Monoclonal Antibody Targeting Staphylococcus aureus Surface Protein A (SasA) Protect Against Staphylococcus aureus Sepsis and Peritonitis in Mice", "The C-terminal sequence of IFITM1 regulates its anti-HIV-1 activity.", "Primate lentiviruses are differentially inhibited by interferon-induced transmembrane proteins.", "应用噬菌体随机肽库技术筛选鼠疫耶尔森菌F1抗原中和性表位", "HIV-1 mutates to evade IFITM1 restriction.", "Identification of an endocytic signal essential for the antiviral action of IFITM3", "Microbial production and applications of 5-aminolevulinic acid", "Monitoring luciferase-labeled human prostate stem cell antigen-expressing tumor growth in a mouse model", "[Preparation and biological activity analysis of chimeric antibody against capsular F1 antigen of Yersinia pestis]", "抗人前列腺干细胞抗原单克隆抗体的制备及筛选", "抗鼠疫耶尔森菌荚膜抗原F1嵌合抗体的制备及活性分析", "抗人前列腺干细胞抗原单克隆抗体可变区基因的5’RACE扩增及序列分析"]}