{"机构": "浙江海洋学院浙江省海洋养殖装备与工程技术重点实验室", "访问量": "3274", "被引量": "1980", "成果数": "162", "H_指数": "25", "G指数": "37", "期刊": "94.4%", "会议": "1.2%", "专著": "0%", "其他": "4.4%", "合作学者": {"杨爱国": "中国水产科学研究院黄海水产研究所", "周丽青": "中国水产科学研究院黄海水产研究所", "吴彪": "上海海洋大学水产与生命学院", "王清印": "中国水产科学研究院黄海水产研究所"}, "合作机构": {"中国水产科学研究院黄海水产研究所": "398", "上海海洋大学水产与生命学院": "65", "农业部海洋渔业资源可持续发展利用重点实验室中国水产科学研究院黄海水产研究所": "34", "青岛海洋大学水产学院": "9", "中国检验认证集团山东有限公司": "8", "浙江万里学院生物与环境学院": "8", "浙江海洋学院海科学院": "7", "中国海洋大学海洋生命学院": "7", "青岛海洋大学海洋生命学院": "7", "浙江海洋学院浙江省海洋养殖装备与工程技术重点实验室": "4"}, "文章title": ["Differences between fast and slow muscles in scallops revealed through proteomics and transcriptomics", "魁蚶(Scapharca broughtonii)热休克蛋白90(HSP90)基因的克隆及转录表达分析", "Molecular cloning, expression and biochemical characterization of hemoglobin gene from ark shell Scapharca broughtonii.", "De novo Assembly of Pen Shell (Atrina pectinata) Transcriptome and Screening of Its Genic Microsatellites", "<Emphasis Type=\"Italic\">De novo assembly of pen shell (<Emphasis Type=\"Italic\">Atrina pectinata) transcriptome and screening of its genic microsatellites", "Isolation and characterization of melanin pigment from yesso scallop Patinopecten yessoensis", "Changes in hemolymph characteristics of ark shell Scapharaca broughtonii dealt with Vibrio anguillarum challenge in vivo and various of anticoagulants in vitro", "魁蚶母源大防御素在子代发育早期的动态变化", "Transcriptome survey of phototransduction and clock genes in marine bivalves", "Complete mitochondrial genome of Ark shell Scapharca subcrenata", "Integration of Next Generation Sequencing and EPR Analysis to Uncover Molecular Mechanism Underlying Shell Color Variation in Scallops", "Ferritin has an important immune function in the ark shell Scapharca broughtonii", "Assortative fertilization in Chlamys farreri and Patinopecten yessoensis and its implication in scallop hybridization.", "栉孔扇贝、虾夷扇贝及其杂交子代线粒体COI和Cytb基因遗传多样性分析", "魁蚶过氧化氢酶基因克隆及表达分析", "急性温度胁迫对虾夷扇贝（Patinopecten yessoensis）基因组 DNA 甲基化的影响", "Transcriptome-wide analysis reveals candidate genes responsible for the asymmetric pigment pattern in scallop patinopecten yessoensis", "基于线粒体COI基因的毛蚶群体遗传多样性", "KEGG (Kyoto Encyclopedia of Genes and Genomes) assignment of unigenes in the mantle transcriptome of P. yessoensis."], "学术ID": ["CN-BX744F2J"]}