{"机构": "山西医科大学流行病学教研室", "访问量": "951", "被引量": "430", "成果数": "107", "H_指数": "10", "G指数": "15", "期刊": "90.7%", "会议": "8.4%", "专著": "0%", "其他": "0.9%", "合作学者": {"宋国华": "山西医科大学实验动物中心", "樊林花": "山西医科大学实验动物中心", "刘茂林": "山西医科大学实验动物中心", "郭民": "山西医科大学实验动物中心"}, "合作机构": {"山西医科大学实验动物中心": "187", "山西医科大学医学实验中心": "17", "山西医科大学第一医院": "15", "中国科学院北京基因组研究所": "10", "山西农业大学动物科技学院": "10", "东北师范大学膜通道实验室": "4", "山西医学院医用实验动物学教研室": "4", "山西省109医院": "3", "山西医科大学计算机教学部": "3", "山西医科大学流行病学教研室": "2"}, "文章title": ["中国地鼠线粒体基因组与微卫星遗传标记的研究", "Isolation and characterization of sixteen novel microsatellite loci in two inbred strains of Chinese hamster(Cricetulus griseus)", "两种小鼠急性心肌梗死模型制备方法的比较", "Schisandrin B inhibits Th1/Th17 differentiation and promotes regulatory T cell expansion in mouse lymphocytes", "糖代谢异常大鼠肝组织中内质网应激相关分子CHOP和Caspase-12的表达变化", "周脂素和ADRP在糖代谢异常大鼠肝脏组织中的表达", "糖代谢异常对大鼠肝脏组织中巨噬细胞移动抑制因子及 C-Jun 氨基端激酶表达水平的影响", "Inhibitory Effects of Schisandrin B on Expression of Cyclooxygenase-2 mRNA and Prostaglandin E_2 in Lung Tissues of Rats Exposed to Silica Dust", "甘丙肽过表达转基因小鼠的制作和鉴定", "不同时间注射PMSG和HCG对小鼠超排卵效果的影响", "C57小鼠LATl真核表达载体的构建及其对Neuro-2a细胞的影响", "中国地鼠线粒体DNA 16S rRNA基因序列分析及分子系统发育研究", "PDGF-GAL 真核表达载体的构建及细胞表达", "小鼠周脂素基因的原核表达及纯化", "稳定表达小鼠甘丙肽的N-2a细胞株的建立及内源性过表达甘丙肽对N-2a细胞增殖和凋亡的影响", "LipofectamineTM2000转染Neuro-2a细胞实验条件的优化", "山西省实验动物科技机构从业人员现状初步调查与工作改进对策", "中国地鼠线粒体基因组的序列分析与分子进化", "Correction - Genet. Mol. Res. 10 (3): 2245-2256 (2011) Isolation and characterization of 16 novel microsatellite loci in two inbred strains of the Chinese hamster (Cricetulus griseus)."], "学术ID": ["CN-BZ75APBJ"]}