{"机构": "南方医科大学南方医院", "访问量": "8343", "被引量": "4541", "成果数": "515", "H_指数": "32", "G指数": "51", "期刊": "88.9%", "会议": "9.1%", "专著": "0.6%", "其他": "1.4%", "合作学者": {"奚永志": "军事医学科学院附属医院", "孙玉英": "军事医学科学院附属医院", "梁飞": "军事医学科学院附属医院", "郑安": "福建医科大学附属协和医院"}, "合作机构": {"军事医学科学院附属医院": "645", "福建医科大学附属协和医院": "401", "中国医科大学附属第一医院": "182", "中国医科大学基础医学院病理学教研室": "133", "第四军医大学西京医院": "78", "南京医科大学小儿肾脏病研究中心": "50", "中国医科大学病理教研室": "25", "解放军第451医院": "21", "福建省中医药研究院": "20", "南方医科大学南方医院": "17"}, "文章title": ["Molecular assembly of recombinant chicken type II collagen in the yeast Pichia pastoris", "Interaction with SP1, but not binding to the E-box motifs, is responsible for BHLHE40/DEC1-induced transcriptional suppression of CLDN1 and cell invasion in MCF-7 cells.", "Investigation and Analysis of Sleep Status in Patients with Vascular Depression", "The Expression Pattern of p120-Catenin is Associated With Acquired Resistance to Epidermal Growth Factor Receptor Tyrosine Kinase Inhibitors in Non-Small Cell Lung Cancer.", "物理诊断学心电图教学难点及原因初探", "Time second-order finite difference/finite element algorithm for nonlinear time-fractional diffusion problem with fourth-order derivative term ☆", "Differentially expressed long non‑coding RNAs and mRNAs in patients with IgA nephropathy", "临床路径式教学法在慢性乙型病毒性肝炎教学中的应用", "肾小球C4d沉积为IgA肾病的预后因子", "IgA肾病牛津分型与临床指标的相关性及危险因素分析", "复发性脑梗死患者血流变学改变的临床分析", "中性粒细胞淋巴细胞比率对于预测卵巢癌患者预后的Meta分析", "Nrf2 deficiency promotes the progression from acute tubular damage to chronic renal fibrosis following unilateral ureteral obstruction.", "Comparison of Epidermal Growth Factor Receptor Gene Mutations Identified Using Pleural Effusion and Primary Tumor Tissue Samples in Non–small Cell Lung Cancer", "Genetic Stability of an Escherichia coli Strain Engineered to Produce a Novel Therapeutic DNA Vaccine Encoding Chicken Type II Collagen for Rheumatoid Arthritis", "Characteristics of the mitochondrial genome of four native goats in China (Capra hircus)", "Translocator Protein 18 kDa (TSPO): An Old Protein with New Functions?", "三氧化二砷联合Rad001对卵巢癌细胞株SKOV3自噬和凋亡的影响"], "学术ID": ["CN-BW73TSHJ"]}