{"机构": "合肥师范学院生命科学系", "访问量": "1480", "被引量": "944", "成果数": "107", "H_指数": "16", "G指数": "27", "期刊": "98.1%", "会议": "0.9%", "专著": "0%", "其他": "1%", "合作学者": {"高贵珍": "宿州学院化学与生命科学学院", "李红侠": "宿州学院化学与生命科学学院", "曹稳根": "宿州学院化学与生命科学学院", "蔡永萍": "安徽农业大学生命科学学院"}, "合作机构": {"宿州学院化学与生命科学学院": "91", "宿州学院化学与生命科学系": "20", "安徽农业大学生命科学学院": "11", "哈尔滨工业大学理学院": "9", "中国科学院山西煤炭化学研究所": "9", "贺州学院物理与电子信息工程系": "8", "吉林大学物理学院": "8", "哈尔滨工业大学应用物理系凝聚态科学与技术研究中心": "8", "吉林大学无机合成与制备化学国家重点实验室": "8", "合肥师范学院生命科学系": "7"}, "文章title": ["借鉴外地先进经验发展宿州乡村旅游", "茉莉酸甲酯对低温胁迫下辣椒幼苗抗性的影响", "“植物的元素缺乏症”实验的改进", "中部欠发达地区精准扶贫应聚焦“村出列”——基于宿州市扶贫攻坚的调查", "Enhancement of multiferroic in BiFeO3 by Co doping", "群众路线视域下开展统战工作的思考——学习习近平总书记有关统战讲话有感", "论地方本科院校生物技术专业应用型创新人才培养体系的构建", "硫酸化茯苓多糖对小鼠腹腔巨噬细胞功能的影响", "硫酸化茯苓多糖对MPTP诱导帕金森小鼠的神经保护作用研究", "硫酸化茯苓多糖对MPP＋诱导的PC12细胞损伤的保护作用研究", "应用型本科高校生态学教学改革初探", "基于产学研联动模式下食品类专业微生物学教学改革与实践", "[p16 and PR immunoreactivity and human papillomavirus infection in endocervical adenocarcinoma]", "黄精有效成分的提取及其氧化活性的检测", "Electronic, magnetic and ferroelectric properties of multiferroic TlNiO3: A first principles study", "叶面喷硒对小青菜硒含量及品质的影响", "Synthesis and photoluminescence properties of GdBO3:Ln3+ (Ln = Eu, Tb) nanofibers by electrospinning", "叶面喷硒对胡萝卜GSH含量和GSH-PX活性的影响", "ChemInform Abstract: A Facile Way to Synthesis KMgF3 and Its Luminescent Property with Eu Doping"]}