{"机构": "北京理工大学", "访问量": "6130", "被引量": "3412", "成果数": "185", "H_指数": "32", "G指数": "50", "期刊": "94.6%", "会议": "5.4%", "专著": "0%", "其他": "0%", "合作学者": {"侯卓": "中南财经政法大学", "熊伟": "武汉大学法学院", "杨丹妮": "华中科技大学环境科学与工程学院", "朱新锋": "河南城建学院市政与环境工程学院"}, "合作机构": {"北京大学法学院": "59", "华中科技大学环境科学与工程学院": "45", "武汉大学法学院": "12", "华中科技大学": "8", "兰州大学生命科学学院": "6", "吉林大学第四医院": "5", "厦门大学法学院": "4", "第三军医大学西南医院": "4", "北京大学物理学院": "1", "北京理工大学": "1"}, "文章title": ["改革开放40年中国财税法学的回顾与前瞻——刘剑文教授访谈", "新时代中国特色经济法问题", "用法律给地方债加上“安全锁”", "供给侧改革下法学本科核心课程的结构调整", "事权划分法治化的中国路径", "落实大企业税收“管服”改革 繁荣新时期财税法治建设", "环保税法:落实税收法定原则的制度逻辑", "房地产税法研究", "落实税收法定原则的意义与路径", "应大幅降低企业所得税", "开征环保税:“绿色税制”建设的重要一步", "地方税立法的纵向授权机制设计", "论领域法学:一种立足新兴交叉领域的法学研究范式", "财税改革的政策演进及其内含之财税法理论——基于党的十八大以来中央重要政策文件的分析", "税收法定原则的核心价值与定位探究", "税收法定主义：从文本到实践的挑战与路径", "Stannous sulfate as an electrolyte additive for lead acid battery made from a novel ultrafine leady oxide", "财税制度反腐:一种源头治理的新进路", "预算治理中的人大、政府与公民", "国家变迁的财税法观察——以税收观念演进为线索"], "学术ID": ["CN-BD74Q0AJ"]}