{"机构": "大连大学附属中山医院", "访问量": "7450", "被引量": "6757", "成果数": "687", "H_指数": "36", "G指数": "55", "期刊": "91.8%", "会议": "5.2%", "专著": "0.1%", "其他": "2.9%", "合作学者": {"曲秀娟": "中国医科大学附属第一医院", "侯科佐": "中国医科大学附属第一医院", "张晔": "中国医科大学附属第一医院", "张敬东": "中国医科大学附属第一医院"}, "合作机构": {"中国医科大学附属第一医院": "1781", "北京大学第一医院": "178", "中国医科大学附属盛京医院": "113", "辽宁医学院附属第一医院": "77", "甘肃省人民医院": "74", "上海交通大学医学院附属瑞金医院": "38", "中国医科大学附属第四医院": "33", "辽宁省肿瘤医院": "24", "解放军总医院": "23", "大连大学附属中山医院": "21"}, "文章title": ["GATA1不同激酶活性突变体质粒的构建及蛋白表达和亚细胞定位", "Tyrosine kinase inhibitor-induced IL-6/STAT3 activation decreases sensitivity of EGFR-mutant non-small cell lung cancer to icotinib.", "E3 ubiquitin ligases Cbl‐b and c〤bl downregulate PD㎜1 in EGFR wild‐type non﹕mall cell lung cancer", "4-Phenybutyric acid promotes gastric cancer cell migration via histone deacetylase inhibition-mediated HER3/HER4 up-regulation.", "E3 ubiquitin ligases Cbl‐b and c‐Cbl downregulate PD‐L1 in EGFR wild‐type non‐small cell lung cancer", "DNA methyltransferase 3a modulates chemosensitivity to gemcitabine and oxaliplatin via CHK1 and AKT in p53‑deficient pancreatic cancer cells", "Reply to M.F. Chong et al", "直肠腺癌合并原发性肝脏神经内分泌癌一例", "microRNA-1183通过抑制CBL-B的表达促进胃癌细胞的增殖及转移", "Knockdown of metadherin inhibits cell proliferation and migration in colorectal cancer", "抑制MET对RAS突变型结肠癌细胞的抗肿瘤作用", "二甲双胍对结肠癌细胞增殖的影响", "A novel function of hepatocyte growth factor in the activation of checkpoint kinase 1 phosphorylation in colon cancer cells:", "Combination of platelet count and neutrophil-lymphocyte ratio as a prognostic marker to predict chemotherapeutic response and survival in metastatic advanced gastric cancer.", "Chk1 activation attenuates sensitivity of lapatinib in HER2‐positive gastric cancer", "Src promotes EGF-induced epithelial-to-mesenchymal transition and migration in gastric cancer cells by upregulating ZEB1 and ZEB2 through AKT.", "泛素连接酶cbl家族蛋白调控死亡受体信号通路的研究进展", "Gastric cancer-derived exosomes promote peritoneal metastasis by destroying the mesothelial barrier", "结直肠癌的中药治疗进展"], "学术ID": ["CN-BC749V0J"]}