{"机构": "安徽师范大学中国诗学研究中心", "访问量": "367", "被引量": "155", "成果数": "19", "H_指数": "8", "G指数": "12", "期刊": "94.7%", "会议": "5.3%", "专著": "0%", "其他": "0%", "合作学者": {"余恕诚": "安徽师范大学中国诗学研究中心"}, "合作机构": {"安徽师范大学中国诗学研究中心": "1"}, "文章title": ["跟刘学锴老师读王昌龄《芙蓉楼送辛渐》", "读唐诗名篇零札（续）", "读唐诗名篇零札", "《唐诗与其他文体关系研究》序", "温庭筠文笺证暨庭筠晚年事迹考辨", "白描胜境话玉溪", "从纷歧走向融通——《锦瑟》阐释史所显示的客观趋势", "李商隐开成五年九月至会昌元年正月行踪考述", "李商隐的七言律诗", "一部国内失传多年的李商隐诗选疏选评本——徐、陆合解《李义山诗疏》评介", "对唐诗艺术文化底蕴的深入剖析──序《唐诗风貌》", "本世纪中国李商隐研究述略", "古典文学研究中的李商隐现象", "樊南文的诗情诗境", "以白描写诗境抒至情——李商隐《祭小侄女寄寄文》赏析", "李商隐咏史诗的主要特征及其对古代咏史诗的发展", "李商隐与宋玉——兼论中国文学史上的感伤主义传统", "李商隐诗选前言"], "学术ID": ["CN-BN75DR8J"]}