{"机构": "江苏自动化研究所", "访问量": "1569", "被引量": "620", "成果数": "33", "H_指数": "12", "G指数": "24", "期刊": "93.9%", "会议": "6.1%", "专著": "0%", "其他": "0%", "合作学者": {"李兴源": "四川大学电气信息学院", "刘俊勇": "四川大学电气信息学院", "刘强": "中国船舶重工集团第七一六研究所", "刘玉宝": "中国船舶重工集团第七一六研究所"}, "合作机构": {"四川大学电气信息学院": "27", "中国船舶重工集团第七一六研究所": "12", "北京大学生命科学学院": "4", "四川大学": "4", "四川联合大学电力系": "2", "中国船舶重工集团公司": "2", "第四军医大学口腔医学院": "1", "清华大学生物科学与技术系": "1", "Brunel大学": "1", "江苏自动化研究所": "1"}, "文章title": ["携SAR微小型无人机系统研究", "基于DSP的MEMS陀螺误差建模与滤波方法研究", "基于MEMS/GPS的航向姿态测量系统设计", "浅谈DCS控制系统的供电技术", "基于模糊-PID的智能飞控技术研究", "舰载无人机自动回收控制技术研究", "PID与模糊控制相结合的智能温度控制系统", "Why is ethylene involved in selective promotion of female flower development in cucumber?", "基于协议栈的网络监听及在仿真测试中的应用", "WindowsNT系列平台的基于UDP协议的信息流仿真", "高效的半实物仿真系统平台-Windows NT(2000)+RTX", "基于小波变换模极大值原理和能量分布曲线的电力系统短期扰动分析", "实时最优乘子预测广域电压稳定性新理论及其UPFC控制可行域研究", "电网电压无功监控系统的设计", "基于DSP的小波算法的实现", "变电站电压无功模糊控制系统的研究", "基于变换的电能质量分析方法", "基于模糊逻辑控制理论的变电站电压无功控制系统"], "学术ID": ["CN-BV74VC8J"]}