{"机构": "中国传媒大学马克思主义传播与大众化研究中心", "访问量": "95", "被引量": "52", "成果数": "9", "H_指数": "4", "G指数": "7", "期刊": "88.9%", "会议": "0%", "专著": "0%", "其他": "11.1%", "合作学者": {"刘东建": "中国传媒大学马克思主义传播与大众化研究中心"}, "合作机构": {"中国传媒大学马克思主义传播与大众化研究中心": "3"}, "文章title": ["无法实现的爱情:革命女性的另一种苦难——重读《青春之歌》", "革命时期的爱情难题——以《遥远的爱》和《青春之歌》为例", "网络小说新类型及分类标准初探", "论大众传媒的发展与现代公民教育", "20世纪女性革命战争小说略论", "大众传播媒介：公民教育的新平台", "永远的鲁迅"], "学术ID": ["CN-B874NQXJ"]}