{"机构": "南开大学文学院", "访问量": "569", "被引量": "280", "成果数": "53", "H_指数": "9", "G指数": "14", "期刊": "92.5%", "会议": "7.5%", "专著": "0%", "其他": "0%", "合作学者": {"邓绍基": "中国社会科学院文学研究所", "陶文鹏": "中国社会科学院文学研究所", "乐黛云": "北京大学比较文学与比较文化研究所", "曹虹": "南京大学中文系"}, "合作机构": {"中国社会科学院文学研究所": "3", "北京师范大学": "1", "复旦大学中文系": "1", "东北师范大学中文系": "1", "四川大学中国俗文化研究所": "1", "南京大学中文系": "1", "北京大学比较文学与比较文化研究所": "1", "南开大学文学院": "1"}, "文章title": ["论孟浩然诗歌对宋诗宋词创作的影响", "夏承焘先生对辛弃疾其人其词的精深研究——兼及他对我的稼轩词研究的启迪和引导", "元好问对辛弃疾其人其词的接受和学习", "东坡词传播与接受简史", "陆游及其诗词八百年来的影响和被接受简史——以清末至当代一百年为中心", "变“雅”为“俗”的宋词大家:柳永和他的《乐章集》", "伤春伤别,魂销意尽——辛弃疾《祝英台近·晚春》赏析", "别开生面的题材分类词史兼词选——《唐宋词分类选讲》评介", "略谈对词史的地域文化研究", "元白欧苏俱往矣 天留吾辈继风流——吴世昌《罗音室诗词存稿》简论", "平生得酒狂无敌，百幅淋漓风雨疾——陆游饮酒行为及其咏酒诗述论", "倾诉失意英雄胸怀的一曲壮歌——辛弃疾《水龙吟·过南剑双溪楼》赏析", "从执着的故国家山之思向宏通的大中华观念提升——元好问文学中“中国”意识和华夏正统观的呈现", "辛弃疾研究的百年回顾与新世纪展望——纪念辛弃疾逝世800周年国际学术研讨会主题报告", "“辛学”百年史——上饶“辛弃疾研究与词学”研讨会主题报告", "辽朝“中国”化的历史进程及其文学书写", "陆游、辛弃疾词内容与风格异同论", "古代文学与通识教育笔谈四篇"], "学术ID": ["CN-BO74W6JJ"]}