{"机构": "河北医学院病理生理教研室", "访问量": "510", "被引量": "256", "成果数": "36", "H_指数": "8", "G指数": "15", "期刊": "91.7%", "会议": "5.6%", "专著": "0%", "其他": "2.7%", "合作学者": {"康维钧": "河北医科大学公共卫生学院", "刘筱虹": "河北医科大学", "赵丽瑞": "河北医科大学基础医学院", "张德强": "河北医学院"}, "合作机构": {"河北医科大学基础医学院": "14", "河北医科大学病理生理教研室": "11", "河北医科大学公共卫生学院": "11", "河北医科大学": "10", "河北医学院": "10", "河北医科大学基础医学院医用化学教研室": "4", "天津大学化工学院": "3", "河北医科大学免疫学教研室": "3", "昆明医学院云南省天然药物药理重点实验室": "2", "河北医学院病理生理教研室": "2"}, "文章title": ["羧甲基壳聚糖-PEG双缩水甘油醚凝胶微球的制备与表征", "羧甲基壳聚糖-聚乙二醇双缩水甘油醚微球的制备及对脂蛋白吸附选择性的研究", "羧甲基壳聚糖的性能及其在生物医学领域的应用", "O-羧甲基壳聚糖的制备及波谱分析", "肝素固定化壳聚糖凝胶对低密度脂蛋白的吸附", "The adsorption of chitosan gel immobilized heparin to low density lipoprotein gel", "用物质的量浓度表示", "低密度脂蛋白清除疗法的发展与应用", "脉冲进样火焰原子吸收光谱法测定血清、脑和骨中的铁", "修饰壳聚糖吸附低密度脂蛋白前后血浆中铜锌钙镁含量的变化", "磺化羧甲基壳聚糖固定化纤维素对LDL的吸附作用", "氨基葡萄糖月桂酰胺表面活性剂合成与表面活性", "分光光度法测定半交联壳聚糖珠对肝素的吸附", "过氧亚硝基阴离子致豚鼠气道反应性增高的实验研究", "过氧亚硝基阴离子在哮喘豚鼠气道高反应性中的作用", "多聚(二磷酸腺苷-核糖)聚合酶介导过氧亚硝基阴离子致豚鼠气道反应性增高的研究", "脉冲喷雾火焰原子吸收光谱法测定牛乳中微量锌", "黄芩甙对过氧亚硝基阴离子致肺损伤的保护作用", "胆固醇在壳聚糖珠上的吸附"], "学术ID": ["CN-BC733BJJ"]}