{"机构": "中国协和医科大学", "访问量": "15421", "被引量": "6904", "成果数": "269", "H_指数": "39", "G指数": "78", "期刊": "93.7%", "会议": "5.9%", "专著": "0.4%", "其他": "0%", "合作学者": {"刘力生": "中国医学科学院阜外心血管病医院", "党爱民": "中国医学科学院阜外心血管病医院", "张宇清": "中国医学科学院阜外心血管病医院", "吴海英": "中国医学科学院阜外心血管病医院"}, "合作机构": {"中国医学科学院阜外心血管病医院": "244", "中国医学科学院中国协和医科大学心血管病研究所阜外心血管病医院": "112", "首都医科大学附属北京安贞医院": "68", "中国医学科学院北京协和医学院阜外心血管病医院": "53", "中国医学科学院中国协和医科大学阜外心血管病医院": "45", "北京协和医学院中国医学科学院阜外心血管病医院": "43", "广东省人民医院": "35", "中国医学科学院阜外医院": "33", "海军总医院": "21", "中国协和医科大学": "16"}, "文章title": ["[Clinical analysis of young and middle-aged stroke patients with patent foramen ovale]", "Impact of ACE2 gene polymorphism on antihypertensive efficacy of ACE inhibitors", "HLA-DQA1, DQB1 and DRB1 alleles associated with Takayasu arteritis in Chinese Han population", "DQA1基因启动子区及编码区与大动脉炎的关联研究", "肿瘤坏死因子α与大动脉炎活动性与病情严重程度的关联研究", "A core promoter variant of angiotensinogen gene and interindividual variation in response to angiotensin-converting enzyme inhibitors.", "Serum C-reactive protein level but not its gene polymorphism is associated with Takayasu arteritis", "When to suspect a genetic disorder in a patient with renal stones, and why", "盐酸阿罗洛尔对中青年高血压的降压疗效", "微血管病变的抗栓治疗", "The role of tumor necrosis factor-α promoter genetic variation in Takayasu arteritis susceptibility and medical treatment.", "Association of susceptibility to Takayasu arteritis in Chinese Han patients with HLA-DPB1", "伴有脑血管病的高血压治疗——《钙通道阻滞剂防治脑血管病专家共识》的临床参考", "全科培训要重视基本二字", "降压药联合应用原则与新概念", "干预总体危险因素的重要性", "Clinicopathologic features and prognostic significance of basal-like breast cancer", "Roles of immunohistochemistry in prognostic assessment of basal-like breast cancer", "Adenine/cytosine(1166) polymorphism of the angiotensin II type 1 receptor gene and the antihypertensive response to angiotensin-converting enzyme inhibitors", "去甲肾上腺素和血管紧张素Ⅱ对乳鼠心肌细胞表达肿瘤坏死因子α的影响"]}