{"机构": "同济大学社区信息化与智能建筑研究中心", "访问量": "805", "被引量": "364", "成果数": "43", "H_指数": "9", "G指数": "18", "期刊": "76.7%", "会议": "16.3%", "专著": "0%", "其他": "7%", "合作学者": {"周若祁": "西安交通大学绿色建筑研究所", "田静峰": "陕西省建筑设计研究院", "武联": "长安大学建筑学院", "刘士铎": "西北建筑工程学院"}, "合作机构": {"长安大学建筑学院": "10", "西安交通大学绿色建筑研究所": "8", "西北建筑工程学院": "6", "陕西省建筑设计研究院": "5", "长安大学": "2", "西安科技大学建筑与土木工程学院": "1", "西安建筑科技大学建筑学院": "1", "西北建筑工程学院建筑设计研究院": "1", "长安大学环境科学与工程学院": "1", "同济大学社区信息化与智能建筑研究中心": "1"}, "文章title": ["长安大学面向区域 创新建筑类人才培养模式探索", "新能源技术在绿色建筑中的应用研究", "基于大数据背景下的绿色建筑技术选择优化研究", "分布式能源利用的经济性与环境影响研究——基于DER-CAM模型", "《营造法式》探微--“分心斗底槽”及“金箱斗底槽”概念研究", "适应地貌与气候特征的海河流域传统民居聚落研究", "寒冷地区既有公共建筑节能改造技术群评析及构建", "陕西关中新农村建设的节能政策与技术策略", "寒冷地区高校既有建筑节能技术体系研究", "高校历史建筑室内环境质量调查与节能改造研究", "绿色建筑发展的行动纲领与政策法规研究", "关中地区新农村住宅建设优化设计研究", "生态化理念下社会主义新农村住区公共空间设计模式优化的研究", "低碳绿色理念下高速公路服务区建筑设计的探讨", "绿色建筑概念下新农村住区公共建筑设计的探讨", "绿色建筑概念下新农村住区公共建筑设计的探讨", "资源节约型概念下的绿色住区建设评价", "绿色建筑概念下历史文化名城保护综合评价研究", "构造设计学概念下建筑节能设计的探讨"], "学术ID": ["CN-B4746IMJ"]}