{"机构": "首都医科大学附属北京胸科医院", "访问量": "1854", "被引量": "1446", "成果数": "99", "H_指数": "19", "G指数": "36", "期刊": "87.9%", "会议": "10.1%", "专著": "0%", "其他": "2%", "合作学者": {"杜建": "北京市结核病胸部肿瘤研究所", "李亮": "中国疾病预防控制中心结核病防治临床中心", "姜广路": "北京市结核病胸部肿瘤研究所", "马艳": "北京市结核病胸部肿瘤研究所中心办公室"}, "合作机构": {"北京市结核病胸部肿瘤研究所": "177", "中国疾病预防控制中心结核病防治临床中心": "20", "中国疾病预防控制中心结核病预防控制中心": "18", "北京市结核病胸部肿瘤研究所中心办公室": "13", "吉林大学第一医院": "11", "广东省人民医院": "9", "黑龙江省齐齐哈尔市富拉尔基区疾病控制中心": "8", "首都医科大学附属北京朝阳医院": "5", "北京结核病控制研究所": "5", "首都医科大学附属北京胸科医院": "5"}, "文章title": ["[The effectiveness of individualized treatment regimen on smear-positive retreatment pulmonary tuberculosis with mono- and poly-drug resistance].", "Metformin reduces the relapse rate of tuberculosis patients with diabetes mellitus: experiences from 3-year follow-up", "[Relationship between the weight of hospitalized patients with pulmonary tuberculosis and the oral dose of isoniazid].", "Prevalence and Risk Factors Associated with Adverse Drug Reactions among Previously Treated Tuberculosis Patients in China.", "Prevalence of tuberculosis among health care workers in tuberculosis specialized hospitals in China", "Clinical outcomes for multi- and extensively drug resistant tuberculosis patients with adjunctive resectional lung surgery in Beijing, China", "Influencing factors on compliance of timely visits among patients with proliferative diabetic retinopathy in southern China: a qualitative study.", "Efficacy of ultra-short course chemotherapy for new smear positive drug susceptible pulmonary tuberculosis: study protocol of a multicenter randomized controlled clinical trial", "[Application of the computer-assisted virtual reduction combined with 3D printing technique in acetabular fractures]", "从链霉素到贝达喹啉：抗结核药物临床试验发展70年历程回顾", "肺结核患者复治失败影响因素的研究综述", "以移动互联网技术加强结核病患者督导管理", "信息化与结核病防治", "涂阳肺结核患者治疗失败影响因素分析", "涂阳肺结核患者抗结核药物不良反应发生影响因素分析", "134例复治肺结核患者既往史调查", "An overview on tuberculosis-specific hospitals in China in 2009: results of a national survey", "Risk of Treatment Failure in Patients with Drug-susceptible Pulmonary Tuberculosis in China", "2015年结核病流行及防治进展概述"], "学术ID": ["CN-B775BMSJ"]}