{"机构": "中南财经政法大学", "访问量": "654", "被引量": "341", "成果数": "94", "H_指数": "9", "G指数": "14", "期刊": "97.9%", "会议": "2.1%", "专著": "0%", "其他": "0%", "合作学者": {"郭慧芳": "海南大学管理学院", "吴文劲": "湖北经济学院", "陈光焱": "中南财经政法大学"}, "合作机构": {"海南大学管理学院": "2", "湖北经济学院": "2", "中南财经政法大学": "1"}, "文章title": ["美国全国性职业认证机构的院校认证——以独立院校认证委员会(ACICS)为例", "“科层-合作”制下的高等教育质量评估管理组织探讨", "高等教育密集区高等教育财政支出的逻辑与前景", "长江经济带高等教育财政投入、经济增长、收入分配系统协调发展定量分析", "区域碳锁定资源配置效率研究", "江苏省高等教育财政支出的地理区域分布特征——基于聚类分析方法", "高等教育地区财政支出产出影响及差异分析", "美国州际高等教育财政投入的第三种选择及镜鉴", "理解格雷欣法则下的美国高等教育质量奇迹——基于高等教育质量标准体系交错性与制度弹性的二维视角", "区域高等教育财政支出的均衡配置分析--以高等教育援藏投入为例", "地理区域高等教育财政支出模式的路径依赖与锁定效应研究", "低碳经济发展下美国物流业税收协同创新的制度环境研究——兼论啄食秩序理论", "促进碳减排的碳税政策研究", "低碳经济发展环境下物流业税收的协同创新", "英国少数民族高层次人才培养制度的政策特征及启示"], "学术ID": ["CN-B274OJRJ"]}