{"机构": "上海广电股份有限公司", "访问量": "217", "被引量": "147", "成果数": "6", "H_指数": "5", "G指数": "0", "期刊": "83.3%", "会议": "0%", "专著": "0%", "其他": "16.7%", "合作学者": {"吴慧中": "南京理工大学计算机科学与技术系", "杨勇": "上海大学机电工程与自动化学院", "周海山": "上海广电股份有限公司"}, "合作机构": {"南京理工大学计算机科学与技术系": "3", "上海大学机电工程与自动化学院": "2", "上海广电股份有限公司": "2"}, "文章title": ["Development of the realtime application program in Windows CE3.0WindowsCE3．0下的实时应用程序开发", "数字高清晰度电视机顶盒软件技术研究与应用开发", "HDTV机顶盒中用户界面的设计与实现", "基于Windows CE 3.0的嵌入式系统开发", "嵌入式操作系统在HDTV机顶盒中的应用"], "学术ID": ["CN-BX730QPJ"]}