{"机构": "中国科学技术大学近代物理系快电子学实验室", "访问量": "460", "被引量": "790", "成果数": "86", "H_指数": "14", "G指数": "27", "期刊": "72.1%", "会议": "22.1%", "专著": "2.3%", "其他": "3.5%", "合作学者": {"蒋志迪": "宁波大学信息科学与工程学院", "彭承志": "中国科学技术大学近代物理系", "蒋刚毅": "宁波大学信息科学与工程学院", "王砚方": "中国科学技术大学近代物理系"}, "合作机构": {"中国科学技术大学近代物理系": "85", "宁波大学信息科学与工程学院": "78", "中国科技大学近代物理系": "13", "清华大学物理系": "9", "上海大学通信与信息工程学院": "8", "中国科学技术大学": "7", "中国科学院计算技术研究所": "6", "中国科学院上海技术物理研究所": "6", "中国科学技术大学近代物理系合肥微尺度物质科学国家实验室": "6", "中国科学技术大学近代物理系快电子学实验室": "5"}, "文章title": ["Satellite-relayed intercontinental quantum network", "Control and Readout Software in Superconducting Quantum Computing", "EXPERIMENTAL FREE SPACE QUANTUM KEY DISTRIBUTION", "Satellite-to-Ground Entanglement-Based Quantum Key Distribution", "Satellite-based entanglement distribution over 1200 kilometers", "Satellite-to-ground quantum key distribution", "Ground-to-satellite quantum teleportation", "Space-to-Ground Quantum Key Distribution Using a Small-Sized Payload on Tiangong-2 Space Lab", "基于定点数据的星地量子通信数据仿真", "星地量子密钥分发中的数据协调方法", "基于FPGA的高速脉冲调制", "Method for Polarization Compensation in Quantum Key Distribution", "量子密钥分发中偏振补偿算法", "量子密钥分发中的偏振补偿方法", "一种基于单光子探测器的激光通信方法", "A Compact Readout Electronics for the Ground Station of a Quantum Communication Satellite", "A 1.7 ps Equivalent Bin Size and 4.2 ps RMS FPGA TDC Based on Multichain Measurements Averaging Method", "The hybrid scheme by adopting photon polarization in high data rate communication", "自由空间量子密钥分发控制系统的FPGA设计"], "学术ID": ["CN-BP73Y5PJ"]}