{"机构": "湖南大学计算机与通信学院", "访问量": "679", "被引量": "373", "成果数": "83", "H_指数": "10", "G指数": "14", "期刊": "89.2%", "会议": "10.8%", "专著": "0%", "其他": "0%", "合作学者": {"黄飞江": "长沙学院电子与通信工程系", "张刚林": "长沙学院电子与通信工程系", "陈威兵": "长沙学院电子与通信工程系", "王路露": "长沙学院电子与通信工程系"}, "合作机构": {"长沙学院电子与通信工程系": "88", "北京理工大学光电学院": "13", "中国科学院国家授时中心": "10", "长沙学院电信系": "10", "上海交通大学信息安全工程学院": "10", "长沙大学电子与通信工程系": "9", "长沙学院计算机科学与技术系": "7", "河南省平顶山市第二人民医院": "5", "湖南安全技术职业学院": "5", "湖南大学计算机与通信学院": "5"}, "文章title": ["基于MIMPS教学法的“光纤通信原理”实践教学模式探索", "应用型本科院校中基于校企合作的实践教学改革探索", "支持在线虚拟仿真的通信工程专业实验室建设", "旋转双棱镜引起的成像畸变及其校正", "基于Matlab的数字信号处理综合实验设计", "基于“萌否电台”API的iOS客户端开发", "基于现网设备的 TD-LTE 4G移动通信实验教学系统构建", "Increased temperature acceptance bandwidth in frequency-doubling process using two different crystals", "地方高校通信技术工程训练中心建设研究与实践", "案例教学在通信工程专业课程中的应用研究与实践", "基于校企合作的数据通信与网络课程改革探索", "基于调频步进雷达信号的扩展目标带状成像算法", "GPS Navigation Information Processing and Display Based on VC++", "Survey on Frequency Conversion of Broadband High Power Nd:Glass laser", "一种改进型谱减算法的语音增强研究", "基于频谱方差和谱减法的语音端点检测新算法", "New speech endpoint detection algorithm based on spectrum variance and spectral subtraction", "新建本科院校通信工程实验室建设的研究", "星地动态双向时间同步与测距算法"], "学术ID": ["CN-BU74AFVJ"]}