{"机构": "中国科学院半导体研究所", "访问量": "927", "被引量": "927", "成果数": "149", "H_指数": "17", "G指数": "28", "期刊": "95.3%", "会议": "2%", "专著": "0.7%", "其他": "2%", "合作学者": {"李国正": "西安交通大学电子工程系", "赵策洲": "西安交通大学电子工程系", "李宝军": "中山大学光电材料与技术国家重点实验室", "李娜": "中国科学院上海药物研究所"}, "合作机构": {"西安交通大学电子工程系": "179", "复旦大学应用表面物理国家重点实验室": "50", "中山大学光电材料与技术国家重点实验室": "30", "西安交通大学": "28", "西北核技术研究所": "23", "中国科学院上海药物研究所": "20", "中国科学院半导体研究所光电系": "18", "西安交通大学理学院": "13", "西安交通大学微电子工程系": "9", "中国科学院半导体研究所": "7"}, "文章title": ["從政治大學數位典藏建置與應用探討智慧財產管理與機制 Intellectual Property Management of Digital Archiving: Perspectives from the National ChengChi University", "Silicon-on-insulator optical intensity modulator based on waveguide-vanishing effect", "SIGE/SI BIFURCATION OPTICAL ACTIVE SWITCH BASED ON PLASMA DISPERSION EFFECT", "GeSi/SiMach-Zehnder干涉型调制器的研制", "渐变截面多模干涉器件中MMI区长度的计算", "Experimental study on 14 MeV neutron irradiation effects in FLASH ROM28F256 and 29C256", "Y-branch 1.3/1.55 μm wavelength demultiplexer based on the plasma dispersion effect", "New current measurement system for proton beam of the order of pA", "Experimental study on proton single event effects in static random access memories", "SiGe/Si Mach-Zehnder interferometer modulator based on the plasma dispersion effect", "平面波导有效折射率数值解及光场分析", "1.55 μm reflection-type optical waveguide switch based on SiGe/Si plasma dispersion effect", "Integration of wavelength signal divider and infrared photodetectors based on the plasma dispersion effect in SiGe/Si", "EEPROM 28C64和28C256的14MeV中子辐照特性", "Low-loss 1×2 multimode interference wavelength demultiplexer in silicon-germanium alloy", "1.30 μm/1.55 μm SiGe filters based on multimode interference", "GeSi/Si多量子阱光波导模特性分析和吸收层结构设计", "1.3μm和1.55μm Si_(1-x)Ge_x波长信号分离器与Si_(1-x)Ge_x/Si应变超晶格探测器的集成", "波导与探测器吸收层垂直耦合结构中的光学耦合分析", "Ge_xSi_(1-x)/Si应变超晶格PIN探测器的研制"], "学术ID": ["CN-BM75GZTJ"]}