{"机构": "青岛大学医学院附属医院", "访问量": "16225", "被引量": "12918", "成果数": "1301", "H_指数": "49", "G指数": "74", "期刊": "85.2%", "会议": "7.5%", "专著": "0.8%", "其他": "6.5%", "合作学者": {"尤永平": "南京医科大学第一附属医院", "傅震": "南京医科大学第一附属医院", "王颖毅": "南京医科大学第一附属医院", "张军霞": "南京医科大学第一附属医院"}, "合作机构": {"南京医科大学第一附属医院": "717", "天津医科大学附属肿瘤医院": "203", "山东省肿瘤医院": "101", "中国医科大学附属第一医院": "84", "解放军总医院": "67", "天津医科大学总医院": "62", "中国科学院长春应用化学研究所": "58", "第四军医大学西京医院": "56", "第三军医大学西南医院": "52", "青岛大学医学院附属医院": "51"}, "文章title": ["Androgen receptor/let-7a signaling regulates breast tumor-initiating cells", "Antagonistic effect of nano-ZnO and cetyltrimethyl ammonium chloride on the growth of Chlorella vulgaris : Dissolution and accumulation of nano-ZnO", "Biological denitrification from mature landfill leachate using a food-waste-derived carbon source", "Illumina MiSeq Sequencing reveals microbial community in HA process for dyeing wastewater treatment fed with different co-substrates", "MicroRNA-1294 inhibits the proliferation and enhances the chemosensitivity of glioma to temozolomide via the direct targeting of TPX2.", "Interaction with SP1, but not binding to the E-box motifs, is responsible for BHLHE40/DEC1-induced transcriptional suppression of CLDN1 and cell invasion in MCF-7 cells.", "[Origin and morphological features of small supernumerary marker chromosomes in Turner syndrome].", "ERK1/2/mTOR/Stat3 pathway-mediated autophagy alleviates traumatic brain injury-induced acute lung injury", "Activation of AhR with nuclear IKKα regulates cancer stem-like properties in the occurrence of radioresistance.", "A support vector machine approach for AF classification from a short single-lead ECG recording.", "Tetraspanin family identified as the central genes detected in gastric cancer using bioinformatics analysis", "The harsh microenvironment in infarcted heart accelerates transplanted bone marrow mesenchymal stem cells injury: the role of injured cardiomyocytes-derived exosomes.", "Identification and Characterization of Mycemycin Biosynthetic Gene Clusters in Streptomyces olivaceus FXJ8.012 and Streptomyces sp. FXJ1.235.", "The ER Contact Proteins VAPA/B Interact with Multiple Autophagy Proteins to Modulate Autophagosome Biogenesis.", "Molecular typing and genetic relatedness of 72 clinical Candida albicans isolates from poultry.", "MicroRNA profile of silk gland reveals different silk yields of three silkworm strains.", "Accelerated effects of nano-ZnO on phosphorus removal by Chlorella vulgaris: Formation of zinc phosphate crystallites.", "Forty-nine cases of acute lymphoblastic leukaemia/lymphoma in pleural and pericardial effusions: A cytological-histological correlation.", "A convenient synthesis of gimeracil", "Hexagonal SiC with spatially separated active sites on polar and nonpolar facets achieving enhanced hydrogen production from photocatalytic water reduction"], "学术ID": ["CN-BR75QTBJ"]}