{"机构": "北京中医药大学", "访问量": "199", "被引量": "136", "成果数": "41", "H_指数": "7", "G指数": "10", "期刊": "75.6%", "会议": "17.1%", "专著": "2.4%", "其他": "4.9%", "合作学者": {"王卫东": "解放军总医院", "张政波": "解放军总医院", "李开元": "解放军总医院", "王步青": "解放军总医院"}, "合作机构": {"解放军总医院": "108", "第三军医大学西南医院": "5", "军事医学科学院卫生装备研究所": "2", "北京航空航天大学": "1", "南京大学医学院附属鼓楼医院": "1", "北京中医药大学": "1"}, "文章title": ["基于心率变异性与精神负荷关系的研究", "两种开源ECG算法性能测评研究", "A comb filter based signal processing method to effectively reduce motion artifacts from photoplethysmographic signals", "WEARABLE ELECTRIC-FIELD TREATMENT DEVICE", "Development of a reflective PPG signal sensor.", "A digital thermometer with fast response and high precision.", "Motion artifact removal from photoplethysmographic signals by combining temporally constrained independent component analysis and adaptive filter", "渐进性引导呼吸下的心血管变异性分析", "希尔伯特黄变换在电子耳蜗语音处理算法中的应用", "[Comprehensive testing system for cardiorespiratory interaction research].", "Development of adaptive pneumatic tourniquet systems based on minimal inflation pressure for upper limb surgeries", "A novel speech coding algorithm for cochlear implants", "A WEARABLE BIOFEEDBACK SYSTEM SUPPORTING REAL-TIME PACED BREATHING TRAINING AND PHYSIOLOGICAL MONITORING", "基于ZigBee的无线传输电子血压计系统的开发", "Development of a Respiratory Inductive Plethysmography Module Supporting Multiple Sensors for Wearable Systems", "气压式自适应止血装置的研制", "一种跟踪收缩压的智能气压式止血装置的研制", "[Development of an automatic pneumatic tourniquet system that determines pressures in synchrony with systolic blood pressure]"], "学术ID": ["CN-BH75EIOJ"]}