{"机构": "广西桂林市建干路12号", "访问量": "5592", "被引量": "3987", "成果数": "436", "H_指数": "31", "G指数": "51", "期刊": "92.9%", "会议": "4.6%", "专著": "0.7%", "其他": "1.8%", "合作学者": {"夏金虹": "桂林电子科技大学电子工程学院", "刘洁": "成都信息工程学院文化艺术学院", "陈世亮": "桂林理工大学化学与生物工程学院", "张淑华": "桂林工学院材料与化学工程系"}, "合作机构": {"桂林理工大学化学与生物工程学院": "312", "桂林工学院材料与化学工程系": "156", "桂林电子科技大学电子工程学院": "33", "成都信息工程学院文化艺术学院": "29", "桂林南药股份有限公司": "11", "海南省人民医院": "9", "桂林工学院应用化学系": "9", "中国科学院化学研究所": "8", "江苏财经职业技术学院": "8", "广西桂林市建干路12号": "7"}, "文章title": ["POLYPEPTIDES HAVING ALPHA-AMYLASE ACTIVITY AND POLYNUCLEOTIDES ENCODING SAME", "缩酮席夫碱阴离子受体的合成、表征及阴离子识别研究", "Synthesis and investigation on optoelectronic properties of mesogenic triphenylene–perylene dyads linked by ethynylphenyl bridges", "芴胺类双席夫碱及其铁盐的制备、表征及吸波性能研究", "创新驱动发展战略引领下地方高校化工专业创新型人才培养", "开展国际工程教育专业认证,推进“化学工程与工艺”国家特色专业国际化", "Determination of superoxide anion radical by modified CdTe quantum dots", "多基硫脲类Schiff碱的合成及生物活性与离子识别", "金刚烷双席夫碱镍配合物/氧化石墨烯/玻碳电极检测胭脂红的研究", "Photofunctionality in Porphyrin‐Hybridized Bis(dipyrrinato)zinc(II) Complex Micro‐ and Nanosheets", "Synthesis and investigation on liquid crystal and optical properties of dyads based on triphenylene and perylene", "席夫碱基季铵盐型双子表面活性剂对碱性锌电极电化学性能的影响", "对甲酰基苯甲酸金刚烷酯席夫碱及其镍（Ⅱ）配合物的合成、表征及性质研究", "Ni、S单掺杂及共掺杂TiO2薄膜的制备及光生阴极保护性能研究", "审核评估背景下地方工科院校实践教学质量监控体系的构建──以桂林理工大学为例", "高校文史类专业公选课“生活与化学”MOOC建设与教学改革实践", "地方高校化工专业创新型应用人才培养模式的研究与实践——以桂林理工大学化学工程与工艺专业为例", "化学工程与工艺专业卓越工程师培养模式的实践与探索", "金属有机骨架材料修饰玻碳电极循环伏安法测定维生素C片中抗坏血酸", "席夫碱基聚乙二醇(400)月桂酸酯表面活性剂在碱性锌电池中的缓蚀性能"], "学术ID": ["CN-B074VB1J"]}