{"机构": "南京大学教育研究院", "访问量": "417", "被引量": "244", "成果数": "26", "H_指数": "7", "G指数": "15", "期刊": "92.3%", "会议": "3.8%", "专著": "3.9%", "其他": "0%", "合作学者": {"闻万春": "沈阳师范大学教育科学学院", "汪洋": "沈阳师范大学教育科学学院", "林杰": "北京师范大学教育学院", "教鑫": "沈阳师范大学教育科学学院"}, "合作机构": {"沈阳师范大学教育科学学院": "5", "北京师范大学教育学院": "2", "南京大学教育研究院": "1"}, "文章title": ["大学社会责任的本原性质、履约机理与治理要义", "教师专业发展评价研究", "论英语阅读“语境理解”特点及其对教学的启示", "教师专业发展评价体系研究", "美国PDS的运行模式、理论基础及保障机制研究", "中美中小学教师专业发展的比较研究", "美国中小学教师专业发展评价探究及启示", "大学治理中的行政权力:价值逻辑、中国语境与治理边界", "教师专业发展的保障机制研究", "PDS模式促进农村中小学教师专业发展的应用策略", "论美国PDS对沈阳教师专业化发展的启示", "改革开放后中国在职教师专业发展的理念及政策分析", "美国在职教师评价体系及其启示", "大学英语档案袋评价理论与实践", "师范类本科生课堂学习状态与调整策略——以沈阳师范大学为例", "美国的“社会—情感教育”及启示", "论教师与民主课堂的构建"], "学术ID": ["CN-B3738TLJ"]}