{"机构": "中国计量学院质量与安全工程学院", "访问量": "2763", "被引量": "2586", "成果数": "121", "H_指数": "26", "G指数": "48", "期刊": "89.3%", "会议": "2.5%", "专著": "0%", "其他": "8.2%", "合作学者": {"刘振宇": "中国科学院山西煤炭化学研究所煤转化国家重点实验室", "黄张根": "中国科学院山西煤炭化学研究所煤转化国家重点实验室", "吴卫泽": "中国科学院山西煤炭化学研究所", "肖勇": "中国科学院山西煤炭化学研究所煤转化国家重点实验室"}, "合作机构": {"中国科学院山西煤炭化学研究所煤转化国家重点实验室": "181", "中国科学院山西煤炭化学研究所": "14", "华东理工大学化学工程联合国家重点实验室": "10", "太原师范学院化学系": "8", "山西省化工研究所": "7", "太原理工大学煤科学与技术教育部和山西省重点实验室": "5", "第二军医大学药学院": "5", "中国科学院长春应用化学研究所": "4", "东北大学轧制技术及连轧自动化国家重点实验室": "3", "中国计量学院质量与安全工程学院": "2"}, "文章title": ["The Boltzmann-Monte-Carlo-Percolation (BMCP) model on pyrolysis of coal: The volatiles’ reactions", "Quantification of reactive intermediate radicals and their induction effect during pyrolysis of two n -alkylbenzenes", "Estimation of Effective Diffusion Coefficient of O2 in Ash Layer in Underground Coal Gasification by Thermogravimetric Apparatus", "Bond cleavage and reactive radical intermediates in heavy tar thermal cracking", "Characterization of direct coal liquefaction catalysts by their sulfidation behavior and tetralin dehydrogenation activity", "Reaction of volatiles from a coal and various organic compounds during co-pyrolysis in a TG-MS system. Part 1. Reaction of volatiles in the void space between particles", "Analysis of carbon fines obtained from the off-gas dust of calcium carbide furnace", "Coke and radicals formation on a sulfided NiMo/γ-Al 2 O 3 catalyst during hydroprocessing of an atmospheric residue in hydrogen donor media", "Behaviors of coking and stable radicals of a heavy oil during thermal reaction in sealed capillaries", "Behaviors of coking and radicals during reaction of volatiles generated from fixed-bed pyrolysis of a lignite and a subbituminous coal", "A study on the structure of Yilan oil shale kerogen based on its alkali-oxygen oxidation yields of benzene carboxylic acids, 13 C NMR and XPS", "The bond cleavage and radical coupling during pyrolysis of Huadian oil shale", "Behavior of radicals during solvent extraction of three low rank bituminous coals", "Structure and pyrolysis behavior of the organic matter in two fractions of Yilan oil shale", "The role of ash layer in syngas combustion in underground coal gasification", "Coke formation during thermal reaction of tar from pyrolysis of a subbituminous coal", "The radical and bond cleavage behaviors of 14 coals during pyrolysis with 9,10-dihydrophenanthrene", "The case study of quantification of aromatic ring structures in lignite using sequential oxidation", "Examination of structural models and bonding characteristics of coals", "Interpretation of Methane and Hydrogen Evolution in Coal Pyrolysis from the Bond Cleavage Perspective"]}