{"机构": "四川大学信息安全研究所", "访问量": "2767", "被引量": "1805", "成果数": "320", "H_指数": "18", "G指数": "30", "期刊": "89.4%", "会议": "9.1%", "专著": "0.9%", "其他": "0.6%", "合作学者": {"谢振平": "江南大学数字媒体学院", "张春瑞": "中国工程物理研究院计算机应用研究所", "须文波": "江南大学信息工程学院", "夏鸿斌": "江南大学信息工程学院"}, "合作机构": {"江南大学信息工程学院": "135", "中国工程物理研究院计算机应用研究所": "47", "江南大学数字媒体学院": "27", "江南大学物联网工程学院": "12", "西安电子科技大学计算机学院": "12", "中国船舶科学研究中心": "10", "中国工程物理研究院": "7", "江南大学": "7", "四川大学计算机学院": "5", "四川大学信息安全研究所": "5"}, "文章title": ["云平台支撑下的虚实网络融合仿真方法", "微服务应用平台的网络性能研究与优化", "一种新的TCP拥塞窗口动态调整策略", "消费者诚信情感体验在包装设计中的构建", "诚信情感体验与包装色彩的构建", "借助知识图谱建模的数字媒体课程知识教学改革探索", "“互联网＋”时代“智慧教室”建设的研究与实践", "新TCP拥塞窗口调整策略", "具备跨源域学习能力的模糊聚类算法研究", "图像四叉树剖分下的自适应数字水印算法", "一种基于遗传算法的Fuzzing测试用例生成新方法", "一种基于伽玛分布的TCP拥塞控制算法", "用于实现图像对比度增强的可逆数据隐藏算法", "基于云平台的高逼真链路仿真研究", "社交网络用户影响力分析ABP算法研究与应用", "社交网络数据采集技术研究与应用", "一种在3D手势交互中模拟鼠标的方法", "基于时空域联合建模的领域知识演化脉络分析", "一种基于正态分布函数的新TCP拥塞控制机制"]}