{"机构": "江苏省疾病预防控制中心", "访问量": "5356", "被引量": "3322", "成果数": "348", "H_指数": "28", "G指数": "46", "期刊": "92.5%", "会议": "6.3%", "专著": "0%", "其他": "1.2%", "合作学者": {"闻颖": "中国医科大学附属第一医院", "王静艳": "中国医科大学附属盛京医院", "吕飒": "中国医科大学附属第二医院", "周莹": "中国医科大学附属第一医院"}, "合作机构": {"中国医科大学附属第一医院": "142", "中国医科大学附属盛京医院": "131", "清华大学热能工程系": "64", "中国医科大学附属第二医院": "44", "中国医科大学附属第三医院": "28", "北京中医药大学东直门医院": "19", "中国医科大学第二临床学院传染科": "16", "中国医科大学基础医学院病原生物学教研室": "15", "解放军总医院": "14", "江苏省疾病预防控制中心": "14"}, "文章title": ["PBL在传染科住院医师规范化培训中的应用研究", "启发式教育在传染病实习教学中的应用", "角色扮演在传染病学临床实习课中的应用评价", "抗巨细胞病毒治疗对获得性免疫缺陷综合征合并巨细胞病毒血症患者外周血凋亡相关因子水平的影响", "发热伴血小板减少综合征人人间传播患者临床特征分析", "A Man With Intermittent Abdominal Pain, Liver Injury, and Renal Impairment", "肾综合征出血热并发急性胰腺炎误诊四例临床分析", "获得性免疫缺陷综合征细菌性及肺孢子菌肺炎患者炎性指标比较", "Graves’ hyperthyroidism accompanied with acute hepatitis B virus infection: an extrahepatic manifestation?:", "CCR5-D32杂合性对HIV-1感染者高效抗逆转录病毒治疗病毒学反应与免疫学反应影响的meta分析", "肺结核患者低钠血症与内分泌激素的相关性及对预后的影响", "进行性家族性肝内胆汁淤积症的研究现状", "Easily Accessible Auxiliary for Palladium-Catalyzed Intramolecular Amination of C(sp2)-H and C(sp3)-H Bonds at δ- and ε-Positions", "Multifunctional alumina/titania hybrid blocking layer modified nanocrystalline titania films as efficient photoanodes in dye sensitized solar cells", "HIV感染者缺血性脑血管病一例", "Potentially functional polymorphisms in IL-23 receptor and risk of esophageal cancer in a Chinese population.", "Subretinal injection of amyloid-β peptide accelerates RPE cell senescence and retinal degeneration.", "发热伴血小板减少综合征病毒人-人间血液传播致隐性感染一例", "肾上腺血管瘤合并肝脏血管瘤1例"], "学术ID": ["CN-BI745MGJ"]}