{"机构": "上海第二医科大学附属新华医院", "访问量": "702", "被引量": "609", "成果数": "83", "H_指数": "13", "G指数": "21", "期刊": "79.5%", "会议": "18.1%", "专著": "0%", "其他": "2.4%", "合作学者": {"蔡绍曦": "南方医科大学南方医院", "赵海金": "南方医科大学南方医院", "吕燕华": "南方医科大学南方医院", "董航明": "南方医科大学南方医院"}, "合作机构": {"南方医科大学南方医院": "280", "第一军医大学南方医院": "17", "第一军医大学高温医学研究室": "13", "南方医科大学公共卫生与热带医学学院": "11", "南方医科大学珠江医院": "6", "深圳市龙岗中心医院": "3", "广州军区广州总医院": "2", "南京医科大学附属南京市妇幼保健院": "2", "第一军医大学病理学教研室": "2", "上海第二医科大学附属新华医院": "2"}, "文章title": ["Decreased soluble RAGE in neutrophilic asthma is correlated with disease severity and RAGE G82S variants", "MKK34多肽对HDM哮喘小鼠气道β-catenin表达及分布的影响", "Bevacizumab reduced auto-phosphorylation of VEGFR2 to protect HDM-induced asthma mice", "The receptor for advanced glycation end products is required for β‐catenin stabilization in a chemical‐induced asthma model", "EGFR mutations are associated with higher incidence of distant metastases and smaller tumor size in patients with non-small-cell lung cancer based on PET/CT scan.", "A Systemic Inflammatory Endotype of Asthma With More Severe Disease Identified by Unbiased Clustering of the Serum Cytokine Profile:", "血清淀粉样蛋白A在支气管哮喘急性发作中的应用价值", "5次“起-坐”试验在慢性阻塞性肺疾病患者临床评价中的价值", "[Value of five-repetition sit-to-stand test in clinical evaluation of chronic obstructive pulmonary disease]", "Blockade of β-catenin signaling attenuates toluene diisocyanate-induced experimental asthma", "Phosphatidylinositol 3-kinases pathway mediates lung caspase-1 activation and high mobility group box 1 production in a toluene-diisocyanate induced murine asthma model", "1,25-Dihydroxyvitamin D3 prevents toluene diisocyanate-induced airway epithelial barrier disruption", "BIM Gene Polymorphism Lowers the Efficacy of EGFR-TKIs in Advanced Nonsmall Cell Lung Cancer With Sensitive EGFR Mutations: A Systematic Review and Meta-Analysis", "The correlations between EGFR mutations and TNM stages in patients with non-small cell lung cancer.", "Whole Brain Radiotherapy (WBRT) plus EGFR tyrosine kinase inhibitors (TKIs) versus WBRT alone for brain metastases (BMs) in non-small cell lung cancer (NSCLC) patients: A meta-analysis.", "呼出气一氧化氮预测健康成人过敏状态的临床研究", "哮喘患者不同水平呼出气一氧化氮差异性反应气道炎症表型", "呼出气一氧化氮预测健康成人过敏状态的临床研究", "β2受体激动剂可显著增加自发性气道阻塞哮喘患者呼出气一氧化氮水平", "支气管扩张剂可显著增加自发性气道阻塞哮喘患者呼出气一氧化氮(FENO)水平"]}