{"机构": "浙江大学环境与资源学院", "访问量": "671", "被引量": "499", "成果数": "63", "H_指数": "13", "G指数": "18", "期刊": "87.3%", "会议": "4.8%", "专著": "0%", "其他": "7.9%", "合作学者": {"傅庆林": "浙江省农业科学院土壤肥料研究所", "丁能飞": "浙江省农业科学院环境资源与土壤肥料研究所", "郭彬": "中国热带农业科学院热带作物品种资源研究所", "林义成": "浙江省农业科学院环境资源与土壤肥料研究所"}, "合作机构": {"浙江省农业科学院环境资源与土壤肥料研究所": "107", "浙江省农业科学院土壤肥料研究所": "42", "中国热带农业科学院热带作物品种资源研究所": "40", "山西大学环境与资源学院": "21", "中国科学院生态环境研究中心": "13", "第三军医大学西南医院": "13", "青岛大学医学院附属医院": "5", "杭州师范大学理学系": "4", "国家地震局": "3", "浙江大学环境与资源学院": "3"}, "文章title": ["Effects of straw-returning and tillage depth on soil properties in plough layer of paddy soil", "有机-无机型钝化剂对水稻土镉钝化效果研究", "The influence of soil properties on the size and structure of bacterial and fungal communities along a paddy soil chronosequence", "Genetic Contribution of Polymorphisms in Glutathione S-Transferases to Brain Tumor Risk", "Silicon Alleviates Cadmium Toxicity in Two Cypress Varieties by Strengthening the Exodermis Tissues and Stimulating Phenolic Exudation of Roots", "滨海盐土肥盐耦合对水稻产量及肥料利用率的影响", "矾浆在水稻土上的固磷效果及对水稻生长和产量的影响", "Endogenous salicylic acid is required for promoting cadmium tolerance of Arabidopsis by modulating glutathione metabolisms", "基于多能协同策略的能源互联微网研究", "Analysis of Development of Key Technologies in Active Distribution Network (in Chinese 主动配电网关键技术分析与展望)", "Neurofunctional Correlates of Environmental Cognition: An fMRI Study with Images from Episodic Memory", "外源硅素对龙柏和侧柏耐镉性的影响机制研究", "盐分和水分对滨海盐土微生物组成及多样性的影响", "主动配电网关键技术分析与展望", "主动配电网关键技术分析与展望", "相变储热技术优化冷热电三联供运行", "Decline in extractable kitasamycin during the composting of kitasamycin manufacturing waste with dairy manure and sawdust.", "固相萃取-高效液相色谱串联质谱法对黄粉虫中手性烯唑醇的分离测定", "Distinct Role of CD86 Polymorphisms (rs1129055, rs17281995) in Risk of Cancer: Evidence from a Meta-Analysis"], "学术ID": ["CN-BD739L3J"]}