{"机构": "东北大学信息科学与工程学院", "访问量": "428", "被引量": "225", "成果数": "35", "H_指数": "7", "G指数": "14", "期刊": "97.1%", "会议": "2.9%", "专著": "0%", "其他": "0%", "合作学者": {"刘海峰": "华东交通大学电气与电子工程学院", "熊南": "华东交通大学电气与电子工程学院", "章华": "华东交通大学电气与电子工程学院", "冷雄春": "华东交通大学电气与电子工程学院"}, "合作机构": {"华东交通大学电气与电子工程学院": "23", "华东交通大学电气信息工程学院": "3", "华东交通大学电气工程学院": "2", "华东交通大学信息工程学院": "1", "东北大学信息科学与工程学院": "1"}, "文章title": ["基于LS-SVR的图像矫正", "基于LED阵列与漫反射自由曲面的均匀照明光源设计", "基于Sensorless技术的无刷直流电动机广域调速研究", "基于机器视觉PCB裸板缺陷自动检测研究", "基于nRF51822的汽车无线姿态测量系统设计", "基于LS－SVR融合算法的颜色恒常性研究", "基于EtherCAT总线的可编程电源研究", "基于自适应粒子群优化 LSSVM 的网络流量在线预测", "基于动态加权LS-SVM的网络流量混沌预测", "全桥移相变换器的开关电源设计", "空气压缩机节能分析及其控制系统的设计", "一种高性价比的高压输出稳压开关电源的设计", "基于GPRS技术的远程抄表监控设计与研究", "基于DSP的信息加密技术在工业中的应用", "基于GPRS的远程抄表监控设计与研究", "一种基于定点DSP的语音识别算法实现", "基于PIC单片机的温度控制器", "消除电力系统故障仿真中数值振荡的方法研究", "大功率伏安特性测试仪的研究", "一种实用蓄电池内阻测试仪的研制"], "学术ID": ["CN-BJ75NLIJ"]}