{"机构": "陕西科技大学电气与信息工程学院", "访问量": "552", "被引量": "185", "成果数": "98", "H_指数": "7", "G指数": "11", "期刊": "94.9%", "会议": "1%", "专著": "0%", "其他": "4.1%", "合作学者": {"李胃胜": "琼州学院理工学院", "周京伟": "泰山学院信息科学技术系", "马秀峰": "曲阜师范大学信息技术与传播学院", "宗莉加": "四川理工学院艺术学院"}, "合作机构": {"琼州学院理工学院": "9", "曲阜师范大学信息技术与传播学院": "5", "泰山学院信息科学技术系": "4", "琼州学院电子信息工程学院": "3", "四川理工学院艺术学院": "3", "琼州大学物理系": "2", "四川理工学院人文学院": "2", "江苏省邳州市岔河镇农业技术推广服务中心": "1", "河北师范大学": "1", "陕西科技大学电气与信息工程学院": "1"}, "文章title": ["基于弗赖登塔尔数学教育思想的数学创课设计——以“梯形的面积”教学为例", "民间茶文化音乐融入单簧管乐曲教学的价值探索", "“3+2”分段培养模式下项目式翻转课堂的构建", "茶曲在大学萨克斯教学中的应用初探", "玛瑙雕刻教学中“画、塑、琢”三步教学法的应用", "强化学习动机巩固学习效果", "软件测试技术课程项目化教学改革实现", "基于C/S模式的计算机应用在线考试系统分析", "员工绩效集对综合评价方法与应用", "音乐专业学生艺术实践考核模式探索", "小学语文口语交际课中学生说话兴趣的激发策略", "浅谈游戏在小学体育教学中的作用", "浅析《计算机组装与维护》在实践教学中的效果", "沙盘工具与企业信息化的结合应用", "关注学生发展--数学教师的有效倾听", "共载伊立替康-姜黄素复合脂质体的制备与分析", "数据挖掘技术识别可疑洗钱交易行为模式研究", "基于联系数Vague集方法的城市环境空气质量评价"]}