{"机构": "兰州理工大学石油化工学院", "访问量": "1144", "被引量": "1330", "成果数": "160", "H_指数": "22", "G指数": "31", "期刊": "75.6%", "会议": "18.8%", "专著": "0%", "其他": "5.6%", "合作学者": {"尹立红": "东南大学公共卫生学院", "浦跃朴": "东南大学公共卫生学院", "王仪": "江苏省淮安市疾病预防控制中心", "杨淼": "东南大学公共卫生学院环境医学工程教育部重点实验室"}, "合作机构": {"东南大学公共卫生学院": "283", "东南大学公共卫生学院环境医学工程教育部重点实验室": "40", "江苏省淮安市疾病预防控制中心": "25", "淮安市疾病预防控制中心": "24", "东南大学附属中大医院": "20", "江苏省苏北人民医院": "13", "解放军总医院": "12", "中日友好医院": "11", "南京医科大学附属淮安第一医院": "11", "兰州理工大学石油化工学院": "9"}, "文章title": ["EGFR-Phosphorylated Platelet Isoform of Phosphofructokinase 1 Promotes PI3K Activation.", "Enhancement of safety and immunogenicity of the Chinese Hu191 measles virus vaccine by alteration of the S-adenosylmethionine (SAM) binding site in the large polymerase protein.", "Corrections to: Enhanced lincomycin production by co‑overexpression of metK1 and metK2 in Streptomyces lincolnensis", "Enhanced lincomycin production by co-overexpression of metK1 and metK2 in Streptomyces lincolnensis.", "miR-93-5p Transferred by Exosomes Promotes the Proliferation of Esophageal Cancer Cells via Intercellular Communication by Targeting PTEN", "LincRNA-p21抑制食管癌细胞增殖的机制", "Stabilization of phosphofructokinase 1 platelet isoform by AKT promotes tumorigenesis", "Identification of extracellular matrix protein 1 as a potential plasma biomarker of ESCC by proteomic analysis using iTRAQ and 2D‐LC‐MS/MS", "KAT2A coupled with the α-KGDH complex acts as a histone H3 succinyltransferase.", "Elements content in tree rings from Xi'an, China and environmental variations in the past 30years.", "LincRNA-p21 implication in esophageal squamous cell carcinoma", "饮用水中亚硝胺类物质气相色谱质谱法检测应用", "Trends in esophageal and esophagogastric junction cancer research from 2007 to 2016", "电子垃圾拆解区人群甲状腺激素水平改变的Meta分析", "人乳头状瘤病毒转染对甲基硝基亚硝基胍致人食管上皮Het-1A细胞增殖及凋亡的影响", "Effect of alpha lipoic acid on retinal ganglion cell survival in an optic nerve crush model", "The Use of the Nematode Caenorhabditis elegans to Evaluate the Adverse Effects of Epoxiconazole Exposure on Spermatogenesis", "Discovery of new cellulases from the metagenome by a metagenomics-guided strategy.", "Caenorhabditis elegans as an alternative in vivo model to determine phthalic acid esters-induced female reproductive toxicity"], "学术ID": ["CN-BD735P1J"]}