{"机构": "中国科学院长春应用化学研究所", "访问量": "1142", "被引量": "515", "成果数": "106", "H_指数": "12", "G指数": "18", "期刊": "98.1%", "会议": "0.9%", "专著": "0%", "其他": "1%", "合作学者": {"刘晓山": "江西师范大学物理与通信电子学院", "陈元浩": "江西省光电子与通信重点实验室", "黄宽": "江西省光电子与通信重点实验室", "付国兰": "江西师范大学物理与通信电子学院"}, "合作机构": {"江西省光电子与通信重点实验室": "144", "江西师范大学物理与通信电子学院": "84", "西南师范大学物理系": "20", "中国气象科学研究院": "17", "贵州省临床检验中心": "8", "赣南师范学院物理与电子信息学院": "6", "上海交通大学医学院附属上海儿童医学中心血液肿瘤科": "4", "广州军区武汉总医院": "3", "吉林大学化学学院": "2", "中国科学院长春应用化学研究所": "2"}, "文章title": ["Annealed gold nanoshells with highly-dense hotspots for large-area efficient Raman scattering substrates", "Titanium resonators based ultra-broadband perfect light absorber", "Large-area, low-cost, ultra-broadband, infrared perfect absorbers by coupled plasmonic-photonic micro-cavities", "High-quality multispectral bio-sensing with asymmetric all-dielectric meta-materials", "Hybrid metal-semiconductor cavities for multi-band perfect light absorbers and excellent electric conducting interfaces", "All-dielectric resonant cavity-enabled metals with broadband optical transparency", "Semiconductor meta-surface based perfect light absorber.", "Ultra-broadband perfect solar absorber by an ultra-thin refractory titanium nitride meta-surface", "Multi-Band High Refractive Index Susceptibility of Plasmonic Structures with Network-Type Metasurface", "High-Quality Plasmon Sensing with Excellent Intensity Contrast by Dual Narrow-Band Light Perfect absorbers", "Subradiant, Superradiant Plasmon Modes and Fano Resonance in a Multilayer Nanocylinder Array Standing on a Thin Metal Film", "Polarization-Induced Tunability of Plasmonic Light Absorption in Arrays of Sub-Wavelength Elliptical Disks", "Partially hollowed ultra-thin dielectric meta-surface for transmission manipulation", "Corrigendum to “Modified spontaneous emission from CdSe/ZnS core–shell quantum dots in plasmonic–photonic crystals” [Mater. Lett. 93 (2013) 42–44]", "Corrigendum to “Controlled disorder effect on the structure, bandgap and emission modification of three-dimensional photonic crystals” [Opt. Commun. 34 (2013) 301–302]", "Corrigendum to “Surface-enhanced Raman scattering effect of gold nanoparticle arrays: The influence of annealing temperature, excitation power and array thickness” [Optik 124 (2013) 5124–5126]", "All-metal meta-surfaces for narrowband light absorption and high performance sensing", "Modification of spontaneous emission from quantum dots by the surface of a three-dimensional photonic crystal: erratum", "Multi-band light perfect absorption by a metal layer-coupled dielectric metamaterial", "Monochromatic filter with multiple manipulation approaches by the layered all-dielectric patch array."], "学术ID": ["CN-BV739BQJ"]}