{"机构": "新疆医科大学第一附属医院", "访问量": "3464", "被引量": "2976", "成果数": "321", "H_指数": "28", "G指数": "40", "期刊": "88.2%", "会议": "9.7%", "专著": "0.3%", "其他": "1.8%", "合作学者": {"刘忠军": "北京大学第三医院", "姜亮": "北京大学第三医院", "韦峰": "北京大学第三医院", "党耕町": "北京大学第三医院"}, "合作机构": {"北京大学第三医院": "1069", "北京大学医学部病理学系": "17", "首都医科大学附属北京同仁医院": "15", "北京大学第一医院": "11", "第一军医大学南方医院": "11", "天津科技大学生物工程学院天津市工业微生物重点实验室": "9", "天津医院": "8", "舟山市人民医院": "6", "昆明医学院第一附属医院": "6", "新疆医科大学第一附属医院": "6"}, "文章title": ["Identification of susceptibility loci for thoracic ossification of the posterior longitudinal ligament by whole-genome sequencing", "How does the sagittal spinal balance of the scoliotic population deviate from the asymptomatic population?:", "An Approach to Primary Tumors of the Upper Cervical Spine With Spondylectomy Using a Combined Approach", "Letter to the editor regarding \"A multicenter cohort study of spinal osteoid osteomas: results of surgical treatment and analysis of local recurrence\" by Quraishi et al.", "远隔节段跳跃型胸椎管狭窄症一期手术与分期手术的临床疗效观察", "Clinical features and treatment outcomes of langerhans cell histiocytosis of the spine", "Association of IL17RC and COL6A1 genetic polymorphisms with susceptibility to ossification of the thoracic posterior longitudinal ligament in Chinese patients", "Intraoperative vertebroplasty during surgical decompression and instrumentation for aggressive vertebral hemangiomas: a retrospective study of 39 patients and review of the literature", "Percutaneous radiofrequency ablation versus open surgical resection for spinal osteoid osteoma", "Radiofrequency ablation in gross total excision of cervical chordoma: ideas and technique", "聚甲基丙烯酸甲酯与可吸收骨水泥治疗骨质疏松椎体压缩骨折的临床疗效对照研究", "A cross-sectional study on the symptom burden of patients with spinal tumor: validation of the Chinese version of the MD Anderson Symptom Inventory - Spine Tumor Module (MDASI-SP)", "Surgical approach selection for total spondylectomy for the treatment of giant cell tumors in the lumbar spine: A retrospective analysis of 12 patients from a single center.", "颈椎转移瘤围术期并发症危险因素分析", "腰椎微创手术病人术前生活质量和影响因素的研究", "钽合金微孔内置物和自体骨植骨在颈前路椎间融合术中应用效果与安全性的Meta分析", "Recurrence Factors in Giant Cell Tumors of the Spine", "Atlantoaxial Langerhans cell histiocytosis radiographic characteristics and corresponding prognosis analysis:", "脊柱非何杰金淋巴瘤的治疗方法选择及评价", "The relationship between changes of cervical sagittal alignment after anterior cervical discectomy and fusion and spino-pelvic sagittal alignment under roussouly classification: a four-year follow-..."], "学术ID": ["CN-B874AEOJ"]}