{"机构": "北京第一工业建筑设计院", "访问量": "977", "被引量": "363", "成果数": "53", "H_指数": "11", "G指数": "16", "期刊": "73.6%", "会议": "26.4%", "专著": "0%", "其他": "0%", "合作学者": {"葛明": "东南大学建筑学院", "吴尧": "江南大学设计学院", "杨晓龙": "东南大学建筑学院", "杨维菊": "东南大学建筑学院"}, "合作机构": {"东南大学建筑学院": "4", "江南大学设计学院": "2", "苏州科技学院建筑与城市规划学院": "1", "中房集团建筑设计事务所": "1", "中南建筑设计院": "1", "浙江工业大学建工学院": "1", "北京市建筑设计研究院": "1", "武汉大学城市设计学院": "1", "上海工业建筑设计院": "1", "北京第一工业建筑设计院": "1"}, "文章title": ["简要书评:一部较完整的中国近代建筑史", "研究历史,追忆先贤--记梁思成、童寯、汪坦对中国近代建筑史研究的贡献", "中国近代第一城——纪念澳门回归十周年", "再论外国建筑史教学之道——教研结合，史论并重，开拓外建史教学新视野", "弘扬古典秩序的现代建筑大师——纪念密斯·凡·德·罗逝世40周年", "历史文化名城的建筑遗产保护策略", "中国传统建筑文化在海外的传承——新加坡佛教建筑的维承与革新", "中国传统建筑文化在海外的传承--新加坡佛教建筑的继承与革新", "中山陵等民国建筑的特色", "外国建筑史教学之道——跨文化教学与研究的思考", "中国传统建筑文化在海外的传承——新加坡佛教建筑的继承与革新", "南京近代大学校园建筑评析", "民居保护与利用的新思考", "近代中国传统宗教建筑对新加坡建筑的影响", "古民居保护与利用的新思考", "无锡运河地区近代工业建筑的形成", "研究中国近现代建筑艺术的意义与价值", "澳门建筑文化遗产的特色与价值", "南京近代工业建筑遗产的现状与保护策略探讨--以金陵机器制造局为例"], "学术ID": ["CN-BU738BRJ"]}