{"机构": "同济大学继续教育学院", "访问量": "946", "被引量": "556", "成果数": "37", "H_指数": "12", "G指数": "23", "期刊": "89.2%", "会议": "5.4%", "专著": "0%", "其他": "5.4%", "合作学者": {"李国强": "同济大学土木工程学院", "张耀春": "哈尔滨工业大学土木工程学院", "陆烨": "同济大学土木工程学院", "孙飞飞": "同济大学土木工程防灾国家重点实验室"}, "合作机构": {"同济大学土木工程学院": "35", "中国建筑股份有限公司": "6", "同济大学土木工程防灾国家重点实验室": "5", "哈尔滨工业大学土木工程学院": "5", "同济大学": "3", "北京银河金属结构工程有限责任公司": "3", "山东莱钢建设有限公司": "2", "上海宝冶建设有限公司": "1", "华东建筑设计研究院有限公司": "1", "同济大学继续教育学院": "1"}, "文章title": ["屈曲约束支撑低周疲劳性能及罕遇地震下的累积损伤评估", "屈曲约束支撑等幅疲劳性能研究", "方钢管柱对穿螺栓柱-柱拼接节点轴压承载性能试验研究", "矩形钢管柱与H形梁端板对拉螺栓连接滞回性能研究", "Study of the Anchorage Connections for Buckling Restrained Braces Part 2: Theoretical Study", "BRB应用于混凝土框架的弹性层间位移角限值与设计建议", "H形梁与H形柱弱轴单板简支连接性能研究", "FEMA P695-Quantification of Building Seismic Performance Factors简介", "屈曲约束支撑混凝土锚固节点力学性能试验研究", "Catenary action of restrained steel beam against progressive collapse of steel frameworks", "北京奥林匹克公园会议中心钢管摇摆柱性能化抗火分析与设计", "模数化、标准化钢结构住宅体系研究", "结构体系可靠度计算的复合抽样半解析法", "平面钢框架结构的整体可靠度设计", "带填充墙钢框架结构抗侧力性能试验及理论研究", "美国钢结构学会(AISC)2004年度钢结构创新设计与优秀建筑奖介绍", "System reliability assessment of planar steel frames", "平面钢框架结构极限承载的体系可靠度评价", "一种考虑初始缺陷影响的非线性梁单元"], "学术ID": ["CN-B575II4J"]}