{"机构": "国防科技大学航天与材料工程学院", "访问量": "261", "被引量": "74", "成果数": "11", "H_指数": "5", "G指数": "8", "期刊": "63.6%", "会议": "27.3%", "专著": "0%", "其他": "9.1%", "合作学者": {"张长瑞": "国防科技大学航天与材料工程学院", "冯坚": "国防科技大学航天与材料工程学院", "马占东": "国防科技大学航天与材料工程学院", "邹晓蓉": "国防科技大学航天与材料工程学院"}, "合作机构": {"国防科技大学航天与材料工程学院": "26"}, "文章title": ["原位聚合(PSS/PANI)n复合膜的静电层-层自组装", "原位聚合聚苯胺层层自组装膜的制备及其敏感性能研究", "层层自组装原位聚合聚苯胺复合膜的氨敏性能研究", "层层自组装原位聚合聚苯胺复合膜成膜机理研究", "Mechanism Studies of Layer-by-Layer Self-assembled Polymerized Polyaniline Composite Film Formation", "交替沉积自组装不同酸掺杂聚苯胺薄膜的光谱及导电性能研究", "LBL分子沉积法制备神经毒剂类传感器薄膜", "交替沉积自组装法制备聚苯胺复合薄膜的研究", "量子力学教学探讨", "无机粒子-高分子复合固体电解质的研究进展", "低特征信号推进剂的氧化剂—新型氧化剂二硝酰胺盐(ADN)"], "学术ID": ["CN-B174XS3J"]}