{"机构": "云南大学地球科学系", "访问量": "5985", "被引量": "2666", "成果数": "150", "H_指数": "22", "G指数": "48", "期刊": "95.3%", "会议": "2%", "专著": "2.7%", "其他": "0%", "合作学者": {"刘式达": "北京大学地球物理系", "付遵涛": "北京大学物理学院", "赵强": "北京大学物理学院", "梁福明": "北京大学物理学院"}, "合作机构": {"北京大学地球物理系": "109", "北京大学物理学院": "79", "中国气象科学研究院": "8", "云南大学地球物理系": "7", "北京大学地球物理学系": "5", "国家海洋环境预报中心": "4", "国家气象中心": "4", "北京市气象局": "4", "北京大学力学与工程科学系湍流研究国家重点实验室": "2", "云南大学地球科学系": "2"}, "文章title": ["大气三圈环流的动力系统模型", "从气旋和反气旋谈正、负阻尼", "Three-dimensional spiral structure of tropical cyclone under four-force balance", "间歇湍流的分形特征——分数维及分数阶导数的应用", "间歇湍流的分数阶动力学", "从北极高压、南极低压到南北极间的三维异宿轨道", "大气学科在与物理学科的交融中发展", "气候变化的长期记忆性:理论基础与观测证实", "一类厄尔尼诺一南方涛动充电-放电振子模型研究", "一类厄尔尼诺-南方涛动充电-放电振子模型研究", "The periodic solutions for coupled integrable dispersionless equations", "Davey-Stewartson方程组的包络周期解和孤立波解", "Envelope periodic and solitary solutions to one dimensional Gross-Pitaevskii equation in Bose-Einstein condensates", "Bose-Einstein凝聚态中的一维Gross-Pitaevskii方程的包络周期解和孤立波解", "天气图上的涡旋动力学", "天气和气候之间的桥梁--分数阶导数", "Nonlinear atmospheric and climate dynamics in China (2003–2006): A review", "Lorenz方程中两种尺度的相互作用", "雅可比椭圆函数在大气和海洋动力学中的应用:二维非线性Rossby波研究", "大气涡旋的螺旋结构"], "学术ID": ["CN-BM741I7J"]}