{"机构": "温州师范学院化学与材料科学系", "访问量": "311", "被引量": "214", "成果数": "78", "H_指数": "8", "G指数": "12", "期刊": "84.6%", "会议": "15.4%", "专著": "0%", "其他": "0%", "合作学者": {"李枝国": "湖南省儿童医院", "彭剑雄": "湖南省儿童医院", "张丽": "湖南省儿童医院", "范江花": "湖南省儿童医院"}, "合作机构": {"湖南省儿童医院": "130", "南京军区南京总医院": "24", "滨州医学院附属医院": "18", "佛山市第一人民医院": "10", "玉林师范学院化学与生物系": "3", "华中科技大学同济医学院附属协和医院": "2", "广东省佛山市第二人民医院": "1", "浙江省台州市立医院": "1", "广东工业大学轻工化工学院": "1", "温州师范学院化学与材料科学系": "1"}, "文章title": ["春捂秋冻,谨防“蒙被综合征”", "自制输液外渗百宝箱在儿科病房中的应用", "《PICU床旁血浆置换护理临床路径表》的设计和应用", "儿科重症监护室心电监护仪常见报警原因分析及处理", "编码钥匙装置在临床抢救车管理中的应用效果研究", "JCI标准下呼吸机管道集中供应对降低呼吸机相关性肺炎的应用研究", "水胶体敷料在PICU预防面部皮肤撕揭胶布损伤中的应用", "微信群在儿童重症监护信息交流中的应用", "JCI认证下PICU“危急值”的管理", "南京军区南京总医院聘用制护士2年健康状况分析", "连续性肾脏替代疗法治疗脓毒症的护理方法及疗效", "改良三通管在重症肺炎机械通气患儿行纤支镜治疗中的应用", "体检人群脂肪肝影响因素的相关性分析", "PICC置管后日常护理实施状况的调查与分析", "Vest气道清除系统在小儿重症肺炎机械通气中的应用", "JCI标准下营养管理应用于机械通气患儿的研究", "汽车安全座椅应用于食管气管瘘患儿中的护理体会"], "学术ID": ["CN-BX74DAOJ"]}