{"机构": "武汉铸造实业有限公司", "访问量": "2283", "被引量": "1240", "成果数": "95", "H_指数": "20", "G指数": "33", "期刊": "97.9%", "会议": "1.1%", "专著": "0%", "其他": "1%", "合作学者": {"韩辉": "武汉理工大学材料科学与工程学院", "康柳根": "武汉理工大学材料科学与工程学院", "黄尚宇": "武汉理工大学材料科学与工程学院", "王慧源": "武汉理工大学机电工程学院"}, "合作机构": {"武汉理工大学材料科学与工程学院": "101", "武汉理工大学机电工程学院": "10", "武汉理工大学汽车工程学院": "5", "武汉理工大学材料学院": "5", "华中科技大学模具技术国家重点实验室": "5", "武汉工程大学机械工程学院": "5", "武汉理工大学": "4", "武汉理工大学材料复合新技术国家重点实验室": "4", "华中科技大学材料学院": "3", "武汉铸造实业有限公司": "3"}, "文章title": ["钇对6063铝合金导体材料铸态组织与性能的影响", "基于电磁成形制备连续Cf/Al复合材料", "Sb对Au-Ge共晶合金铸态组织的影响", "Grain refinement of AZ91D magnesium alloy by a new Mg–50%Al 4 C 3 master alloy", "AZ91 D镁合金表面熔盐热扩渗试验", "新型Mg-50%Al4C3-6%Ce中间合金的制备及其细化特性", "新型Mg-50％Al4C3-6％Ce中间合金的制备及其对AZ91D合金的细化机制", "Fabrication of a New Mg-50%Al4C3-6%Ce Master Alloy and Its Refinement Mechanism on AZ91D Alloy", "金属材料专业实践教学体系改革的探索", "基于卓越工程师培养的金属材料专业人才培养方案优化", "《合金材料及其熔炼》双语教学探讨", "Microstructures and Mechanical Properties of Helical Bevel Gears Made by Mn-Cu Alloyed Austempered Ductile Iron", "Mg-Al4C3-Ce中间合金对AZ91D镁合金显微组织与性能的影响", "Mn、Fe对AZ91D镁合金中Al4C3细化效率的影响", "Mg-TiB_2中间合金和Ca对AZ91D镁合金组织和性能的影响", "Mg-TiB2中间合金和Sr对AZ91D镁合金显微组织的细化", "预制破片战斗部爆炸冲击波仿真分析", "锰钢合金奥贝球铁组织与力学性能研究", "Mg-TiB_2中间合金和Ce对AZ91D镁合金显微组织的细化", "锰铜合金奥贝球铁组织与力学性能研究"]}