{"机构": "沈阳医学院分子生物学研究室", "访问量": "575", "被引量": "252", "成果数": "69", "H_指数": "8", "G指数": "12", "期刊": "94.2%", "会议": "5.8%", "专著": "0%", "其他": "0%", "合作学者": {"张洪": "福建农林大学机电工程学院", "阮凯斌": "福建农林大学机电工程学院", "吴义炳": "福建农林大学机电工程学院", "尤华明": "福建农林大学"}, "合作机构": {"福建农林大学机电工程学院": "70", "福建农林大学": "12", "福建林学院": "10", "福建师范大学物理与光电信息科技学院": "6", "福建省辐射中心": "3", "厦门大学物理系": "2", "福建农林大学林学院": "2", "苏州大学计算机科学与技术学院": "2", "厦门大学": "2", "沈阳医学院分子生物学研究室": "1"}, "文章title": ["光质对金线莲组培苗生长和主要化学成分的影响", "Superhydrophilic and Highly Transparent TiO2 Films Prepared by Dip Coating for Photocatalytic Degradation of Methylene Blue", "植物培养箱内LED光源均匀性的研究", "Ca 0.88 TiO 3 ∶0.12Eu 3+ 红色荧光粉的结构与发光性能", "OLED像素驱动电路的实验研究", "Structural and Optical Properties of CaTiO∶0.12EuRed Phosphors", "电子科学与技术专业“大学物理”课程设置探讨", "提拉法制备高透光率超亲水性TiO2薄膜及性能分析", "Superhydrophilic and transparent TiO2 films prepared by dip coating.", "基于AMC7140芯片的大功率LED多路驱动电源设计", "热处理方式对聚合物太阳能电池光电特性的影响", "一种多功能的角动量定理演示仪", "掺碳氧化铟薄膜的铁磁性研究", "Bi3.15Eu0.85Ti3O12铁电薄膜的结构与光学性能", "退火对掺铟氧化锌薄膜结构及光学性能的影响", "Bi0.85312铁电薄膜的结构与光学性能", "Bi_(3.6)Eu_(0.4)Ti_3O_(12)/ZnO复合薄膜的结构与发光性能的研究", "Zn1-xMgxO薄膜的溶胶—凝胶法制备与光学性质分析", "太阳能LED特征光谱害虫诱杀器", "Structural and Optical Properties of BiEuTiOFerroelectric Thin Films"], "学术ID": ["CN-B474T12J"]}