{"机构": "哈尔滨师范大学", "访问量": "255", "被引量": "106", "成果数": "50", "H_指数": "4", "G指数": "9", "期刊": "98%", "会议": "2%", "专著": "0%", "其他": "0%", "合作学者": {"胡议丹": "长春工程学院", "孙丹丹": "长春工程学院建筑与设计学院", "韩红爽": "吉林大学军需科技学院", "孙虎鸣": "长春工程学院"}, "合作机构": {"长春工程学院": "10", "长春工程学院建筑与设计学院": "6", "吉林大学军需科技学院": "3", "中南大学湘雅三医院": "3", "中南大学": "1", "中国科学院研究生院": "1", "长春工业大学艺术设计学院": "1", "中国医科大学附属盛京医院": "1", "哈尔滨师范大学": "1"}, "文章title": ["关于小学数学教学中培养学生创新意识的思考", "基于“卓越工程师培养计划”服装与服饰设计专业人才培养模式改革与实践", "浅谈小学英语教学中学生创新能力的培养", "Meropenem﹊nduced immune thrombocytopenia and the diagnostic process of laboratory testing", "传统文化元素在中式品牌服装设计中的创新应用研究", "刺绣作品《花篮盛福》", "浅谈小学语文教学的现状与改进策略", "多媒体技术在小学语文教学中的应用", "对小学低年级语文趣味教学的建议", "高校服装与服饰设计专业应用型人才的教学研究与探索", "《角的度量》教学设计", "小学语文教学语言特点新探", "如何提高思想品德课的课堂教学实效性", "应用型本科设计类专业创新实训基地建设研究", "孙丹丹 刘凤霞 胡议丹 张恒国画", "孙丹丹 刘凤霞 张恒 张晓丹国画", "浅谈对高中语文新课改的感悟", "有效实施责任教育提高大学生就业率", "多媒体技术在服装教学中的运用"]}