{"机构": "中国空气动力研究与发展中心超高速所", "访问量": "2362", "被引量": "1881", "成果数": "97", "H_指数": "17", "G指数": "42", "期刊": "83.5%", "会议": "8.2%", "专著": "0%", "其他": "8.3%", "合作学者": {"李英民": "重庆大学土木工程学院", "韩军": "重庆大学土木工程学院", "杨溥": "重庆大学土木工程学院", "郑妮娜": "重庆大学土木工程学院"}, "合作机构": {"重庆大学土木工程学院": "151", "重庆大学": "6", "南京医科大学药学院": "5", "中冶赛迪工程技术股份有限公司": "5", "建设部科技司": "4", "重庆大学西南资源开发及环境灾害控制工程教育部重点实验室": "3", "兰州大学土木工程与力学学院": "2", "中国空气动力研究与发展中心超高速空气动力研究所": "2", "山东省动物生物技术与疫病防治重点实验室": "2", "中国空气动力研究与发展中心超高速所": "2"}, "文章title": ["工程结构试验技术专业硕士课程教学改革研讨", "高空坠物落点理论模型及在施工安全防护中的应用", "等效线性化方法在RC框架结构设计中的应用", "Application of equivalent linearization method in design of RC frame structure", "Partitioned Integration Method Based on Newmark’s Scheme for Structural Dynamic Problems", "Protective immunity induced by the vaccination of recombinant Proteus mirabilis OmpA expressed in Pichia pastoris", "隔震掉层框架结构的地震响应分析", "Electronic parking brake system, assistant starting method thereof for motor vehicle", "Effects of addition of maize starch on the yield, water quality and formation of bioflocs in an integrated shrimp culture system", "扭转控制指标在不等高接地框架结构中的适用性分析", "坡地掉层结构上接地支座形式对框架结构抗震性能的影响分析", "荷载与结构设计课程教学问题及解决对策——以JCSS组合规则为例", "基于变形和能量的低烈度区超高层建筑抗震性能分析", "基于SSI效应的结构抗震设计方法的中美规范对比", "结构抗震设计课程教学问题调研", "配置表层钢筋网片的钢筋混凝土梁的施工工艺", "Double shell CdTe/CdS/ZnS quantum dots as a fluorescence probe for quetiapine determination in fumarate quetiapine tablets", "Synthesis of highly luminescent CdTe/CdS/ZnS quantum dots by a one-pot capping method", "Rosenbrock耦合积分方法及其收敛性分析", "边坡变形作用下坡地建筑结构的力学行为探讨"], "学术ID": ["CN-BW75E3QJ"]}