{"机构": "第四军医大学物理教研室", "访问量": "372", "被引量": "215", "成果数": "40", "H_指数": "8", "G指数": "14", "期刊": "95%", "会议": "0%", "专著": "2.5%", "其他": "2.5%", "合作学者": {"屈学民": "第四军医大学生物医学工程系", "杨继庆": "第四军医大学生物医学工程系", "文峻": "第四军医大学生物医学工程系物理学教研室", "李海涛": "第四军医大学生物医学工程系"}, "合作机构": {"第四军医大学生物医学工程系": "79", "第四军医大学生物医学工程系物理学教研室": "22", "第四军医大学数理教研室": "8", "大连市疾病预防控制中心": "5", "陕西师范大学物理学与信息技术学院": "4", "陕西师范大学应用声学研究所": "4", "第四军医大学药学系生物制药教研室": "3", "天津大学理学院": "2", "第二军医大学药学院药物分析学教研室": "2", "第四军医大学物理教研室": "2"}, "文章title": ["Single frequency laser multiple feedback effects based on ray tracing method", "基于光线追迹的单频激光多重回馈效应研究", "数理思想在生物医学教学和科研中的应用", "基于物理创新实验班模拟电路双语教学的研究", "Equilibrium Shapes for Isotropic Elastic Tubes in the Planar Case", "浅析音乐文化学专业中相关物理学课程的教学特色", "The study of comparing the efficiency of ZnPc-PDT and HPD-PDT in killing mice lewis lung cancer cells", "The Study of Comparing the Efficiency of ZnPc-PDT and HPD-PDT in Killing Mice Lewis Lung Cancer Cells", "锌酞氰介导的光动力学疗法对小鼠Lewis肺癌细胞的影响研究", "ZnPc和HPD介导的PDT对肺癌细胞杀伤效果的对比研究", "低频超声激活光敏剂ATX-S10和HPD的实验研究", "激光激活光敏剂ATX-S10和HpD特性的对比研究", "Open Vesicles with Two Edges", "OPEN VESICLES WITH TWO EDGES", "光动力学疗法和声动力学疗法", "声光光信道监测仪的串扰特性研究", "偏振无关集成声光可调谐滤波器及其应用", "医学物理教学改革与创新", "烧伤深度诊断技术的研究进展", "新时期军队医学院校基础学科体系的构建与创新"], "学术ID": ["CN-BS74LNPJ"]}