{"机构": "昆明医学院第二附属医院", "访问量": "1090", "被引量": "1093", "成果数": "74", "H_指数": "17", "G指数": "31", "期刊": "85.1%", "会议": "13.5%", "专著": "0%", "其他": "1.4%", "合作学者": {"刘秀梵": "扬州大学农业部畜禽传染病学重点开放实验室", "卢建红": "湖南省畜牧兽医总站", "吴艳涛": "扬州大学农业部畜禽传染病学重点开放实验室", "韦栋平": "扬州大学农业部畜禽传染病学重点开放实验室"}, "合作机构": {"扬州大学农业部畜禽传染病学重点开放实验室": "177", "中国动物疫病预防控制中心": "38", "湖南省畜牧兽医总站": "25", "农业部兽医诊断中心": "14", "天津科技大学电子信息与自动化学院": "9", "扬州大学畜牧兽医学院": "7", "西藏自治区农牧厅": "4", "扬州大学兽医学院农业部畜禽传染病学重点开放实验室": "3", "北京工业大学计算机学院": "2", "昆明医学院第二附属医院": "2"}, "文章title": ["鸡白痢/禽伤寒沙门菌抗体检测试剂的比较与评估", "实时荧光定量TaqManRT-PCR检测鸭坦布苏病毒方法的建立及初步应用", "2015年我国父母代种鸡场主要疫病净化情况调查", "H7N9亚型亚型流感流行病学特征及防控建议", "中国部分地区鸭、鹅携带四种病毒状况的调查与分析", "祖代种鸡场主要疫病监测与净化对策", "禽白血病病毒抗原检测能力比对样品的制备", "2015年我国祖代种鸡场卫生状况及疫病净化情况调查", "健康水禽携带病毒情况的调查", "2014年我国鸡群中禽网状内皮组织增生症血清学调查", "实时荧光定量TaqMan-PCR检测鹅细小病毒方法的建立", "我国水禽疫病的流行情况及防控对策", "永康防疫员服务体系:新型基层兽医服务模式(五)", "Small-molecule probes targeting the viral PPxY-host Nedd4 interface block egress of a broad range of RNA viruses.", "A host-oriented inhibitor of Junin Argentine hemorrhagic fever virus egress.", "2014年禽白血病流行情况调查", "Design and Control of Extractive Dividing Wall Column for Separating Benzene/Cyclohexane Mixtures", "Host IQGAP1 and Ebola Virus VP40 Interactions Facilitate Virus-Like Particle Egress"], "学术ID": ["CN-BR747DAJ"]}