{"机构": "中国科学院林业土壤研究所", "访问量": "3144", "被引量": "2686", "成果数": "106", "H_指数": "28", "G指数": "49", "期刊": "96.2%", "会议": "2.8%", "专著": "0%", "其他": "1%", "合作学者": {"李培军": "中国科学院沈阳应用生态研究所", "台培东": "中国科学院沈阳应用生态研究所", "周启星": "中国科学院沈阳应用生态研究所陆地生态过程重点实验...", "许华夏": "中国科学院沈阳应用生态研究所"}, "合作机构": {"中国科学院沈阳应用生态研究所": "248", "中国科学院沈阳应用生态研究所陆地生态过程重点实验室": "26", "中国科学院研究生院": "24", "沈阳农业大学土地与环境学院": "18", "沈阳农业大学": "14", "沈阳农业大学辽宁省农业生物技术重点实验室": "7", "东北大学资源与土木工程学院": "7", "辽宁大学环境学院": "6", "山东大学": "5", "中国科学院林业土壤研究所": "5"}, "文章title": ["Extracellular Polymeric Substances from a Fungus Are More Effective than Those from a Bacterium in Polycyclic Aromatic Hydrocarbon Biodegradation", "植物位点特异性甲基化研究的引物设计及PCR体系优化", "Adsorption of pyrene onto the agricultural by-product: corncob", "盐酸小檗碱对小鼠肝、脾、肾细胞DNA损伤的比较研究", "盐渍化土壤翅碱蓬根际促生细菌的筛选及对多环芳烃的降解特性", "拟南芥 MLH1 基因启动子甲基化作为 镉胁迫生物标记物潜力评估", "铜胁迫对拟南芥幼苗生长和基因组DNA甲基化的影响", "DNA damage and genetic methylation changes caused by Cd in Arabidopsis thaliana seedlings", "Effects of copper stress on the growth and genomic DNA methylation of Arabidopsis thaliana seedlings.", "Long-distance transport of cadmium from roots to leaves of Solanum melongena", "成团泛菌Pantoea sp.TJB5对菲的酶促降解及功能酶基因克隆", "改进MSAP-PCR技术应用于Cd胁迫下拟南芥DNA甲基化分析", "Influence of substrate temperature on structural, morphological and electrical properties of PbSe film deposited by radio frequency sputtering", "Evaluation of heavy metal toxicity in sediments using the midge", "摇蚊幼虫对沉积物中重金属复合污染评估", "运用MSAP研究镉胁迫对拟南芥幼苗基因甲基化的影响", "Studies on the interaction between triphenyltin and bovine serum albumin by fluorescence and CD spectroscopy", "Cu胁迫对拟南芥幼苗错配修复基因表达的影响", "Cadmium accumulation in different eggplant cultivars and the effects of grafting on the cadmium accumulation characteristics."], "学术ID": ["CN-B173Z5DJ"]}