{"机构": "第一军医大学南方医院", "访问量": "2583", "被引量": "1714", "成果数": "280", "H_指数": "20", "G指数": "28", "期刊": "92.5%", "会议": "5.7%", "专著": "0.4%", "其他": "1.4%", "合作学者": {"谢惠芳": "南方医科大学珠江医院", "王晓峰": "北京大学人民医院", "徐涛": "北京大学人民医院", "崔同建": "福建省立医院"}, "合作机构": {"南方医科大学珠江医院": "194", "北京大学人民医院": "171", "福建省立医院": "78", "第一军医大学珠江医院": "69", "中山大学附属第一医院": "38", "北京大学深圳医院": "25", "第四军医大学西京医院": "25", "杭州市第三人民医院": "18", "福建医科大学省立临床学院": "12", "第一军医大学南方医院": "12"}, "文章title": ["Honokiol Ameliorates Myocardial Ischemia/Reperfusion Injury in Type 1 Diabetic Rats by Reducing Oxidative Stress and Apoptosis through Activating the SIRT1-Nrf2 Signaling Pathway", "Protein S100-A8: A potential metastasis-associated protein for breast cancer determined via iTRAQ quantitative proteomic and clinicopathological analysis", "分子靶向治疗导致内分泌毒性概述", "胃癌骨转移43例临床特点及预后因素分析", "抗肿瘤药物所致心脏毒性的研究进展", "替吉奥联合紫杉醇与FOLFOX方案治疗晚期胃癌的临床比较", "Fetal sequential multiorgan autoimmunity associated with recurrent post thymectomy thymoma", "Melatonin reduces PERK-eIF2α-ATF4-mediated endoplasmic reticulum stress during myocardial ischemia–reperfusion injury: role of RISK and SAFE pathways interaction", "GPER inhibits diabetes-mediated RhoA activation to prevent vascular endothelial dysfunction", "洛铂联合重组人血管内皮抑素腹腔灌注治疗癌性腹腔积液25例疗效观察", "大剂量盐酸羟考酮缓释片治疗癌痛临床观察", "Berberine protects rat heart from ischemia/reperfusion injury via activating JAK2/STAT3 signaling and attenuating endoplasmic reticulum stress", "Berberine protects the heart from ischemia/reperfusion injury by attenuating endoplasmic reticulum stress via the JAK2/STAT3 signaling pathway.", "Contagious Erythroderma.", "不同肠内营养对结肠癌化疗患者肠黏膜屏障保护作用的影响", "[Ginsenoside Rh₂-induced inhibition of histone deacetylase 6 promotes K562 cells autophagy and apoptosis in vivo]", "Involvement of cancer-derived IgG in the proliferation, migration and invasion of bladder cancer cells", "不宁腹综合征一例", "Diet- and Genetically-induced Obesity Produces Alterations in the Microbiome, Inflammation andWntPathway in the Intestine of Apc+/1638NMice: Comparisons and Contrasts:", "RAB39B gene mutations are not linked to familial Parkinson’s disease in China"], "学术ID": ["CN-BB73P7YJ"]}