{"机构": "安徽师范大学文学院", "访问量": "1102", "被引量": "523", "成果数": "141", "H_指数": "11", "G指数": "18", "期刊": "96.5%", "会议": "3.5%", "专著": "0%", "其他": "0%", "合作学者": {"尹传兰": "牡丹江师范学院文学院", "薛雯": "上海理工大学出版印刷与艺术设计学院", "张永清": "中国人民大学文学院", "李春红": "常熟理工学院人文学院"}, "合作机构": {"牡丹江师范学院文学院": "10", "上海理工大学出版印刷与艺术设计学院": "8", "常熟理工学院人文学院": "3", "南京晓庄学院人文学院": "3", "中国人民大学文学院": "3", "苏州大学文学院": "2", "曲靖师范学院人文学院": "2", "安徽省出版总社": "2", "扬州大学": "1", "安徽师范大学文学院": "1"}, "文章title": ["“典型论”的反思——从性格特征论、社会本质论到审美生命论", "科学主义的迷雾:金开诚文艺心理学再解读", "中国现当代文论史研究", "修辞政治:“温柔敦厚”的三个义涵——文学审美与伦理政治的有效融合", "后马克思主义的审美意识形态论", "审美、人道与革命——浪漫主义是如何超越政治的", "王国维“文学审美论”的超越性与开放性", "五四文学革命的“两副面孔”——从“革命释义”角度的一次考察", "是“幻象”还是“真象”——以罗钢教授论“隔与不隔”为中心的商榷", "《边城》中的那束“自然之光”——基于“自然法”的文学正义阐释", "想象政治:一个可确立的批评视野", "诗人何以“立法”与“裁判”?——以西方浪漫主义四杰为对象的文学正义阐释", "中国现代“文学定义”之肇始——以周作人《论文章之意义暨其使命因及近时论文之失》为考察对象", "从尘埃里开出花来——张爱玲“市民叙事”的文学正义阐释", "从本事与现实升华的抽象抒情——戴望舒《雨巷》再评价", "《人间词话》“真”而“不隔”之义释", "从阿尔都塞到夏中义——《朱光潜美学十辨》的“症候阅读”法"], "学术ID": ["CN-BO75MQPJ"]}