{"机构": "昆明理工大学材料与冶金工程学院", "访问量": "800", "被引量": "398", "成果数": "105", "H_指数": "9", "G指数": "14", "期刊": "86.7%", "会议": "10.5%", "专著": "0%", "其他": "2.8%", "合作学者": {"陈君若": "昆明理工大学机电工程学院", "黎振华": "昆明理工大学材料科学与工程学院", "蔡仁良": "华东理工大学", "李自良": "昆明理工大学机电工程学院"}, "合作机构": {"昆明理工大学机电工程学院": "122", "昆明理工大学材料科学与工程学院": "30", "华东理工大学": "17", "昆明理工大学建筑工程学院": "2", "河北科技大学机械电子工程学院": "2", "昆明船舶设备集团有限公司": "2", "北京燕山石化公司": "1", "昆明理工大学材料保护研究所": "1", "天津中医药大学第一附属医院": "1", "昆明理工大学材料与冶金工程学院": "1"}, "文章title": ["玻璃纤维抄取密封垫片的制备及配方优化", "膨胀石墨对于无石棉垫片拉伸性能影响的研究", "Establishment of Creep Model of Non-asbestos Sealing Composite Material by Beater-addition Process and the Creep Performance Research", "Predicting aerodynamic resistance of brush seals using computational fluid dynamics and a 2-D tube banks model ☆", "基于二维叉排管束模型的刷式密封旋涡分离点分析", "纤维长度对无石棉密封垫片压缩回弹性能的影响", "基于CFD柱面气膜密封静态力学性能分析", "雾化气体淬火过程换热系数的计算及实验研究", "抄取无石棉密封垫片的打浆设计及性能研究", "无石棉密封垫片硫化工艺对及压缩回弹性能的影响", "基于实验的球磨机衬板磨矿动力学研究", "衬板结构对磨矿产品粒度的影响研究", "基于CFD的柱面气膜密封静态力学性能研究", "T 型槽柱面气膜密封 CFD 数值分析", "45钢雾化气体淬火后的金相分析", "雾化气体淬火压力边界条件计算及实验研究", "柱面气膜密封性能的CFD数值分析", "非石棉密封材料的抄造与性能研究", "内压和温度对螺栓法兰接头紧密性的影响"], "学术ID": ["CN-BU74WKXJ"]}