{"机构": "河北省医学科学院", "访问量": "2300", "被引量": "1635", "成果数": "108", "H_指数": "23", "G指数": "35", "期刊": "91.7%", "会议": "7.4%", "专著": "0%", "其他": "0.9%", "合作学者": {"曹春雨": "中国中医科学院中药研究所", "李春英": "中国中医科学院中药研究所", "梁爱华": "中国中医研究院中药研究所", "赵雍": "中国中医科学院中药研究所"}, "合作机构": {"中国中医科学院中药研究所": "378", "中国中医研究院中药研究所": "136", "四川省中医药研究院": "23", "河南省中医药研究院": "7", "中国中医科学院": "6", "天津中医学院": "5", "西安交通大学": "3", "汕头大学医学院分子生物学中心": "3", "上海市食品药品检验所": "3", "河北省医学科学院": "2"}, "文章title": ["In Vitro Study of the Nephrotoxicity of Tripterygium Tablet Extract and Triptolide in Monolayer HK-2 Cells Cultured in a Transwell Chamber", "何首乌肝毒性物质基础探索研究", "高效液相色谱法同时测定木豆叶中球松素、木豆素C的含量", "Application of Precision-Cut Rat Liver Slice to Study the Influence of Monocrotaline, Tussilago farfara Alkaloids on the Expression of Cytochrome P450 Enzymes", "[Exploration research on hepatotoxic constituents from Polygonum multiflorum root]", "A Study of Myocardial Ischemia Model Induced by Left Coronary Artery Ligation in Rats", "Study on Identification of Pathomycetes and Prevention and Control of Brown Blotches of Tussilago farfara Leaves款冬叶片褐斑病病原鉴定与防治研究", "Three New Pigment Protein Tyrosine Phosphatases Inhibitors from the Insect Parasite Fungus Cordyceps gracilioides: Terreusinone A, Pinophilin C and Cryptosporioptide A", "Three new phenolic glycosides from the whole plant of Aconitum tanguticum (Maxim.) Stapf", "Ninety-Day Subchronic Oral Toxicity Study of Senecio scandens Extract in Rats", "Antinociceptive activity of certain dihydroxy flavones", "Fructus phyllanthi tannin fraction induces apoptosis and inhibits migration andinvasion of human lung squamous carcinoma cells in vitro via MAPK/MMPpathways", "黔岭淫羊藿总黄酮对抗维甲酸致大鼠骨质疏松作用的研究", "黔岭淫羊藿总黄酮类成分对去势雌性大鼠骨质疏松症的实验研究", "[Effect of total flavones of Epimedium leptorrhizum on osteoporosis in ovariectomized rats]", "雄黄肝脏毒性的病理形态学特征", "黔岭淫羊藿总黄酮类成分对hFOB1.19人SV40转染成骨细胞活性的影响", "中药注射剂的类过敏实验动物模型和实验方法研究", "基于MDCK细胞单层的药物早期肾毒性检测初探"], "学术ID": ["CN-B0741FIJ"]}