{"机构": "华东交通大学土木建筑学院", "访问量": "6453", "被引量": "4320", "成果数": "405", "H_指数": "33", "G指数": "44", "期刊": "92.6%", "会议": "5.4%", "专著": "0%", "其他": "2%", "合作学者": {"钟祖良": "重庆大学土木工程学院", "王军保": "重庆大学土木工程学院", "傅晏": "重庆大学土木工程学院", "包太": "贵州大学土木建筑工程学院"}, "合作机构": {"重庆大学土木工程学院": "361", "重庆大学西南资源开发及环境灾害控制工程教育部重点实验室": "51", "贵州大学土木建筑工程学院": "24", "桂林工学院资源与环境工程系": "23", "重庆交通科研设计院": "22", "哈尔滨工业大学应用化学系": "22", "重庆工程职业技术学院": "17", "重庆大学": "16", "合肥工业大学资源与环境工程学院": "14", "华东交通大学土木建筑学院": "11"}, "文章title": ["An Experimental Study of Fracture Toughness of Multi-size Polypropylene Fiber Concrete", "Experimental investigation on the micro damage evolution of chemical corroded limestone subjected to cyclic loads", "高应变率下多尺寸聚丙烯纤维混凝土动态压缩力学性能研究", "强度准则与岩爆判据统一的研究", "两种岩石试件的“超声–回弹–密度”综合筛选法研究", "Numerical analysis of evaluation methods and influencing factors for dynamic stability of bedding rock slope", "Strength deterioration of a Shaly sandstone under dry–wet cycles: a case study from the Three Gorges Reservoir in China", "不同水压与初始卸荷水平下砂岩的力学特性及卸荷本构模型", "基于核磁共振技术的酸性环境下灰岩力学特性劣化试验", "Analysis on Stress and Stability of Lining in Partially-blocked Tunnel Drainage System", "A Study of Analytical Solution for the Special Dissolution Rate Model of Rock Salt", "The topographic effect of ground motion based on Spectral Element Method", "A Study on the Mechanical Behavior and Statistical Damage Constitutive Model of Sandstone", "浅埋软岩隧道式锚碇稳定性原位模型试验研究", "不同坡度偏压黄土隧道预留变形量的研究", "复杂立交隧道爆破开挖参数设计及动力响应分析", "泥岩隧道锚承载特性现场模型试验研究", "小井间距双井水溶造腔模型试验研究"], "学术ID": ["CN-BZ74QHBJ"]}