{"机构": "北京理工大学光电工程系", "访问量": "18426", "被引量": "12834", "成果数": "1075", "H_指数": "44", "G指数": "89", "期刊": "88.2%", "会议": "8.7%", "专著": "0.5%", "其他": "2.6%", "合作学者": {"丁国宪": "南京医科大学第一附属医院", "李延兵": "中山大学附属第一医院", "俞静": "南京医科大学第一附属医院", "骆丹": "南京医科大学第一附属医院"}, "合作机构": {"南京医科大学第一附属医院": "325", "中山大学附属第一医院": "140", "四川大学华西医院": "110", "华中科技大学同济医学院附属协和医院": "80", "广州军区广州总医院": "71", "第四军医大学唐都医院": "65", "中山大学附属第二医院": "53", "甘肃省人民医院": "45", "杭州师范大学附属医院": "38", "北京理工大学光电工程系": "38"}, "文章title": ["Cucurbit[8]uril-Regulated Colloidal Dispersions Exhibiting Photocontrolled Rheological Behavior.", "Biomimetic Supramolecular Fibers Exhibit Water-Induced Supercontraction.", "黄连素抑制直肠癌SW480细胞增殖的实验研究", "Transvaginal NOTES as a Rescue for Total Vaginal Hysterectomy", "Transvaginal natural orifice transluminal endoscopic surgery tubal reanastomosis: a novel route for tubal surgery", "Transvaginal Notes Myomectomy: a Novel Route for Uterine Fibroid Removal", "Transvaginal Natural Orifice Transluminal Endoscopic Surgery as a Rescue for Total Vaginal Hysterectomy", "[Corrigendum] RLIP76 decreases apoptosis through Akt/mTOR signaling pathway in gastric cancer", "Transvaginal Natural Orifice Transluminal Endoscopic Surgery Sacrocolpopexy: Tips and Tricks", "Laparoendoscopic Single-Site Oophorectomy For a Right Ovarian Borderline Serous Tumor of Stage IC2, A Literature Review", "Single-Incision Laparoscopic Surgery (SILS), Radical Hysterectomy For Early Stage Cervical Cancer, A Case Report And Review Of Literature", "Synchronous Choriocarcinoma And Epithelioid Trophoblastic Tumor (ETT) Concurring At Cesarean Scar: A Case Report And Review Of Literature", "Transvaginal Natural Orifice Transluminal Endoscopic Surgery Myomectomy: A Novel Route for Uterine Myoma Removal", "Opposing effects on cardiac function by calorie restriction in different‐aged mice", "Localized surface plasmon resonance-based abscisic acid biosensor using aptamer-functionalized gold nanoparticles.", "From Helix to Helical Pores: Solid-state Crystalline Conversions Triggered by Gas-Solid Reactions", "企业社会责任、融资约束与投资效率", "核心肌群强化训练对髋关节置换患者整体功能恢复的影响"], "学术ID": ["CN-BP74JGPJ"]}