{"机构": "国家蔬菜系统工程技术研究中心", "访问量": "4066", "被引量": "3582", "成果数": "327", "H_指数": "33", "G指数": "50", "期刊": "80.7%", "会议": "15.3%", "专著": "0.6%", "其他": "3.4%", "合作学者": {"杨丽梅": "中国农业科学院蔬菜花卉研究所", "庄木": "中国农业科学院蔬菜花卉研究所", "张扬勇": "中国农业科学院蔬菜花卉研究所", "孙培田": "中国农业科学院蔬菜花卉研究所"}, "合作机构": {"中国农业科学院蔬菜花卉研究所": "1336", "天津科润蔬菜研究所": "13", "郑州大学第一附属医院": "10", "中国农业科学院油料作物研究所": "10", "武汉大学生命科学学院": "9", "宝鸡石油钢管有限责任公司": "9", "北京市农林科学院蔬菜研究中心": "9", "国家蔬菜工程技术研究中心": "8", "第三军医大学新桥医院": "7", "国家蔬菜系统工程技术研究中心": "7"}, "文章title": ["Unexpected role of the human cytomegalovirus contribute to essential hypertension in the Kazakh Chinese population of Xinjiang", "Complementary transcriptome and proteome profiling in cabbage buds of a recessive male sterile mutant provides new insights into male reproductive development", "QTL-seq for rapid identification of candidate genes for flowering time in broccoli × cabbage.", "First Report of Myrothecium roridum Causing Leaf Spot on Brassica oleracea L. in China", "Comparison of Seed-setting and the Transmission Rate of Rfo During the Distant Hybridization of Chinese Kale × Brassica napus and Cabbage × B. napus", "转Cry1Ac青花菜回交后代鉴定方法研究", "芥蓝和结球甘蓝分别与甘蓝型油菜杂交的后代结实性及Rfo传递效率比较", "Heterotic Group Classification of 63 Inbred Lines and Hybrid Purity Identification by Using SSR Markers in Winter Cabbage ( Brassica oleracea L. var. capitata )", "Comparative Analysis of Genome Wide DNA Methylation Profiles for the Genic Male Sterile Cabbage Line 01-20S and Its Maintainer Line", "Fine Mapping and Transcriptome Analysis Reveal Candidate Genes Associated with Hybrid Lethality in Cabbage (Brassica Oleracea)", "Genetics and fine mapping of a purple leaf gene,BoPr, in ornamental kale (Brassica oleraceaL. var.acephala):", "Changes in the Intestinal Microbiota of Gibel Carp (Carassius gibelio) Associated with Cyprinid herpesvirus 2 (CyHV-2) Infection", "Recessive male sterility in cabbage (Brassica oleracea var. capitata) caused by loss of function of BoCYP704B1 due to the insertion of a LTR-retrotransposon", "Supplementary Figure 1&2", "Association between high cytomegalovirus antibody titers and blood pressure in the adult Kazakh and Han Chinese populations", "Cgl2 plays an essential role in cuticular wax biosynthesis in cabbage (Brassica oleracea L. var. capitata)", "青花菜根肿病苗期抗性鉴定技术的建立", "Rapid Introgression of the Fusarium Wilt Resistance Gene into an Elite Cabbage Line through the Combined Application of a Microspore Culture, Genome Background Analysis, and Disease Resistance-Spec..."]}