{"机构": "天津市国土资源和房屋管理局", "访问量": "1247", "被引量": "662", "成果数": "75", "H_指数": "12", "G指数": "24", "期刊": "80%", "会议": "17.3%", "专著": "0%", "其他": "2.7%", "合作学者": {"吴迪": "北京交通大学", "李长虹": "天津大学建筑学院", "高源": "东南大学建筑学院", "邹德侬": "天津大学建筑学院"}, "合作机构": {"天津大学建筑学院": "30", "北京交通大学": "7", "东南大学建筑学院": "5", "天津大学": "4", "保定市建筑设计院": "2", "山东科技大学土木建筑学院": "2", "西安建筑科技大学": "1", "南阳理工学院建筑系": "1", "华南理工大学建筑设计研究院": "1", "天津市国土资源和房屋管理局": "1"}, "文章title": ["中国被动房外围护系统研究——以寒冷、严寒气候区被动房项目为例", "基于物理环境模拟的绿色建筑设计——天津大学建筑学院本科四年级绿色建筑设计教学简述", "整合光环境分析的外窗节能设计研究——以寒冷地区点式高层办公楼为例", "Tailored domestic retrofit decision making towards integrated performance targets in Tianjin, China", "空间设计要素对建筑能耗的影响研究——以寒冷地区点式高层办公楼为例", "基于能耗模拟的建筑节能整合设计方法研究", "被动房的设计与创新——“2014被动房奖”获奖作品解析及启示", "寒冷气候区教学楼用能特点与节能潜力分析", "寒冷气候区火车站用能特点及节能潜力分析", "寒冷气候区办公建筑空间设计中的节能潜力分析", "基于模拟技术的贵州民居自然通风策略研究", "寒冷气候带中心商务区低碳节能城市设计策略初探", "既有办公建筑绿色化改造流程研究", "适合豫西南的保障房绿色建筑设计评价体系研究", "我国传统建筑业低碳转型升级的创新研究", "基于得分率统计的绿色建筑评价体系指标敏感性分析——以LEED-NC为例", "基于生命周期减碳目标的校园建筑设计与优化"], "学术ID": ["CN-BP73WZUJ"]}