{"机构": "北京大学基础医学院", "访问量": "4817", "被引量": "3398", "成果数": "297", "H_指数": "26", "G指数": "49", "期刊": "92.3%", "会议": "5.7%", "专著": "1%", "其他": "1%", "合作学者": {"何新荣": "解放军总医院", "古今": "解放军总医院", "李外": "中国人民解放军总医院", "杨洁": "解放军总医院"}, "合作机构": {"解放军总医院": "252", "军事医学科学院放射医学研究所": "41", "中国人民解放军总医院": "34", "军事医学科学院放射与辐射医学研究所": "31", "山东大学齐鲁医院": "28", "军事医学科学院毒物药物研究所": "23", "华中科技大学同济医学院附属同济医院": "23", "天津中医药大学": "17", "北京医科大学精神卫生研究所": "11", "北京大学基础医学院": "10"}, "文章title": ["6种红树林植物的ITS2条码鉴定", "A novel non-uniform control vector parameterization approach with time grid refinement for flight level tracking optimal control problems", "Control variable parameterization with penalty approach for hypersonic vehicle reentry optimization", "Optimize transfer learning for lung diseases in bronchoscopy using a new concept: sequential fine-tuning", "Production optimization for concentration and volume-limited fed-batch reactors in biochemical processes", "Sensitivity-based adaptive mesh refinement collocation method for dynamic optimization of chemical and biochemical processes", "糖尿病患者足部护理知识的调查研究及分析", "Three new cytotoxic oleanane triterpenoid saponins from Cylindrokelupha dalatensis", "Slack variable-based control variable parameterization method for constrained engineering optimization", "Novel non-uniform adaptive grid refinement control parameterization approach for biochemical processes optimization", "Empirical mode decomposition-based time grid refinement optimization approach for optimal control problems", "ITS2序列分析在白花蛇舌草鉴定中的应用研究", "从4340份精液检查结果分析探讨不育的主要因素", "健康教育对提高体检人群满意度的效果探讨", "男性生殖道感染患者脂多糖对成熟精子直接损伤作用与机制研究", "全程护理干预对减少无痛胃镜检查患者痛苦的效果研究", "男性生殖道感染中脂多糖与精液质量关系的研究", "葛根素对火药烟雾诱导支气管上皮细胞凋亡的防护作用", "A novel fast dynamic optimization approach for complex multivariable chemical process systems", "An improved smoothing technique‐based control vector parameterization method for optimal control problems with inequality path constraints"]}