{"机构": "中山大学附属第一医院", "访问量": "24961", "被引量": "39548", "成果数": "2038", "H_指数": "91", "G指数": "168", "期刊": "89%", "会议": "4.9%", "专著": "0.4%", "其他": "5.7%", "合作学者": {"刘磊": "四川大学华西口腔医学院", "盛慧英": "广州市妇女儿童医疗中心内分泌代谢科", "李秀珍": "广州市儿童医院", "程静": "广州市儿童医院"}, "合作机构": {"四川大学华西医院": "383", "解放军总医院": "284", "华中科技大学同济医学院附属协和医院": "201", "郑州大学第一附属医院": "159", "广州市儿童医院": "135", "第四军医大学西京医院": "118", "首都医科大学附属北京天坛医院": "118", "中国医学科学院北京协和医院": "114", "中国医科大学附属第一医院": "111", "中山大学附属第一医院": "107"}, "文章title": ["The CXCR4 antagonist AMD3100 promotes mesenchymal stem cell mobilization in rats preconditioned with the hypoxia-mimicking agent cobalt chloride", "Integrative omics analysis of p53 dependent regulation of metabolism.", "Hypoxia induces pulmonary fibroblast proliferation through NFAT signaling.", "Oxidative stress induced by titanium dioxide nanoparticles increases under seawater acidification in the thick shell mussel Mytilus coruscus.", "Human colorectal cancer-derived mesenchymal stem cells promote colorectal cancer progression through IL-6/JAK2/STAT3 signaling.", "The evolutionary history of vertebrate RNA viruses", "Recent Advances in the Genomic Profiling of Bacterial Epigenetic Modifications.", "A P7 Phage-Like Plasmid Carrying mcr-1 in an ST15 Klebsiella pneumoniae Clinical Isolate", "Metabonomic analysis of the therapeutic effect of exendin-4 for the treatment of tBHP-induced injury in mouse glomerulus mesangial cells.", "ERK1/2 and the Bcl-2 Family Proteins Mcl-1, tBid, and Bim Are Involved in Inhibition of Apoptosis During Persistent Chlamydia psittaci Infection.", "A Genomewide Integrative Analysis of GWAS and eQTLs Data Identifies Multiple Genes and Gene Sets Associated with Obesity", "Mitochondrial Inner Membrane Protein (Mitofilin) Knockdown Induces Cell Death by Apoptosis Via an AIF-PARP-Dependent Mechanism and Cell Cycle Arrest.", "Effect of microbially mediated iron mineral transformation on temporal variation of arsenic in the Pleistocene aquifers of the central Yangtze River basin", "Author Correction: The evolutionary history of vertebrate RNA viruses", "Author Correction: RPI-Bind: a structure-based method for accurate identification of RNA-protein binding sites.", "Chloroplast genome analyses and genomic resource development for epilithic sister genera Oresitrophe and Mukdenia (Saxifragaceae), using genome skimming data", "Toxic effect and mechanism of four ionic liquids on seedling taproots of Arabidopsis thaliana", "Two-pore channels mediated receptor-operated Ca2+ entry in pulmonary artery smooth muscle cells in response to hypoxia.", "Self-Recognition of an Inducible Host lncRNA by RIG-I Feedback Restricts Innate Immune Response"]}