{"机构": "清华大学", "访问量": "536", "被引量": "477", "成果数": "80", "H_指数": "12", "G指数": "17", "期刊": "76.3%", "会议": "22.5%", "专著": "1.2%", "其他": "0%", "合作学者": {"刘理天": "清华大学微电子学研究所", "任天令": "清华大学微电子学研究所", "李志坚": "清华大学微电子学研究所", "陈炜": "清华信息科学与技术国家实验室"}, "合作机构": {"清华大学微电子学研究所": "193", "清华信息科学与技术国家实验室": "44", "清华大学微电子所": "18", "华中理工大学固体电子学系": "12", "华中科技大学电子系": "5", "清华大学热能工程系": "2", "南京大学固体微结构物理国家重点实验室": "2", "遵义医学院附属医院": "1", "北京化工大学": "1", "清华大学": "1"}, "文章title": ["Characterization of barrier-tunable radio-frequency-SQUID for Maxwell's demon experiment", "True Random Number Generator Realized by Extracting Entropy from a Negative-Inductance Superconducting Quantum Interference Device", "Autler—Townes Splitting in a Δ-Type Quantum Three-Level System", "总线制8量子比特超导量子计算芯片设计与仿真", "可逆计算原理与实验进展", "具有Washer型输入线圈的超导量子干涉放大器的制备与表征", "基于Nb/Al材料结构的超导纳米线单光子探测器的光学表征", "超导微波源的仿真、设计与制备", "三维传输子量子比特的退相干参数表征", "用于TES测辐射热计的Al/Ti双层薄膜制备及其超导特性研究(英文)", "铌／铝SNSPD的光耦合结构和性能表征", "超导转变边沿单光子探测器原理与研究进展", "超导共面波导谐振腔耦合与串扰特性仿真", "超导量子比特的耦合研究进展", "SNSPD的物理模型与研究进展", "SNSPD的物理模型与研究进展", "Simplified two-fluid current–voltage relation for superconductor transition-edge sensors", "Device Modeling of Superconductor Transition-Edge Sensors Based on the Two-Fluid Theory", "基于超导量子比特的电磁感应透明研究进展", "用于超导量子比特直流特性测试的级联低通滤波器"], "学术ID": ["CN-B8748FHJ"]}