{"机构": "黑龙江中医药大学基础医学院", "访问量": "323", "被引量": "138", "成果数": "60", "H_指数": "5", "G指数": "11", "期刊": "96.7%", "会议": "3.3%", "专著": "0%", "其他": "0%", "合作学者": {"熊莉丽": "西南交通大学生命科学与工程学院", "王国春": "长春工业大学软件职业技术学院", "李素朵": "石家庄法商职业学院", "刘明": "黑龙江中医药大学基础医学院"}, "合作机构": {"石家庄法商职业学院": "2", "西南交通大学生命科学与工程学院": "1", "长春工业大学软件职业技术学院": "1", "黑龙江中医药大学基础医学院": "1"}, "文章title": ["跨国并购中的文化差异与整合", "语言陷阱的语用学阐释", "教育主旨“人性化”", "Java程序设计课程分层次教学模式的研究与实践", "浅谈小学语文阅读教学", "谈如何提高中职院校食品加工专业教学质量", "英语写后说口语教学法的效果与分析", "对中职护理专业语文课考核评价的思考", "中等生成绩提升途径探析", "在反思中成长", "问题教学的实施", "关于教育服务新农村建设工作的价值、存在问题及其优化方案的分析", "中医院校医学英语教学方法初探", "计算机可视化模拟技术与煤矿的仓储管理分析", "案例教学——谈高校《教育学》教学", "论有效性教学", "浅议小学英语教学中存在的问题与解决策略", "谈课堂教学管理", "浅谈初中语文课堂教学"], "学术ID": ["CN-BI73544J"]}