{"机构": "南海环境监测中心", "访问量": "10113", "被引量": "5387", "成果数": "264", "H_指数": "42", "G指数": "66", "期刊": "86.7%", "会议": "6.1%", "专著": "2.3%", "其他": "4.9%", "合作学者": {"黎夏": "中山大学地理科学与规划学院", "陈逸敏": "中山大学地理科学与规划学院", "徐少平": "南昌大学信息工程学院", "艾彬": "中山大学地理科学与规划学院"}, "合作机构": {"中山大学地理科学与规划学院": "333", "南昌大学信息工程学院": "80", "南昌大学机电工程学院": "13", "广东商学院资源与环境学院": "11", "广东财经大学地理与旅游学院": "11", "合肥工业大学计算机与信息学院": "8", "重庆医科大学附属儿童医院": "8", "东莞市地理信息与规划编制研究中心": "8", "武汉理工大学化学工程学院": "7", "南海环境监测中心": "6"}, "文章title": ["High-resolution multi-temporal mapping of global urban land using Landsat images based on the Google Earth Engine Platform", "Spatial and Temporal Dynamics of Urban Expansion along the GuangzhouâFoshan Inter-City Rail Transit Corridor, China", "Assessing the impacts of urban sprawl on net primary productivity using fusion of Landsat and MODIS data", "Delineating multi-scenario urban growth boundaries with a CA-based FLUS model and morphological method", "Detection and attribution of extreme precipitation changes from 1961 to 2012 in the Yangtze River Delta in China", "Urbanization effects on heat waves in Fujian Province, Southeast China", "基于PUL算法及高分辨率WorldView影像的城市不透水面提取", "Proximity Expansion Index: An improved approach to characterize evolution process of urban expansion", "Estimating spatiotemporal variations of city-level energy-related CO 2 emissions: An improved disaggregating model based on vegetation adjusted nighttime light data", "Monitoring the vegetation activity in China using vegetation health indices", "A steady-state approximation approach to simulate seasonal leaf dynamics of deciduous broadleaf forests via climate variables", "Non-uniform time-lag effects of terrestrial vegetation responses to asymmetric warming", "The maximum output force controller and its application to a virtual surgery system", "改进的自适应权值核范数最小化去噪算法", "A New Global Land-Use and Land-Cover Change Product at a 1-km Resolution for 2010 to 2100 Based on Human–Environment Interactions", "Delineating urban functional areas with building-level social media data: A dynamic time warping (DTW) distance based k-medoids method", "A future land use simulation model (FLUS) for simulating multiple land use scenarios by coupling human and natural effects", "地理模拟优化系统(GeoSOS)及其在地理国情分析中的应用", "基于地铁客流的广州地铁站点类型识别", "基于SD模型的中国2010―2050年土地利用变化情景模拟"], "学术ID": ["CN-BL731F7J"]}