{"机构": "包头市第四医院", "访问量": "70", "被引量": "30", "成果数": "15", "H_指数": "3", "G指数": "4", "期刊": "86.7%", "会议": "13.3%", "专著": "0%", "其他": "0%", "合作学者": {"鲍莉": "黑龙江省口腔病防治院", "李宪国": "黑龙江省口腔病防治院", "杨续艳": "黑龙江中医药大学", "赵玉莹": "黑龙江省口腔病防治院"}, "合作机构": {"黑龙江省口腔病防治院": "17", "黑龙江中医药大学": "5", "黑龙江省医院": "3", "包头市第四医院": "1"}, "文章title": ["半导体激光治疗龈下刮治后牙齿敏感症疗效观察", "半导体激光治疗中重度牙周炎临床观察", "白芍总苷结合他克莫司软膏治疗糜烂型口腔扁平苔藓的疗效评价", "香叶制剂对中重度慢性牙周炎血清MMP-8变化影响的研究", "3MZ350光固化复合树脂的临床应用", "丁香叶制剂对牙周炎患者外周血TNF-α的影响研究", "丁香叶制剂对中重度慢性牙周炎血清PEG2变化影响的研究", "半导体激光治疗口腔溃疡临床观察", "纤维桩在磨牙牙折修复中的应用(附205例病例)", "血链球菌在不同培养条件下体内抑菌物质差异研究", "烤瓷冠修复后出现的牙周组织损伤原因及预防", "牙周病的早期预防", "呀可宁脱敏凝胶治疗牙本质敏感症的临床观察", "铸造纯钛支架义齿的临床评价", "金喉健喷雾剂对复发性口疮疗效观察"]}