{"机构": "青岛市饲料兽药检测站", "访问量": "279", "被引量": "105", "成果数": "48", "H_指数": "6", "G指数": "9", "期刊": "43.7%", "会议": "56.3%", "专著": "0%", "其他": "0%", "合作学者": {"刘明": "山东华宇职业技术学院", "孙天臻": "山东建筑工程学院", "孙强": "山东警察学院法律部", "孙德洋": "山东商业职业技术学院"}, "合作机构": {"山东华宇职业技术学院": "4", "山东商业职业技术学院": "4", "山东建筑工程学院": "3", "山东警察学院法律部": "2", "国家农产品现代物流工程技术研究中心": "2", "济南市锅炉压力容器检验研究所": "2", "山东商业职业技术学院生物工程学院": "1", "山东体育学院": "1", "青岛市饲料兽药检测站": "1"}, "文章title": ["食品冷库节能及其应用技术", "食品冷库节能及其应用技术", "食品冰温概念和食品冰点降低剂", "氨制冷系统单级活塞式制冷压缩机运行与管理的技术探讨", "兔肉的营养价值及其冷冻保鲜加工技术", "速冻食品及肉类制品的速冻技术", "冻干鱼片生产技术的研制", "气调保鲜技术对鲜活食品和微生物活动的影响", "酸奶冷冻与冷藏生产技术的研制", "加强冷库安全管理杜绝冷库事故发生", "集中式空调系统调试过程中常见的故障及对策", "冷库事故的案例类型分析", "我国的肉类食品安全与HACCP", "加快发展食品冷藏链的建设", "冻干食品的特点与发展前景", "珍味烤鱼片冷藏工艺的研制", "食品冷冻粉碎的原理、特点和目的", "冷库事故的案例类型分析", "禽肉类的冷冻保鲜加工技术研究", "食品冷库节能技术的应用"], "学术ID": ["CN-BD75NUVJ"]}