{"机构": "山西大学光电研究所量子光学与光量子器件国家重点实验室", "访问量": "6925", "被引量": "6366", "成果数": "622", "H_指数": "36", "G指数": "61", "期刊": "82%", "会议": "8.2%", "专著": "1.1%", "其他": "8.7%", "合作学者": {"谢亚宁": "中国科学院高能物理研究所", "胡天斗": "中国科学院高能物理研究所", "张首刚": "中国科学院研究生院", "董瑞芳": "中国科学院大学"}, "合作机构": {"中国科学院高能物理研究所": "357", "中国科学技术大学化学物理系": "78", "中国科学院山西煤炭化学研究所煤转化国家重点实验室": "71", "北京科技大学材料物理系": "54", "中国科学院研究生院": "51", "华中科技大学同济医学院附属协和医院": "51", "中国科学技术大学国家同步辐射实验室": "50", "空军工程大学电讯工程学院": "46", "中国科学院大学": "41", "山西大学光电研究所量子光学与光量子器件国家重点实验室": "35"}, "文章title": ["The complete mitogenome of ‘Fujian’: an important Saccharina japonica cultivar of South China", "Production of caffeoylmalic acid from glucose in engineered Escherichia coli.", "Formulation of Determining the Gravity Potential Difference Using Ultra-High Precise Clocks via Optical Fiber Frequency Transfer Technique", "Theoretical insight into the mechanisms of palladium-catalyzed intramolecular insertion of alkenes into the carbon-nitrogen bond of β-lactam", "Preparation of amidoxime-functionalized β-cyclodextrin-graft-(maleic anhydride-co-acrylonitrule) copolymer and evaluation of the adsorption and regeneration properties of uranium", "A defective MOF architecture threaded by interlaced carbon nanotubes for high-cycling lithium–sulfur batteries", "Analysis of the relationship between vertical imparity distribution of conductive additive and electrochemical behaviors in lithium ion batteries", "Multiply depolarized composite cathode of Li 1.2 Mn 0.54 Ni 0.13 Co 0.13 O 2 embedded in a combinatory conductive network for lithium-ion battery with superior overall performances", "Carrier-envelope offset frequency stabilization of a 100 fs-scale Ti:sapphire mode-locked laser for quantum frequency comb generation", "Dynamics of vortices followed by the collapse of ring dark solitons in a two-component Bose-Einstein condensate", "Breeding of the new Saccharina variety “Sanhai” with high-yield", "Quantum improved measurement of time transfer", "Comparative study of microbial communities in reservoir and physical models*", "Enhanced lithium and electron diffusion of LiFePO 4 cathode with two-dimensional Ti 3 C 2 MXene nanosheets", "Complete mitochondrial genome of Saccharina cultivar ‘Hainong No.1’ ( Saccharina japonica × latissima )", "A theoretical study of different carbon coatings effect on the depolarization effect and electrochemical performance of LiFePO4 cathode", "The influence of deposited potential on the ORR activity of Pt catalysts on glassy carbon electrode", "Mechanistic Investigation into RhIII‐Catalyzed Intramolecular Redox‐Neutral Annulation of Aryl Hydrazines with a Tethered Alkyne", "Metabolic processes of flavonoids in Qi-gui-yingranule(QGY) based on HPLC-ESI-LTQ-orbitrap", "H ighly E fficient C arrier - envelope - offset D etection of a 137fs Ti:sapphire Mode-locked Laser"]}