{"机构": "天津市市政工程设计研究院", "访问量": "2385", "被引量": "1342", "成果数": "195", "H_指数": "19", "G指数": "27", "期刊": "84.1%", "会议": "11.3%", "专著": "0.5%", "其他": "4.1%", "合作学者": {"闫澍旺": "天津大学建筑工程学院", "练继建": "天津大学建筑工程学院", "徐余": "天津市建筑设计院", "王武刚": "中国建筑科学研究院地基基础研究所"}, "合作机构": {"天津大学建筑工程学院": "165", "中海石油工程设计公司": "13", "天津大学": "13", "海洋石油工程股份有限公司": "13", "天津市建筑设计院": "12", "天津大学建工学院": "9", "中国建筑科学研究院地基基础研究所": "9", "天津港湾工程研究所": "8", "贵州省交通规划勘察设计研究院": "7", "天津市市政工程设计研究院": "7"}, "文章title": ["Slope stability of landfills considering leachate recirculation using vertical wells", "Consolidated Drained Creep Model of Soft Clay in Tianjin Coastal Areas", "Influence of site dynamic characteristics on dynamic soil-structure interaction: Comparison between 3D model and 2D models", "大直径钢管桩竖向承载力计算方法研究", "Effect of seepage on the penetration resistance of bucket foundations with bulkheads for offshore wind turbines in sand", "Lateral Global Buckling of Submarine Pipelines Based on the Model of Nonlinear Pipe–Soil Interaction", "多因素诱发海底管道轴向定向位移量计算方法", "Experimental study of the accumulative deformation effect on wide-shallow composite bucket foundation for offshore wind turbines", "Upper-Bound Analysis of Maximal Lateral Resistance for Pipelines without Embedment in Sand", "大直径钢管桩土塞效应的拟静力判断方法", "海洋采油平台打桩工程中土塞效应研究", "饱和软黏土中不同形状深水防沉板基础承载特性研究", "无黏性土中筒型基础静压下沉模型试验研究", "复合加载模式下单桩复合筒型基础地基承载力包络线研究", "Finite-Element Study of Methods for Triggering Pipeline Global Buckling Based on the Concept of the Perfect VAS Length", "The effect of a berm on the lateral resistance of a shallow pipeline buried in sand", "新型防沉板基础的地基承载力研究", "软土地区深基坑工程换撑代替方案研究", "双拱缺陷管线整体屈曲的解析解研究"]}