{"机构": "四川大学华西医院", "访问量": "1147", "被引量": "580", "成果数": "105", "H_指数": "12", "G指数": "20", "期刊": "84.8%", "会议": "13.3%", "专著": "1.9%", "其他": "0%", "合作学者": {"李建华": "上海交通大学电子工程系", "孟魁": "长江大学管理学院", "李生红": "上海交通大学电子工程系", "苏波": "上海交通大学信息安全工程学院"}, "合作机构": {"上海交通大学信息安全工程学院": "38", "上海交通大学电子工程系": "33", "长江大学管理学院": "17", "上海交通大学": "7", "上海交通大学内容安全实验室": "4", "河南省商丘市第一人民医院": "4", "四川大学计算机学院": "3", "北京交通大学电子信息工程学院": "2", "山东省千佛山医院": "1", "四川大学华西医院": "1"}, "文章title": [], "学术ID": ["CN-BK75ADPJ"]}