{"机构": "交通部水运科学研究所", "访问量": "515", "被引量": "266", "成果数": "42", "H_指数": "10", "G指数": "14", "期刊": "97.6%", "会议": "2.4%", "专著": "0%", "其他": "0%", "合作学者": {"姚立柱": "交通部水运科学研究院", "杨瑞": "交通部水运科学研究院", "饶京川": "交通部水运科学研究院", "谢文宁": "交通部水运科学研究院"}, "合作机构": {"交通部水运科学研究院": "52", "交通运输部水运科学研究院": "12", "清华大学工程力学系": "2", "清华大学化学工程系": "1", "重庆港务(集团)有限责任公司": "1", "清华大学": "1", "交通部水运科学研究所": "1"}, "文章title": ["绿色港口建设中的港口装备技术发展", "海上溢油微型跟踪浮标研究与应用", "港口机械负荷敏感液压系统的节能特性研究", "基于无线数传电台的RTG通讯控制系统设计", "全液压式港口机械的液压系统节能技术", "径向柱塞泵配流方式的研究进展", "锥形配流副弹流润滑模型与数值计算方法", "轮胎式门式起重机节能环保电力转换技术分析", "轨道式集装箱门式起重机的虚拟样机仿真", "基于Recurdyn的RMG起升工况的动力学研究", "空箱堆场起重装卸设备选型探讨", "基于北斗卫星定位通信的海上溢油跟踪浮标研究", "基于北斗卫星系统的海上溢油跟踪浮标的开发研制", "超级电容能量回收在位势负载系统中的应用研究", "RTG节能系统的研究与设计", "轮胎式集装箱门式起重机节能技术探讨", "基于公共直流母线的轻型电动轮胎式集装箱门式起重机控制系统设计", "轻型电动轮胎式集装箱门式起重机", "基于差分GPS的水采船导航控制系统设计"], "学术ID": ["CN-BV75JTWJ"]}