{"机构": "中国医科大学附属第一医院", "访问量": "23747", "被引量": "21567", "成果数": "699", "H_指数": "81", "G指数": "128", "期刊": "85.4%", "会议": "11.3%", "专著": "0.4%", "其他": "2.9%", "合作学者": {"张锦": "北京大学化学与分子工程学院", "彭海琳": "北京大学化学与分子工程学院", "张艳锋": "中国科学院物理研究所", "朱涛": "北京大学化学与分子工程学院"}, "合作机构": {"北京大学化学与分子工程学院": "678", "北京大学化学与分子工程学院智能材料研究中心": "140", "中国科学院物理研究所": "78", "兰州大学化学化工学院功能有机分子国家重点实验室": "39", "兰州大学化学化工学院": "34", "北京大学药学院": "23", "北京大学生命科学学院": "22", "河南省人民医院": "19", "北京大学物理系": "19", "中国医科大学附属第一医院": "18"}, "文章title": []}