{"机构": "解放军第302医院", "访问量": "853", "被引量": "535", "成果数": "43", "H_指数": "14", "G指数": "21", "期刊": "97.7%", "会议": "2.3%", "专著": "0%", "其他": "0%", "合作学者": {"胡良平": "军事医学科学院生物医学统计学咨询中心", "李子建": "济南军区联勤部疾病预防控制中心", "郭秀花": "首都医科大学公共卫生与家庭医学学院", "洪卫国": "解放军第三○二医院"}, "合作机构": {"军事医学科学院生物医学统计学咨询中心": "41", "解放军第三○二医院": "4", "济南军区联勤部疾病预防控制中心": "3", "首都医科大学公共卫生与家庭医学学院": "2", "解放军302医院": "2", "军事医学科学院卫生勤务与医学情报研究所": "1", "北京市石景山区中医医院": "1", "解放军第302医院": "1"}, "文章title": ["如何洞察临床科研设计中的陷阱", "如何表达与描述定量资料(四)", "如何正确进行生物医学科研设计Ⅰ.科研设计的指导思想与内容", "如何快速准确发现稿件或论文中的统计学错误", "医学论文中统计表达和描述方面的错误辨析与释疑", "统计学思想与三型理论在生物医学科研中的应用", "医学论文中实验设计方面的错误辨析与释疑", "用数据挖掘技术实现多因素实验设计", "多元统计分析与结果解释错误辨析(4)", "相关与回归分析错误辨析（3）", "独立设计的概念及其构造", "医学科研中合理运用统计学的方略——定性资料统计分析方法合理选用(1)", "同水平析因设计矩阵的分解结果及其特点", "定量与定性资料统计分析错误辨析(2)", "医学论文中统计分析错误辨析与释疑（24）——统计资料的表达与描述之三", "统计描述与实验设计错误辨析（1）", "统计学的三型理论及其在生物医学科研中的应用", "医学论文中统计分析错误辨析与释疑(21)--直线相关与回归", "均匀设计实验资料最优回归子集的构建"], "学术ID": ["CN-BH7334EJ"]}