{"机构": "广州军区广州总医院", "访问量": "1611", "被引量": "1038", "成果数": "161", "H_指数": "16", "G指数": "24", "期刊": "85.7%", "会议": "12.4%", "专著": "0.6%", "其他": "1.3%", "合作学者": {"刘伊丽": "第一军医大学南方医院", "宾建平": "南方医科大学南方医院", "查道刚": "第一军医大学南方医院", "陈小林": "江门市人民医院"}, "合作机构": {"第一军医大学南方医院": "268", "南方医科大学南方医院": "213", "解放军总医院": "46", "江门市人民医院": "21", "第四军医大学西京医院": "20", "第一军医大学珠江医院": "18", "苏州医学院附属第二医院": "13", "广州市第一人民医院": "13", "广州市番禺区中心医院": "12", "广州军区广州总医院": "9"}, "文章title": ["Assessment of Thrombotic Risk in Atrial Fibrillation with Ultrasound Molecular Imaging of P-Selectin", "Intensity of Left Atrial Spontaneous Echo Contrast as a Correlate for Stroke Risk Stratification in Patients with Nonvalvular Atrial Fibrillation", "Supplementary Material", "Quantification of the differential expression levels of microRNA-203 in different degrees of diabetic foot", "Identification and characterization of ectoine biosynthesis genes and heterologous expression of the ectABC gene cluster from Halomonas sp. QHL1, a moderately halophilic bacterium isolated from Qin...", "Fabrication and electrical properties of polycrystalline Si films on glass substrates", "16-Slice Spiral Computer Tomography and Digital Radiography: Diagnosis of Ankle and Foot Fractures", "Systematic review focusing on the excretion and protection roles of sweat in the skin.", "16-Slice Spiral Computer Tomography and Digital Radiography: Diagnosis of Ankle and Foot Fractures", "基于超声心动图的钙化性主动脉瓣疾病患病情况的回顾性研究", "A Rapid Restoration Method for Infrared Aero-Optical Degraded Image of High-Speed Reconnaissance Aircraft", "A method of constructing motion-blurred image based on weighted accumulation of subimages", "Bis(3)-cognitin inhibits MAO-B and attenuates MPTP toxicity in mice", "with Isolated Systolic Hypertension in Chinese Han Population", "原发性高血压患者血清脂联素水平与IL-6的相关性", "环RGD多肽靶向微泡用于动脉血栓成像", "DDDAMS-based Crowd Control via UAVs and UGVs ☆", "Population diversity and phylogeny of halophiles in the Qinghai Lake and characterization and phylogenetic analysis of ectoine biosynthesis genes from Halomonas sp.QHL1", "携抗αvβ3-整合素单抗靶向微泡对肿瘤新生血管靶向效应的研究", "急性心肌梗死并发心脏破裂的临床特征及再灌注治疗对其的影响"]}