{"机构": "清华大学材料科学与工程系", "访问量": "8866", "被引量": "6861", "成果数": "980", "H_指数": "32", "G指数": "51", "期刊": "64.7%", "会议": "30.3%", "专著": "1.3%", "其他": "3.7%", "合作学者": {"任天令": "清华大学微电子学研究所", "李志坚": "清华大学微电子学研究所", "岳瑞峰": "清华大学微电子学研究所", "谢丹": "清华大学微电子所"}, "合作机构": {"清华大学微电子学研究所": "2114", "清华大学微电子所": "212", "清华大学化学系": "32", "深圳华夏磁电子公司": "29", "北京化工大学": "27", "华中科技大学": "27", "Tsinghua": "17", "清华大学微电子研究所": "15", "清华大学生物科学与技术系": "15", "清华大学材料科学与工程系": "13"}, "文章title": ["A novel proton exchange membrane based on sulfo functionalized porous silicon for monolithic integrated micro direct methanol fuel cells", "A Flexible Foldable Tubular μDMFC for Powering Wearable Devices", "热驱动微型泵的实验研究", "硅玻璃阳极键合绝压压阻式压力传感器中的残余应力", "La0.67 Sr0.33 MnO3外延薄膜的电脉冲诱发可逆变阻效应", "A flexible, foldable, tubular μDMFC for powering wrist bands", "A fully capillary-driven μDMFC twin-stack operating in all orientations", "A passive vapor-feed direct methanol fuel cell based on a composite pervaporation membrane", "Void-formation in uncured and partially-cured BCB bonding adhesive on patterned surfaces", "Void-free BCB adhesive wafer bonding with high alignment accuracy", "A Passive Vapor-Feed Direct Methanol Fuel Cell Based on a Composite Pervaporation Membrane", "Fast RSA decryption through high-radix scalable Montgomery modular multipliers", "Modeling, Fabrication and Characterization of a Silicon-based μDMFC", "Scaling-down characteristics of nanoscale diamond-like carbon based resistive switching memories", "Synthesis and thermal conductivity measurement of high-integrity ultrathin oxygen-implanted buried oxide layers", "Pulse widths dependence of programming and erasing behaviors for diamond like carbon based resistive switching memories", "Capillary-based water removal cathode for an air-breathing micro direct methanol fuel cell", "Capillary-based water removal cathode for an air-breathing micro direct methanol fuel cell", "A long-term stable power supply µ DMFC stack for wireless sensor node applications", "一种新的余数系统下快速计算素域椭圆曲线点乘的方法"], "学术ID": ["CN-B9749DGJ"]}