{"机构": "中国中医研究院西苑医院", "访问量": "11186", "被引量": "8539", "成果数": "627", "H_指数": "47", "G指数": "72", "期刊": "77.5%", "会议": "18%", "专著": "2.1%", "其他": "2.4%", "合作学者": {"周雪忠": "北京交通大学计算机与信息技术学院", "张润顺": "中国中医科学院广安门医院", "刘志顺": "中国中医科学院广安门医院", "王映辉": "中国中医科学院广安门医院"}, "合作机构": {"中国中医科学院广安门医院": "632", "中国中医科学院中医临床基础医学研究所": "177", "北京交通大学计算机与信息技术学院": "160", "中国中医科学院": "150", "中国中医科学院中医药信息研究所": "94", "中国中医研究院广安门医院": "57", "中日友好医院": "52", "北京中医药大学": "41", "中国中医科学院针灸研究所": "36", "中国中医研究院西苑医院": "29"}, "文章title": ["Analysis of the Registration Information on Interventions of Acupuncture and Moxibustion Trials in the International Clinical Trials Registry Platform", "Pattern classification of enterovirus 71-associated hand, foot, and mouth disease in chinese medicine: A retrospective study in 433 cases.", "International patient registry on acupuncture therapy for premature ovarian insufficiency: challenges and opportunities ☆", "Defining Acupuncture-Moxibustion:A Delphi Study Protocol", "Analysis on the concepts related to adverse events and adverse reactions of acupuncture", "Analysis of Disease Comorbidity Patterns in a Large-Scale China Population", "Framing Electronic Medical Records as Polylingual Documents in Query Expansion", "Integrated Differential Regulatory Analysis Reveals a Novel Prognostic 36-gene Signature for Gastric Cancer in Asian Population.", "对美国FDA最新版《工业界植物药研发指南》的评述", "基于真实世界国际针灸病例注册登记研究的关键技术", "Design and implementation of the platform for collection and analysis of the Inpatient Medical Record Home Page of Traditional Chinese Medicine", "辨证论治失眠疗效评价医生队列研究", "Factors related to acupuncture response in patients with chronic severe functional constipation: Secondary analysis of a randomized controlled trial", "知识图谱研究概况及其在中医药领域的应用", "Application of Grading of Recommendations Assessment, Development, and Evaluation (GRADE) to the guideline development for clinical practice with acupuncture and moxibustion", "A conditional probabilistic model for joint analysis of symptoms, diseases, and herbs in traditional Chinese medicine patient records", "中医临床疗效评价研究主题的可视化分析", "基于单维项目反应模型的量表评价研究", "针刺治疗功能性便秘研究中校正填补值的模式混合模型方法"], "学术ID": ["CN-BT75PI5J"]}