{"机构": "湘潭大学化学学院", "访问量": "309", "被引量": "175", "成果数": "9", "H_指数": "7", "G指数": "0", "期刊": "88.9%", "会议": "0%", "专著": "0%", "其他": "11.1%", "合作学者": {"杨奇斌": "湘潭大学现代物理研究所", "徐昌富": "湘潭大学材料与光电物理学院", "张勇": "湘潭大学", "任国仲": "湘潭大学低维材料及其应用技术教育部重点实验室"}, "合作机构": {"湘潭大学现代物理研究所": "8", "湘潭大学材料与光电物理学院": "6", "湘潭大学": "4", "湘潭大学低维材料及其应用技术教育部重点实验室": "4", "湘潭大学现代物理研究所低维材料及其应用技术教育部重点实验室": "3", "北京交通大学土木建筑工程学院": "2", "湘潭大学化学学院": "1"}, "文章title": ["Pure red upconversion emission from Yb 3 Al 5 O 12 phase doped with high Er 3+ concentration", "稀土掺杂材料的红光或白光上转换及其与微结构的关系", "White upconversion of rare-earth doped ZnO nanocrystals and its dependence on size of crystal particles and content of Yb3+ and Tm3+", "Relationship between microstructure and the achieving of the single-band red upconversion fluorescence of Er3+/Yb3+ codoped crystallites", "Upconversion white-light emitting of Tm 3+ and Er 3+ codoped oxyfluoride and its achieving mechanism", "Er3+掺杂的锗铋酸玻璃光谱性质的研究", "Single-narrow-band red upconversion fluorescence of ZnO nanocrystals codoped with Er and Yb and its achieving mechanism", "Spectroscopic properties of Er3+-doped and Er3+/Yb3+-codoped PbF2-MOX (M = Te, Ge, B) oxyfluoride glasses", "Er3+/Yb3+共掺杂ZnO粉末的上转换发光特性"], "学术ID": ["CN-BO7409FJ"]}