{"机构": "北华航天工业学院外语系", "访问量": "1727", "被引量": "1625", "成果数": "127", "H_指数": "21", "G指数": "36", "期刊": "90.6%", "会议": "7.1%", "专著": "0%", "其他": "2.3%", "合作学者": {"史玲玲": "北京林业大学生物科学与技术学院", "赵世伟": "北京市植物园", "张佐双": "北京市植物园", "马超": "北京林业大学生物科学与技术学院"}, "合作机构": {"北京林业大学生物科学与技术学院": "98", "北京市植物园": "38", "河北省农林科学院药用植物研究中心": "26", "北京林业大学生物科学与技术学院林木育种国家工程实验室": "15", "中国科学院植物研究所": "13", "河北省农林科学院经济作物研究所": "11", "徐州市中心医院": "7", "西藏民族学院医学系": "6", "中国农业大学草地研究所": "6", "北华航天工业学院外语系": "6"}, "文章title": ["Intraconversion of Polar Ginsenosides, Their Transformation into Less-Polar Ginsenosides, and Ginsenoside Acetylation in Ginseng Flowers upon Baking and Steaming.", "Hypoglycemic Effects in Alloxan-Induced Diabetic Rats of the Phenolic Extract from Mongolian Oak Cups Enriched in Ellagic Acid, Kaempferol and Their Derivatives.", "Simultaneous Preparation of Salidroside and p-Tyrosol from Rhodiola crenulata by DIAION HP-20 Macroporous Resin Chromatography Combined with Silica Gel Chromatography", "Inhibitory effects against α-glucosidase and α-amylase of the flavonoids-rich extract from Scutellaria baicalensis shoots and interpretation of structure–activity relationship of its eight flavonoi...", "Seasonal dynamics of constitutive levels of phenolic components lead to alterations of antioxidant capacities in Acer truncatum leaves", "Assessment of the bioactive phenolic composition of Acer truncatum seed coat as a byproduct of seed oil", "Flaxseed oil ameliorates alcoholic liver disease via anti-inflammation and modulating gut microbiota in mice.", "Urolithin C, a gut metabolite of ellagic acid, induces apoptosis in PC12 cells through a mitochondria-mediated pathway", "Response Surface Methodology Optimization of Ultrasonic-Assisted Extraction of Acer Truncatum Leaves for Maximal Phenolic Yield and Antioxidant Activity", "Comparative evaluations on phenolic antioxidants of nine adulterants and anti-inflammation of four alternatives with their original herb Erycibe schmidtii", "Identification and inhibitory activities of ellagic acid- and kaempferol-derivatives from Mongolian oak cups against α-glucosidase, α-amylase and protein glycation linked to type II diabetes and it...", "Structure-activity relationship of eight high content flavonoids analyzed with a preliminary assign-score method and their contribution to antioxidant ability of flavonoids-rich extract from Scutel...", "“植物生理学”研究式教学的研究与实践", "城市居住小区常见树种的滞留颗粒物能力及绿地生态服务能力优化", "板栗壳乙酸乙酯提取物活性研究及其化合物结构分析", "Phenolic profiles and antioxidant activities of six Chinese pomegranate (Punica granatum L.) cultivars", "6种植物叶片的滞尘能力与其叶面结构的关系", "Optimization of Ultrasonic-Assisted Extraction by Response Surface Methodology with Maximal Phenolic Yield and Antioxidant Activity from Acer truncatum Leaves", "Bioactive components and antioxidant activities of oak cup crude extract and its four partially purified fractions by HPD-100 macroporous resin chromatography", "Changes in oxidative patterns during dormancy break by warm and cold stratification in seeds of an edible fruit tree:"]}