{"机构": "空军总医院", "访问量": "166", "被引量": "109", "成果数": "32", "H_指数": "5", "G指数": "9", "期刊": "93.8%", "会议": "0%", "专著": "0%", "其他": "6.2%", "合作学者": {"吴平生": "南方医科大学南方医院", "王月刚": "南方医科大学南方医院", "裴静娴": "南方医科大学南方医院", "赖艳娴": "广州市第一人民医院"}, "合作机构": {"南方医科大学南方医院": "82", "广州市第一人民医院": "10", "广州医学院第一附属医院": "6", "广州市南沙中心医院": "6", "新乡医学院第二附属医院": "6", "广州军区广州总医院": "5", "广西医科大学第一附属医院": "3", "广东省顺德市均安医院": "3", "南方医科大学珠江医院": "3", "空军总医院": "2"}, "文章title": ["急性心梗时，β-受体阻滞剂如何老药新用", "p53RFP基因启动子荧光素酶报告基因载体的构建及鉴定", "柔毛水杨梅对人微血管内皮细胞增殖、迁移、成管能力的影响", "运动康复在社区老年心血管病中的应用", "维族原发性高血压人群ACE多态性及水平相关性分析", "原发性高血压患者血管紧张素转化酶基因多态性与血清蛋白水平的关系", "新疆维吾尔族、汉族原发性高血压患者ACE多态性分析", "低氧诱导因子-1α基因Asn803位点在人骨髓间充质干细胞分化成心肌细胞中的作用", "姜黄素对人微血管内皮细胞增殖、迁移、成管以及凋亡的影响", "腺病毒介导的HIF-1α基因对人骨髓间充质干细胞分化成心肌细胞的影响", "野生型低氧诱导因子1α对人微血管内皮细胞增殖、迁移及成管的影响", "HIF-1α基因转录活性位点在人骨髓间充质干细胞分化成心肌细胞中的作用", "不同HIF-1α基因诱导人骨髓间充质干细胞向心肌细胞分化的效能差异", "[Effects of a triple mutant hypoxia-inducible factor-1α on proliferation and vascular endothelial growth factor expression in human microvascular endothelial cells].", "血管紧张素转换酶抑制剂和血管紧张素Ⅱ受体拮抗剂对高血压患者血管僵硬度作用差异的Meta分析", "三突变型低氧诱导因子-1α对人微血管内皮细胞增殖及VEGF蛋白表达的影响", "[Characterization of the biological activities of lyophilized recombinant adenovirus expressing the triple mutant of hypoxia inducible factor-1α]", "Mutant hypoxia inducible factor-1α improves angiogenesis and tissue perfusion in ischemic rabbit skeletal muscle.", "Ultrasound molecular imaging of angiogenesis induced by mutant forms of hypoxia-inducible factor-1α."]}