{"机构": "中国科学院长春光学精密机械与物理研究所激发态物理重点实验室", "访问量": "1164", "被引量": "682", "成果数": "148", "H_指数": "13", "G指数": "19", "期刊": "80.4%", "会议": "15.5%", "专著": "0%", "其他": "4.1%", "合作学者": {"王习东": "北京大学工学院", "刘丽丽": "北京科技大学物理化学系", "张作泰": "北京科技大学理化系", "张国梁": "安徽中医学院第一附属医院"}, "合作机构": {"安徽中医学院第一附属医院": "58", "天津市中药化学与分析重点实验室": "35", "中国科学院长春光学精密机械与物理研究所应用光学国家重点实验室": "22", "北京科技大学物理化学系": "19", "北京大学工学院": "19", "华北水利水电学院环境与市政工程学院": "16", "北京科技大学理化系": "16", "中国科学院研究生院": "12", "黑龙江中医药大学附属第一医院": "11", "中国科学院长春光学精密机械与物理研究所激发态物理重点实验室": "11"}, "文章title": ["论小儿“少阳体质”", "论企业社会责任的法律规制", "企业社会责任的社会法规制研究", "慢性乙型肝炎患者中医证型与ALT、HBV DNA及肝组织病理的关系", "肝病顽固性呃逆中医临床治疗研究", "基于数据挖掘分析徐经世教授诊治肝郁脾虚型胃脘痛用药规律", "国槐化学成分与药理作用的研究进展", "先天性血色病1例", "慢性乙型肝炎与IFNγ、IL-4的关系", "基于RFID室内三维定位技术的研究", "Fuel nitrogen conversion and release of nitrogen oxides during coal gangue calcination", "Promoting effect of Nd on the reduction of NO with NH3 over CeO2 supported by activated semi-coke: an in situ DRIFTS study", "汉语“鼻”的语义衍生路径分析", "中医药治疗艾滋病并发末梢神经炎研究进展", "84例不同中医证型慢性乙型肝炎患者肝穿刺活检回顾性研究", "通督开喑针刺治疗脑卒中构音障碍的临床研究", "固元醒脑汤联合奥拉西坦治疗轻度认知功能障碍效果分析", "消化复宁汤对肝郁脾虚型慢性萎缩性胃炎大鼠ERK1/2和p-ERK1/2的影响", "Association between VEGF polymorphisms (936c/t, -460t/c and -634g/c) with haplotypes and coronary heart disease susceptibility"], "学术ID": ["CN-B375GM0J"]}