{"机构": "吉林大学中日联谊医院", "访问量": "297", "被引量": "356", "成果数": "38", "H_指数": "8", "G指数": "18", "期刊": "97.4%", "会议": "2.6%", "专著": "0%", "其他": "0%", "合作学者": {"吕慧丹": "桂林理工大学化学与生物工程学院", "刘长久": "桂林工学院材料与化学工程系", "刘峥": "桂林理工大学化学与生物工程学院", "姜吉琼": "桂林理工大学化学与生物工程学院"}, "合作机构": {"桂林理工大学化学与生物工程学院": "28", "桂林工学院材料与化学工程系": "13", "桂林工学院材料工程系": "6", "桂林理工大学": "3", "承德医学院": "3", "国防科技大学计算机学院": "2", "桂林工学院有色金属材料及加工新技术教育部重点实验室": "2", "中国科学院大学": "1", "南方医科大学生物技术学院": "1", "吉林大学中日联谊医院": "1"}, "文章title": ["In-situ ion-exchange synthesis Ag2S modified SnS2 nanosheets toward highly photocurrent response and photocatalytic activity", "Synthesis of hexagonal ultrathin tungsten oxide nanowires with diameters below 5nm for enhanced photocatalytic performance", "In situ ion-exchange synthesis of SnS2/g-C3N4 nanosheets heterojunction for enhancing photocatalytic activity", "ion-exchange synthesis of SnS / -C N nanosheets heterojunction for enhancing photocatalytic activity", "“互联网+”模式下理工科院校基础化学课程教学方法的探索", "“互联网＋”背景下大学生探究学习能力培养——以化工类专业为例", "化工类专业教学质量监控体系构建研究——以桂林理工大学为例", "基于高素质化工人才培养的有机化学教学改革", "化学工程与工艺虚拟仿真实验教学中心开放管理平台建设探索——化工类专业实践教学改革系列研究之三", "太阳能电池有机电子传输材料研究新进展", "《有机化学》课程考核改革方法的研究", "在《物理化学》教学中培养学生的逻辑思维", "In-situ anion-exchange synthesis AgCl/AgVO3 hybrid nanoribbons with highly photocatalytic activity", "Enhanced photocatalytic performance of Ag-decorated BiFeO 3 in visible light region", "物理化学教学内容与教学方法的改革实践", "化学基础课程教学资源整合与应用", "Facile synthesis of visible-light-driven Ag3PO4 nanocrystals base on IP6 micelles", "H_2O_2-Cu~(2+)化学氧化法合成聚苯胺纳米纤维", "布卢姆认知分类法对有机化学教学的启示"], "学术ID": ["CN-BS75M5HJ"]}