{"机构": "北京大学地球物理系湍流研究国家重点实验室", "访问量": "9922", "被引量": "7105", "成果数": "275", "H_指数": "34", "G指数": "78", "期刊": "92%", "会议": "2.5%", "专著": "0.4%", "其他": "5.1%", "合作学者": {"付遵涛": "北京大学物理学院", "刘式适": "北京大学地球物理系", "赵强": "北京大学物理学院", "辛国君": "北京大学地球物理系"}, "合作机构": {"北京大学物理学院": "193", "北京大学地球物理系": "133", "北京气象学院": "16", "国家气象中心": "11", "国家海洋环境预报中心": "7", "民航中南空管局": "7", "北京市气象局": "7", "北京大学力学与工程科学系湍流研究国家重点实验室": "6", "北京大学地球物理学系": "5", "北京大学地球物理系湍流研究国家重点实验室": "5"}, "文章title": ["加强基础,联系实际,追求创新,中国学派——纪念谢义炳院士诞辰100周年", "Basic and Fluctuating Periodic Instantons in Quantum Tunneling", "Basic and Fluctuating Periodic Instantons in Quantum TunnelingSupportted by the National Natural Science Foundation of China under Grant No. 40975027", "大气三圈环流的动力系统模型", "Extracting climate memory using Fractional Integrated Statistical Model: A new perspective on climate prediction", "从气旋和反气旋谈正、负阻尼", "Elliptic Equation and Its Direct Applications to Nonlinear Wave EquationsThe project supported by National Natural Science Foundation of China under Grant Nos. 40045016 and 40175016", "Three-dimensional spiral structure of tropical cyclone under four-force balance", "From Arctic high, Antarctic low to three-dimensional heteroclinic orbit connecting south pole and north pole", "The Homoclinic Orbit Solution for Functional EquationThe project supported by National Natural Science Foundation of China under Grant Nos, 40035010 and 40175016", "A New Approach to Solve Nonlinear Wave EquationsThe project supported by State Key Project of National Natural Science Foundation of China (No. 40035010) and National Natural Science Foundation of ...", "间歇湍流的分形特征——分数维及分数阶导数的应用", "Solitary Wave and Wave Front as Viewed From CurvatureThe project supported by National Natural Science Foundation of China under Grant No. 40305006 and the Ministry of Science and Technology of Chi...", "Elliptic Equation and New Solutions to Nonlinear Wave EquationsThe project supported by the Special Public Welfare Project of the Ministry of Science and Technology of China under Grant No. 2002DIB...", "间歇湍流的分数阶动力学", "从北极高压、南极低压到南北极间的三维异宿轨道", "Spiral Solutions of the Two-Dimensional Complex Ginzburg–Landau EquationThe project supported by the state key research project “Nonlinear Sciences” and RFDP", "Lamé Function and Multi-order Exact Solutions to Nonlinear Coupled SystemsThe project supported by the Ministry of Science and Technology of China through Special Public Welfare Project under Grant...", "Periodic Structure of Equatorial Envelope Rossby Wave Under Influence of Diabatic HeatingThe project supported by the Ministry of Science and Technology of China through the Special Public Welfare ..."], "学术ID": ["CN-B574GHAJ"]}