{"机构": "北京林业大学经济管理学院", "访问量": "633", "被引量": "359", "成果数": "49", "H_指数": "11", "G指数": "17", "期刊": "91.8%", "会议": "6.1%", "专著": "0%", "其他": "2.1%", "合作学者": {"田志宏": "中国农业大学经济管理学院", "刘武兵": "农业部农业贸易促进中心", "吕剑": "南开大学经济学院", "张军平": "农业部农业贸易促进中心"}, "合作机构": {"中国农业大学经济管理学院": "12", "农业部农业贸易促进中心": "11", "南开大学经济学院": "2", "北京林业大学经济管理学院": "1"}, "文章title": ["自由贸易协定视角下中国与冰岛农产品贸易分析与展望", "中欧双边投资协定谈判涉农相关问题分析", "中国棉花贸易形势特点分析", "中韩自由贸易区建设对中国农产品贸易的影响分析", "中韩自贸区建设对中国农业的影响", "中澳农产品贸易发展现状及前景分析", "以色列农业生产和贸易发展研究", "中国不同市场环节粮食价格传导研究", "中新和中澳自贸协定对中国乳业的影响", "牛肉进口对我国肉牛产业的影响", "从新西兰奶业发展经验看我国奶业现代化发展", "中国-新西兰自贸协定对中国奶业的影响", "乳品进口增长对国内奶业的影响", "我国棕榈油进口及其对其他植物油的替代效应分析", "农产品价格形成机制:欧盟的经验教训", "斯里兰卡农业生产和贸易情况分析", "跨太平洋伙伴关系协议（TPP）对中国农业的影响", "国际乳品生产大国乳品质量安全管理经验及启示"]}