{"机构": "分子药物教育部工程研究中心", "访问量": "3263", "被引量": "2396", "成果数": "227", "H_指数": "25", "G指数": "42", "期刊": "77.1%", "会议": "13.2%", "专著": "0.4%", "其他": "9.3%", "合作学者": {"郑德先": "中国医学科学院基础医学研究所", "刘士廉": "中国医学科学院基础医学研究所", "史娟": "中国医学科学院基础医学研究所医学分子生物学国家重...", "张亚玺": "中国医学科学院基础医学研究所医学分子生物学国家重..."}, "合作机构": {"中国医学科学院基础医学研究所": "330", "中国医学科学院基础医学研究所医学分子生物学国家重点实验室": "129", "中国医学科学院基础医学研究所中国协和医科大学基础医学院医学分子生物学国家重点实验室": "22", "哈尔滨工程大学理学院": "19", "中国医学科学院中国协和医科大学北京协和医院": "17", "北京大学医学部生物化学与分子生物学系": "16", "中国医学科学院": "14", "中国医学科学院北京协和医学院基础医学研究所医学分子生物学国家重点实验室": "13", "中国医学科学院中国协和医科大学血液学研究所实验血液学国家重点实验室": "12", "分子药物教育部工程研究中心": "11"}, "文章title": ["Humanized monoclonal antibodies against the extracellular domain of human death receptor 5", "A novel humanized anti‐tumor necrosis factor‐related apoptosis﹊nducing ligand㏑2 monoclonal antibody induces apoptotic and autophagic cell death", "Combination of AAV-TRAIL with miR-221-Zip Therapeutic Strategy Overcomes the Resistance to TRAIL Induced Apoptosis in Liver Cancer", "The lncRNA SNHG5/miR-32 axis regulates gastric cancer cell proliferation and migration by targeting KLF4", "Mmu-miR-125b overexpression suppresses NO production in activated macrophages by targeting eEF2K and CCNA2:", "长链非编码RNA LINC00260抑制幽门螺杆菌感染胃上皮细胞系引起的炎性反应和细胞迁移", "A double feedback loop mediated by microRNA-23a/27a/24-2 regulates M1 versus M2 macrophage polarization and thus regulates cancer progression", "TRAIL induces the expression of proinflammatory cytokines in macrophages and reeducates tumor-associated macrophages to an anti-tumor phenotype.", "HUMANIZED MONOCLONAL ANTIBODIES AGAINST THE EXTRACELLULAR DOMAIN OF HUMAN DEATH RECEPTOR 5", "Tumor necrosis factor–related apoptosis-inducing ligand induces the expression of proinflammatory cytokines in macrophages and re-educates tumor-associated macrophages to an antitumor phenotype", "Rotational structure of the odd-proton nuclide ~(171)Tm:A projected shell model study", "RIP1 modulates death receptor mediated apoptosis and autophagy in macrophages.", "胃癌细胞中长链非编码RNA SNHG5与miR-26b间的相互作用", "慢性乙型肝炎患者血清中sICOS和sPD-1升高及意义", "Dysregulated expression of miR-101b and miR-26b lead to age-associated increase in LPS-induced COX-2 expression in murine macrophage", "Functions of miR-146a and miR-222 in Tumor-associated Macrophages in Breast Cancer", "Functions of miR-146a and miR-222 in Tumor-associated Macrophages in Breast Cancer", "Humanized monoclonal antibody in extracellular domain of anti-human death receptor 5", "Antigenic determinants of human death receptor DR5", "Human T-Cell Leukemia Virus Type 1 Tax-Deregulated Autophagy Pathway and c-FLIP Expression Contribute to Resistance against Death Receptor-Mediated Apoptosis"], "学术ID": ["CN-BB75PA8J"]}