{"机构": "武汉大学文学院", "访问量": "506", "被引量": "275", "成果数": "33", "H_指数": "9", "G指数": "15", "期刊": "93.9%", "会议": "6.1%", "专著": "0%", "其他": "0%", "合作学者": {"钱理群": "北京大学中文系", "龙泉明": "武汉大学中文系", "蓝棣之": "清华大学中文系", "陆耀东": "武汉大学文学院"}, "合作机构": {"北京大学中文系": "2", "清华大学中文系": "1", "武汉大学中文系": "1", "武汉大学文学院": "1"}, "文章title": ["新文学何以为“新”——兼谈新文学的开端", "也谈晚清和\"五四\"", "五四能压抑谁?", "《说钼》·新物理学·终极——从一个角度谈鲁迅精神遗产的独异性和当代意义", "从什么角度评论鲁迅这个人", "当下对“五四”的追溯:面对解构", "新诗的标准和评价尺度问题", "写得怎样:关于作品的文学评价——重读《创业史》并以其为例", "在学术论文的大生产运动中想起李健吾", "研究的根据", "推荐徐志摩的《想飞》", "老问题新语码--也谈全球化语境和文学研究", "“当作一部史书写”的人物传记——读韩石山著《徐志摩传》", "贯穿“古”与“今”、“旧”与“新”的通道", "二元对立与矛盾绞缠——中国现代文学发难理论以及历史流变的复杂性", "呈滑跌趋势的学位论文", "全球化背景与文学"], "学术ID": ["CN-BN75BKNJ"]}