{"机构": "内蒙古民族大学附属医院", "访问量": "761", "被引量": "323", "成果数": "122", "H_指数": "9", "G指数": "12", "期刊": "93.4%", "会议": "5.7%", "专著": "0%", "其他": "0.9%", "合作学者": {"朱宪明": "内蒙古医学院附属医院", "王坚": "上海交通大学医学院附属仁济医院", "赵龙": "内蒙古医学院附属医院", "张玉龙": "内蒙古医学院附属医院"}, "合作机构": {"内蒙古医学院附属医院": "372", "上海交通大学医学院附属仁济医院": "61", "内蒙古医学院第一附属医院": "53", "昆明医学院第二附属医院": "7", "潍坊市人民医院": "7", "河北科技大学化学与制药工程学院": "6", "昆明医学院第一附属医院": "6", "内蒙古医科大学": "6", "北京林业大学材料科学与技术学院": "5", "内蒙古民族大学附属医院": "4"}, "文章title": ["Standford A型急性主动脉夹层患者术后低氧血症相关危险因素研究进展", "烟囱技术治疗主动脉弓部分支血管受累Stanford B型主动脉夹层23例临床分析", "纵隔肠囊肿1例", "术中支架植入术治疗主动脉弓分支血管变异的Stanford B型主动脉夹层6例临床分析", "微创经胸小切口室间隔缺损封堵术临床分析", "胸腔镜下修补术治疗房间隔缺损患者的效果及对TNF-α、IL-6、ICAM-I、cTnI的影响", "卵圆孔未闭经导管封堵术22例临床分析", "先天性心脏病不同程度肺动脉高压患儿中手术前后血浆脑钠肽的变化研究", "左侧锁骨下动脉受累的Stanford B型主动脉夹层26例临床分析", "经皮二尖瓣球囊成形术治疗风湿性二尖瓣狭窄疗效的初步探讨", "偏头痛合并卵圆孔未闭患者封堵治疗的临床疗效及安全性观察", "比较心肌型脂肪酸结合蛋白在急性心肌梗死早期诊断中的优势", "腔内隔绝术治疗Stanford B型主动脉夹层的临床价值", "体外循环与非体外循环下行CABG对患者肝功能影响的比较", "28例主动脉壁内血肿治疗临床分析", "先天性心脏病介入治疗严重并发症的分析", "先天性心脏病介入治疗学习曲线的分析", "先天性心脏病介入治疗严重并发症的分析及处理", "Stanford B型主动脉穿透性粥样硬化性溃疡腔内治疗32例临床分析", "复杂Stanford B型胸主动脉夹层46例治疗分析"], "学术ID": ["CN-B1741BNJ"]}