{"机构": "重庆医科大学附属儿童医院", "访问量": "10148", "被引量": "24584", "成果数": "2333", "H_指数": "67", "G指数": "112", "期刊": "86.5%", "会议": "8%", "专著": "0.7%", "其他": "4.8%", "合作学者": {"顾培夫": "浙江大学现代光学仪器国家重点实验室", "李海峰": "浙江大学现代光学仪器国家重点实验室", "匡翠方": "浙江大学现代光学仪器国家重点实验室", "沈伟东": "浙江大学现代光学仪器国家重点实验室"}, "合作机构": {"浙江大学现代光学仪器国家重点实验室": "1935", "四川大学华西医院": "184", "解放军总医院": "163", "郑州大学第一附属医院": "130", "中国工程物理研究院激光聚变研究中心": "107", "浙江大学光电信息工程学系": "107", "中国医科大学附属第一医院": "104", "中日友好医院": "87", "浙江大学医学院附属第一医院": "71", "重庆医科大学附属儿童医院": "68"}, "文章title": ["Adiponectin Attenuates Oxygen-Glucose Deprivation-Induced Mitochondrial Oxidative Injury and Apoptosis in Hippocampal HT22 Cells via the JAK2/STAT3 Pathway.", "MicroRNA-494 regulates Gli3 expression and inhibits pancreatic cancer cells growth and migration.", "PVT1 regulates the malignant behaviors of human glioma cells by targeting miR-190a-5p and miR-488-3p", "Substrate sustained release-based high efficacy biosynthesis of GABA by Lactobacillus brevis NCL912", "A biomimetic nanoparticle-enabled toxoid vaccine against melittin.", "Joint toxic effects of triazophos and imidacloprid on zebrafish ( Danio rerio ) ☆", "The SNP Rs915014 in MTHFR Regulated by MiRNA Associates with Atherosclerosis.", "High-performance hybrid electrode decorated by well-aligned nanograss arrays for glucose sensing.", "Electron transport chains in organohalide-respiring bacteria and bioremediation implications.", "Genetic mapping of a lobed-leaf gene associated with salt tolerance in Brassica napus L", "Parallel comparative proteomics and phosphoproteomics reveal that cattle myostatin regulates phosphorylation of key enzymes in glycogen metabolism and glycolysis pathway.", "Molecular basis for CENP-N recognition of CENP-A nucleosome on the human kinetochore.", "Advanced oxidation protein products aggravate tubulointerstitial fibrosis through PKC-dependent mitochondrial injury in early diabetic nephropathy", "Ten-eleven translocation 2 demethylates the MMP9 promoter, and its down-regulation in preeclampsia impairs trophoblast migration and invasion", "YebC controls virulence by activating T3SS gene expression in the pathogen Edwardsiella piscicida", "Genistein Enhances or Reduces Glycosaminoglycan Quantity in a Cell Type-Specific Manner.", "Effect of QSOX1 on cattle carcass traits as well as apoptosis and triglyceride production in bovine fetal fibroblasts and mammary epithelial cells.", "Evaluation of Patient and Medical Staff Satisfaction regarding Healthcare Services in Wuhan Public Hospitals", "Construction of FGF21 knockout mouse models by the CRISPR/Cas9 system", "Complete genome sequence of a novel virulent phage ST31 infecting Escherichia coli H21."]}