{"机构": "西北工业大学腐蚀与防护研究所", "访问量": "3527", "被引量": "2667", "成果数": "255", "H_指数": "26", "G指数": "41", "期刊": "88.2%", "会议": "9.4%", "专著": "0.8%", "其他": "1.6%", "合作学者": {"张晓化": "西北工业大学腐蚀与防护研究室", "唐宾": "太原理工大学表面工程研究所", "何家文": "西安交通大学金属材料强度国家重点实验室", "唐长斌": "西安建筑科技大学冶金工程学院"}, "合作机构": {"西北工业大学腐蚀与防护研究室": "103", "太原理工大学表面工程研究所": "79", "西安交通大学金属材料强度国家重点实验室": "52", "西北工业大学": "37", "西安建筑科技大学冶金工程学院": "30", "西北工业大学航空学院": "26", "西北有色金属研究院": "25", "中国石油天然气集团公司": "24", "中国石油集团工程设计有限责任公司": "15", "西北工业大学腐蚀与防护研究所": "14"}, "文章title": ["Influence of Soil Water Content Adjusted by Simulated Acid Rain on Corrosion Behavior of X80 Steel in Red Soil", "FRETTING FATIGUE BEHAVIOR OF COMBINED PLASMA ZIRCONIUMING AND SHOT PEENING ON Ti6Al4V ALLOY", "Surface nanocrystallization of 17-4 precipitation-hardening stainless steel subjected to ultrasonic surface rolling process", "Influence of glow plasma Co-based alloying layer on sliding wear and fretting wear resistance of titanium alloy", "氯化铁溶液中316L和HR-2不锈钢的腐蚀行为研究", "钴基合金渗层对钛合金耐磨、抗蚀性能的影响", "Effect of the Ultrasonic Surface Rolling Process on the Fretting Fatigue Behavior of Ti-6Al-4V Alloy", "Effects of pre‐corrosion on mechanical properties of 7B50‐T7751 aluminum alloy in sodium chloride solution", "The Effect of Modulation Ratio of Cu/Ni Multilayer Films on the Fretting Damage Behaviour of Ti-811 Titanium Alloy", "Characterization and mechanical properties investigation of TiN-Ag films onto Ti-6Al-4V", "Corrosion Behavior of X80 Pipeline Steel under Thin Electrolyte Layer of Acidic Soil Simulated Solution", "Influence of plasma molybdenizing and shot-peening on fretting damage behavior of titanium alloy", "Cystatin C Shifts APP Processing from Amyloid-β Production towards Non-Amyloidgenic Pathway in Brain Endothelial Cells.", "喷丸强化对2060铝锂合金表面完整性和疲劳性能的影响", "腐蚀与交变载荷循环作用对2A12-T4铝合金疲劳寿命的影响", "Microstructure and Tribological Behavior of a TiO2/hBN Composite Ceramic Coating Formed via Micro-arc Oxidation of Ti-6Al-4V Alloy", "Effects of Plasma ZrN Metallurgy and Shot Peening Duplex Treatment on Fretting Wear and Fretting Fatigue Behavior of Ti6Al4V Alloy", "Effect of thermal shock process in accelerated environment spectrum on the fatigue life of 7B04-T6 aluminum alloy", "Effect of pre-corrosion and corrosion/fatigue alternation frequency on the fatigue life of 7B04-T6 aluminum alloy", "Effects of WC-17Co Coating Combined with Shot Peening Treatment on Fatigue Behaviors of TC21 Titanium Alloy"]}