{"机构": "中国艺术研究院戏曲研究所", "访问量": "270", "被引量": "171", "成果数": "37", "H_指数": "6", "G指数": "12", "期刊": "89.2%", "会议": "8.1%", "专著": "2.7%", "其他": "0%", "合作学者": {"王学锋": "中国艺术研究院戏曲研究所", "李玲": "中国艺术研究院戏曲研究所", "孙红侠": "中国艺术研究院戏曲研究所"}, "合作机构": {"中国艺术研究院戏曲研究所": "4"}, "文章title": ["对传统戏剧传承保护若干问题的思考", "不忘初心,勇攀剧学高峰——我的戏曲研究生涯", "中国少数民族戏曲剧种发展史", "祭祀仪式与演剧——以赛戏、队戏、傩戏为例", "志文斋剧学考论", "关于建立认定剧种标准的意见和建议", "非物质文化遗产语境下传统戏剧传承保护研究", "农村演出市场与戏曲传承保护", "传统戏剧在非物质文化遗产中的传统戏剧地位及传承保护", "论传统戏曲与民俗的依存关系", "从贾村赛社及其戏剧形态的当代变化看非物质文化遗产保护", "论戏曲的多样性", "从贾村赛社的变化看非物质文化遗产的保护", "戏曲的生存现状和应对措施——全国戏曲剧种剧团现状调查综述", "戏曲的生存现状和应对措施——全国戏曲剧种剧团现状调查综述"], "学术ID": ["CN-BC74RUFJ"]}