{"机构": "甘肃省人民医院", "访问量": "20069", "被引量": "17661", "成果数": "1619", "H_指数": "57", "G指数": "96", "期刊": "84.1%", "会议": "7.8%", "专著": "1.1%", "其他": "7%", "合作学者": {"周政": "第三军医大学附属新桥医院", "杨辉": "第三军医大学新桥医院", "王英杰": "第三军医大学西南医院", "王宇明": "第三军医大学西南医院"}, "合作机构": {"第三军医大学新桥医院": "498", "广州军区广州总医院": "323", "第三军医大学西南医院": "309", "华中科技大学同济医学院附属协和医院": "302", "上海交通大学附属第一人民医院": "187", "中山大学附属第二医院": "165", "解放军总医院": "100", "第三军医大学附属新桥医院": "80", "复旦大学附属中山医院": "77", "甘肃省人民医院": "75"}, "文章title": ["Surface Superconductivity in the type II Weyl Semimetal TaIrTe4", "First Octahedral Spherical Hohlraum Energetics Experiment at the SGIII Laser Facility", "艾滋病抗病毒治疗个案管理模式探索", "Involvement of prelimbic 5-HT7 receptors in the regulation of anxiety-like behaviors in hemiparkinsonian rats", "SARI对人胰腺癌细胞系Capan 2侵袭能力的研究", "Tumor acidity activating multifunctional nanoplatform for NIR-mediated multiple enhanced photodynamic and photothermal tumor therapy.", "A study of the correlation of insulin resistance and leptin with inflammatory factors and vascular endothelial injury in T2DM patients with CHD", "SerumSP70 is a sensitive predictor of chemotherapy response in patients with advanced nonsmall cell lung cancer", "Congenital left atrial appendage aneurysm: A rare case report and literature review.", "Ex vivo resection and intestinal autotransplantation for a large mesenteric desmoid tumor secondary to familial adenomatous polyposis: A case report and literature review.", "Effects of miR-144 on the sensitivity of human anaplastic thyroid carcinoma cells to cisplatin by autophagy regulation.", "Internal Spreading of Papillary Thyroid Carcinoma: A Case Report and Systemic Review", "Resveratrol induces autophagy-dependent apoptosis in HL-60 cells", "Pulmonary Vein Anatomy is Associated with Cryo Kinetics during Cryoballoon Ablation for Atrial Fibrillation", "Establishment and validation of the scoring system for preoperative prediction of central lymph node metastasis in papillary thyroid carcinoma", "[Corrigendum] RLIP76 decreases apoptosis through Akt/mTOR signaling pathway in gastric cancer", "Moderate hypothermia protects increased neuronal autophagy via activation of extracellular signal-regulated kinase signaling pathway in a rat model of early brain injury in subarachnoid hemorrhage.", "Primary cervical ganglioneuroblastoma: A case report", "The diagnostic role and dynamic changes in cerebrospinal fluid neopterin during treatment of patients with primary central nervous system lymphoma."], "学术ID": ["CN-BD74L22J"]}