{"机构": "西南交通大学机械工程学院", "访问量": "1889", "被引量": "1051", "成果数": "116", "H_指数": "18", "G指数": "27", "期刊": "88.8%", "会议": "7.8%", "专著": "0.9%", "其他": "2.5%", "合作学者": {"王进军": "西南大学植物保护学院昆虫学及害虫控制工程重庆市市...", "赵志模": "西南农业大学植保系", "邓新平": "西南农业大学植保系", "何林": "西南大学植物保护学院"}, "合作机构": {"西南农业大学植保系": "89", "西南大学植物保护学院": "50", "中国农业科学院植物保护研究所植物病虫害生物学国家重点实验室": "45", "西南大学植物保护学院昆虫学及害虫控制工程重庆市市级重点实验室": "41", "重庆市秀山县植保植检站": "16", "四川省森林病虫防治检疫总站": "9", "西华师范大学生命科学学院西南野生动植物资源保护教育部重点实验室": "9", "重庆市植保植检站": "7", "新疆农科院植保所": "7", "西南交通大学机械工程学院": "6"}, "文章title": ["Intraspecific variations on thermal susceptibility in the predatory mite Neoseiulus barkeri Hughes (Acari: Phytoseiidae): responding to long-term heat acclimations and frequent heat hardenings", "马铃薯甲虫热激蛋白基因Ld-HSP60的克隆、序列分析及温度胁迫下的表达", "昆虫次生内共生菌Rickettsia研究进展", "Evaluation of Neoseiulus barkeri (Acari: Phytoseiidae) for Control of Eotetranychus kankitus (Acari: Tetranychidae)", "烟粉虱及其优势寄生蜂内共生菌的种类及系统发育分析", "Does Long-Term Feeding on Alternative Prey Affect the Biological Performance of Neoseiulus barkeri (Acari: Phytoseiidae) on the Target Spider Mites?", "重庆地区桑树主要病虫害及防治技术", "鸟虱属(虱目:鸟虱科)研究概况", "Two new feather mite species of the subfamily Ingrassiinae Gaud & Atyeo, 1981 (Acari: Analgoidea: Xolalgidae) from China", "Effects of heat stress on copulation, fecundity and longevity of newly-emerged adults of the predatory mite, Neoseiulus barkeri (Acari: Phytoseiidae)", "降水对新疆马铃薯甲虫分布的影响", "刺吸式昆虫次生内共生菌的研究进展", "温度胁迫对小金蝠蛾幼虫抗氧化酶活性的影响", "Feather mites of the genus Passeroptes Fain (Acariformes: Dermationidae) from passerines (Aves: Passeriformes) of China.", "球孢白僵菌Bb025对三种不同品系朱砂螨的实验室毒力效果测定", "球孢白僵菌Bb025对三种不同品系朱砂叶螨的实验室毒力效果测定", "Effect of bran moisture content and initial population density on mass production of Tyrophagus putrescentiae (Schrank) (Acari: Acaridae)", "Three new species of the genus Passeroptes Fain (Astigmata: Dermationidae) from China.", "昆虫内共生菌及其功能研究进展", "温度对柑橘始叶螨实验种群生长发育繁殖的影响"], "学术ID": ["CN-B075E58J"]}