{"机构": "第四军医大学西京医院", "访问量": "7021", "被引量": "7151", "成果数": "732", "H_指数": "39", "G指数": "71", "期刊": "88.5%", "会议": "7.4%", "专著": "0.4%", "其他": "3.7%", "合作学者": {"陈忠": "首都医科大学附属北京安贞医院", "唐小斌": "首都医科大学附属北京安贞医院", "吴章敏": "首都医科大学附属北京安贞医院", "寇镭": "首都医科大学附属北京安贞医院"}, "合作机构": {"首都医科大学附属北京安贞医院": "456", "首都医科大学附属北京儿童医院": "172", "首都医科大学附属北京佑安医院": "163", "解放军总医院": "136", "四川大学华西医院": "63", "解放军第175医院": "57", "河南省人民医院": "48", "西安交通大学第二医院": "47", "西安交通大学医学院第二附属医院": "42", "第四军医大学西京医院": "40"}, "文章title": ["Spontaneous Vesicle Fusion Is Differentially Regulated at Cholinergic and GABAergic Synapses", "Consolidation Chemotherapy Prevents Relapse by Indirectly Regulating Bone Marrow Adipogenesis in Patients with Acute Myeloid Leukemia", "Impact of Fe(II) oxidation in the presence of iron-reducing bacteria on subsequent Fe(III) bio-reduction", "A contribution to the knowledge of Themus (Haplothemus) Wittmer from China (Coleoptera: Cantharidae).", "Enhancement of synchronous bio-reductions of vanadium (V) and chromium (VI) by mixed anaerobic culture.", "Enhanced sulfide removal and bioelectricity generation in microbial fuel cells with anodes modified by vertically oriented nanosheets.", "Nickel(II)-Catalyzed [8 + 3]-Cycloaddition of 2-Aryl- N-tosylaziridines with Tropone.", "Effects of zeolite particle size and internal grain boundaries on Pt/Beta catalyzed isomerization of n -pentane", "Well-Defined Cobalt Catalyst with N-Doped Carbon Layers Enwrapping: The Correlation between Surface Atomic Structure and Electrocatalytic Property.", "Apelin‑13 attenuates ER stress‑associated apoptosis induced by MPP+ in SH‑SY5Y cells", "Assessing the electron transfer and oxygen mass transfer of the oxygen reduction reaction using a new electrode kinetic equation.", "Substituted Anodic Hydrazine Oxidation Assisting Energy-efficient Hydrogen Production Based on Bifunctional Cobalt Perselenide Nanosheet Electrode", "Upgrade Design of Lower Divertor Langmuir Probe Diagnostic System in the EAST Tokamak", "A Dynamic Model for Predicting Outcome in Patients with HBV Related Acute-On-Chronic Liver Failure.", "Dose-Effect of Irbesartan on Cyclooxygenase-2 and Matrix Metalloproteinase-9 Expression in Rabbit Atherosclerosis.", "Semi-automatic volume measurement for orbital fat and total extraocular muscles based on Cube FSE-flex sequence in patients with thyroid-associated ophthalmopathy", "Complete fracture-dislocation of the thoracolumbar spine without neurological deficit A case report and review of the literature.", "Identified OAS3 gene variants associated with coexistence of HBsAg and anti-HBs in chronic HBV infection", "Circulating and tumor‑infiltrating myeloid‑derived suppressor cells in cervical carcinoma patients"], "学术ID": ["CN-BX747X7J"]}