{"机构": "山东省医学科学院基础所山东肿瘤生物治疗研究中心", "访问量": "427", "被引量": "164", "成果数": "35", "H_指数": "7", "G指数": "11", "期刊": "80%", "会议": "20%", "专著": "0%", "其他": "0%", "合作学者": {"王郡甫": "山东省医学科学院基础医学研究所", "许晓群": "山东省医学科学院基础医学研究所", "张彩": "山东省医学科学院基础医学研究所", "张建华": "华中科技大学同济医学院附属同济医院"}, "合作机构": {"山东省医学科学院基础医学研究所": "95", "华中科技大学同济医学院附属同济医院": "9", "山东大学附属省立医院": "6", "山东大学齐鲁医院": "5", "山东省医学科学院": "5", "北京大学第三医院": "5", "山东省医学科学院基础医学研究所山东省肿瘤免疫与基因工程重点实验室山东省现代医用药物与技术重点实验室": "3", "重庆医科大学遗传优生教研室": "2", "中国科学技术大学免疫学研究所": "2", "山东省医学科学院基础所山东肿瘤生物治疗研究中心": "2"}, "文章title": ["气相色谱法测定双歧杆菌代谢产物中乙酸和乳酸", "Th1-, Th2-, and Th17-associated cytokine expression in hypopharyngeal carcinoma and clinical significance", "Suppression effect of recombinant adenovirus vector containing hIL-24 on Hep-2 laryngeal carcinoma cells", "高效液相色谱-串联质谱法测定食品中维生素D和维生素D", "氢化物原子荧光法测定生姜中的硒", "反相高效液相色谱法测定维生素D2和维生素D3", "Bradford法测定牛奶中蛋白质含量", "重组人白细胞介素-21的原核表达及其复性与纯化", "辣椒素中苏丹红的高效液相色谱法检测", "重组人白细胞介素21表达条件的探讨", "重组人白细胞介素15工程菌高密度发酵条件探讨", "重组人白细胞介素-15包涵体离子交换柱复性与稀释复性的比较", "Cloning and expression of MHC class Ⅰ chain-related A gene in E.coli", "sMICA基因的克隆表达及其纯化", "NKG2D真核表达载体的构建及其对YT细胞生物学功能的影响", "复方运舒擦剂药效学研究", "内皮抑素融合蛋白的发酵与纯化", "内抑素融合蛋白的发酵与纯化研究", "基因工程人造血干细胞因子的分离纯化"]}