{"机构": "香港城市大学", "访问量": "596", "被引量": "397", "成果数": "22", "H_指数": "11", "G指数": "19", "期刊": "95.5%", "会议": "4.5%", "专著": "0%", "其他": "0%", "合作学者": {"朱纯深": "香港城市大学"}, "合作机构": {"香港城市大学": "1"}, "文章title": ["连贯(coherence)还是“辩动”(cogency)?——从“修辞结构理论(RST)”的得失看修辞对语篇研究的干预", "“服”,Adherence(顺许),Consent(洽同):三个中西修辞术语的相互阐映及其对比较修辞的启示", "国际译评与中国文学在域外的“活跃存在”", "语用学研究：语用与修辞", "修辞是翻译思想的观念母体", "《翻译与修辞》专栏主持人语", "从西方修辞学角度看合作原则", "西方修辞学对合作原则的审视", "跟宣传片“较真”", "当代西方修辞研究的两个特点及其缘由", "言说与秩序：轴心时期中西语言思想的一个重要区别及其当代含义", "当代西方人文学科的范式转换及中国修辞学的发展模式", "超越“不可逆转点”还是到达“拐点”?:汉语的现状及我们的对策(英文)", "二十世纪美国修辞的宣言——评韦恩·布斯的《关于修辞的修辞：对有效交流的求索》", "从“忠实于源文本”到“对源语文化负责”:也谈翻译规范的重构", "韦努蒂的“翻译伦理”及其自我解构", "关联与修辞", "跨文化“交流失迷”及其因应之道"], "学术ID": ["CN-BG73ZQOJ"]}