{"机构": "盐城工学院海洋技术系", "访问量": "3697", "被引量": "2707", "成果数": "253", "H_指数": "29", "G指数": "41", "期刊": "88.1%", "会议": "8.3%", "专著": "0%", "其他": "3.6%", "合作学者": {"徐维娜": "南京农业大学动物科技学院江苏省水产动物营养重点实验室", "蒋广震": "江苏省水产动物营养重点实验室", "李向飞": "南京农业大学江苏省水产动物营养与饲料重点实验室|...", "鲁康乐": "南京农业大学动物科技学院江苏省水产动物营养重点实..."}, "合作机构": {"南京农业大学动物科技学院江苏省水产动物营养重点实验室": "166", "南京农业大学动物科技学院": "110", "江苏省水产动物营养重点实验室": "55", "中国水产科学研究院淡水渔业研究中心": "54", "江苏省淡水水产研究所": "38", "南京农业大学江苏省水产动物营养与饲料重点实验室": "37", "盐城工学院化学与生物工程学院": "22", "中国科学院上海生命科学研究院植物生理生态研究所": "20", "中国水产科学研究院珠江水产研究所": "16", "盐城工学院海洋技术系": "16"}, "文章title": ["Lysine supplement benefits the growth performance, protein synthesis, and muscle development of Megalobrama amblycephala fed diets with fish meal replaced by rice protein concentrate", "Molecular cloning of adipose triglyceride lipase (ATGL) gene from blunt snout bream and its expression after LPS-induced TNF-α factor", "Molecular characterization of microtubule-associated protein 1-light chain 3B in Megalobrama amblycephala fed with high fat/berberine diets", "PREPUBLICATION: AN EVALUATION OF ZINC BEARING PALYGORSKITE ON GROWTH PERFORMANCE, NUTRIENT RETENTION, MEAT QUALITY, AND ZINC ACCUMULATION OF BLUNT SNOUT BREAM MEGALOBRAMA AMBLYCEPHALA", "AMP-activated protein kinase α1 in Megalobrama amblycephala: molecular characterization and the transcriptional modulation by nutrient restriction and glucose and insulin loadings", "Effects of dietary glucose and starch levels on the growth, apparent digestibility, and skin-associated mucosal non-specific immune parameters in juvenile blunt snout bream ( Megalobrama amblycepha...", "日粮蛋白含量及家系对黄颡鱼幼鱼生长性能和肝脏IGF-I mRNA表达水平的影响", "Fishmeal replacement by rice protein concentrate with xylooligosaccharides supplement benefits the growth performance, antioxidant capability and immune responses against Aeromonas hydrophila in bl...", "发酵饲料对鲤鱼幼鱼生长性能、消化酶活性、肌肉品质和免疫机能的影响", "Interactions between dietary carbohydrate and metformin: Implications on energy sensing, insulin signaling pathway, glycolipid metabolism and glucose tolerance in blunt snout bream Megalobrama ambl...", "Growth performance, digestion and metabolism to fish meal replacement by rice protein concentrate in Chinese soft-shelled turtle Pelodiscus sinensis", "Molecular characterization of fructose-1,6-bisphosphatase 1b in blunt snout bream Megalobrama amblycephala and the transcriptional response to glucose loading after the adaptation to high-carbohydr...", "Effect of dietary betaine on growth performance, antioxidant capacity and lipid metabolism in blunt snout bream fed a high-fat diet.", "Molecular characterisation of tumour necrosis factor alpha and its potential connection with lipoprotein lipase and peroxisome proliferator-activated receptors in blunt snout bream (Megalobrama amb...", "Effects of dietary biotin on growth performance and fatty acids metabolism in blunt snout bream, Megalobrama amblycephala fed with different lipid levels diets", "Growth performance, innate immune responses and disease resistance of fingerling blunt snout bream, Megalobrama amblycephala adapted to different berberine-dietary feeding modes.", "白藜芦醇对高脂胁迫团头鲂抗氧化能力、非特异免疫机能和抗病力的影响", "Resveratrol supplementation improves lipid and glucose metabolism in high-fat diet-fed blunt snout bream"]}