{"机构": "广东省社会科学院历史与孙中山研究所", "访问量": "475", "被引量": "220", "成果数": "58", "H_指数": "8", "G指数": "11", "期刊": "82.8%", "会议": "17.2%", "专著": "0%", "其他": "0%", "合作学者": {"张金超": "广东省社会科学院历史与孙中山研究所", "赵树好": "聊城师范学院历史系", "朱英": "华中师范大学中国近代史研究所", "章征科": "安徽师范大学政法学院"}, "合作机构": {"广东省社会科学院": "2", "厦门大学历史系": "1", "华东师范大学历史系": "1", "聊城师范学院历史系": "1", "南开大学历史学院": "1", "安徽师范大学政法学院": "1", "华中师范大学中国近代史研究所": "1", "广东省社会科学院历史与孙中山研究所": "1"}, "文章title": ["百年反思:辛亥革命历史意义新议", "辛亥革命研究略议", "孙中山·辛亥革命研究回顾与前瞻", "庚子事变、话语转换与观念更新", "从容闳和珠海简议近代中国留学文化特色", "从容闳和珠海简议近代中国留学文化特色", "论孙中山建设新中国思想", "张謇东南意识与清末新政", "张謇庚子年间东南意识略议", "容闳“复兴中国”思想和活动略议", "论孙中山建设新中国思想", "论丘逢甲诗中的\"新中国\"思想", "日本的“脱亚入欧”与中国的“三甲纪念”", "张之洞对近代化追求的政治文化特色新论", "孙中山世界理念论析", "日本的“脱亚入欧”和中国的“三甲纪念”", "应注意内容的完整性,又不刻意追求完整", "宋教仁对创造20世纪新中国的巨大贡献", "孙中山与新中国运动"], "学术ID": ["CN-BZ73VM4J"]}