{"机构": "黑龙江中医药大学药学院", "访问量": "576", "被引量": "356", "成果数": "80", "H_指数": "11", "G指数": "14", "期刊": "91.3%", "会议": "5%", "专著": "0%", "其他": "3.7%", "合作学者": {"刘鸣远": "哈尔滨师范大学生物系", "王臣": "哈尔滨师范大学", "李瑞军": "哈尔滨师范大学", "程薪宇": "中国科学院植物研究所"}, "合作机构": {"哈尔滨师范大学": "67", "哈尔滨师范大学生物系": "41", "哈尔滨师范大学生命科学与技术学院": "18", "中国科学院植物研究所": "13", "中国医学科学院肿瘤医院": "10", "黑龙江大学农业资源与环境学院": "3", "山东省肿瘤医院": "3", "中国科学院植物研究所系": "2", "第二军医大学长海医院": "2", "黑龙江中医药大学药学院": "2"}, "文章title": ["伞形科部分类群气孔结构及其分类学价值", "伞形科参棕亚科及牵环花亚科气孔的结构及其分类学价值", "中国伞形科阿魏属及相关类群的果实形态解剖特征及其分类学价值", "中国伞形科棱子芹属果实微形态及其分类学研究", "中国伞形科前胡属果实结构的系统学价值", "东北豆科山羊豆族4属植物叶形态特征及数量分类学研究", "中国十字花科果实微形态及其系统学意义", "东北唇形科(Lamiaceae)果实形态与解剖特征及其分类学价值", "中国伞形科柴胡属果实结构的系统学价值", "毛茛科雄蕊结构的分类学价值", "中国伞形科当归属及相关类群毛状体和果实结构的系统学价值", "中国蓼科植物花被片和果实形态结构及其系统学价值", "Trichomes and fruit structures of and related genera of the family Apiaceae and their taxonomic significance", "Fruit micromorphology of Brassicaceae in China and notes on systematic implications", "The phylogenetic significance of fruit structures in Chinese of Apiaceae", "Association of Serum MicroRNA Expression in Hepatocellular Carcinomas Treated with Transarterial Chemoembolization and Patient Survival", "黑龙江苹果亚科植物叶表皮形态结构的研究", "Circulating miR-19a and miR-205 in Serum May Predict the Sensitivity of Luminal A Subtype of Breast Cancer Patients to Neoadjuvant Chemotherapy with Epirubicin Plus Paclitaxel", "东北野豌豆族植物叶形态结构的研究及其分类学意义"], "学术ID": ["CN-BN74ZVNJ"]}