{"机构": "吉林农业大学食品工程学院", "访问量": "792", "被引量": "688", "成果数": "108", "H_指数": "12", "G指数": "22", "期刊": "86.1%", "会议": "2.8%", "专著": "0.9%", "其他": "10.2%", "合作学者": {"王大为": "吉林农业大学食品科学与工程学院", "张艳荣": "吉林农业大学食品科学与工程学院", "樊红秀": "吉林农业大学食品科学与工程学院", "刘鸿铖": "吉林农业大学食品科学与工程学院"}, "合作机构": {"吉林农业大学食品科学与工程学院": "131", "安徽省立医院": "13", "南京理工大学机械工程学院": "12", "北京大学神经科学研究所教育部和卫生部神经科学重点实验室": "8", "安徽医科大学病原生物学教研室": "7", "安徽医科大学重要遗传病基因资源利用教育部省部共建重点实验室安徽医科大学人兽共患病安徽省重点实验室": "7", "安徽医科大学微生物学教研室": "7", "吉林农业大学菌物研究所": "6", "安徽医科大学附属省立医院": "4", "吉林农业大学食品工程学院": "3"}, "文章title": ["分蘖葱头蛋白提取工艺优化及其基础特性", "白灵菇蛋白提取及功能特性和结构分析", "Effect of Extrusion Treatment on Processing Characteristics and Microscopic Structure of Potato Flour", "Solvent Extraction of Organic Sulfur Compounds from Tillering Onion and Its GC - MS Analysis", "Physiochemical Properties and Probiotic Survivability of Symbiotic Corn‐Based Yogurt‐Like Product", "绿豆淀粉工艺废水中蛋白质的功能性质", "乳酪对面包物性及品质的影响", "溶剂法提取分蘖葱头有机硫化合物及其GC-MS分析", "毛葱水溶性多糖的超声波微波协同法提取工艺优化及结构分析", "Optimization of Ultrasonic Microwave-Assisted Extraction and Structural Analysis of Water-Soluble Polysaccharide from Tillering Onion", "Corn lecithin for injection from deoiled corn germ: Extraction, composition, and emulsifying properties: Corn lecithin for injection from deoiled corn germ", "Extraction Process Optimization and Structure Analysis of Water - Soluble Polysaccharide from Tillering Onion by Ultrasonic Microwave Assisted Method", "全果发酵与果渣发酵对欧李果酒香气特征的影响", "超声波微波协同制备玉米醇溶蛋白/壳聚糖复合膜工艺优化", "环（组氨酸-脯氨酸）二肽的高温高压辅助合成工艺优化", "Optimization of High Pressure/Temperature Assisted Synthesis of Cyclo(His-Pro)", "响应面试验优化高温液态水催化木糖制备糠醛的工艺", "响应面试验优化高温高压制备玉米环（组氨酸-脯氨酸）二肽关键工艺", "碳酸钠脱色对木耳可溶性膳食纤维性质的影响"], "学术ID": ["CN-BA73PYQJ"]}