{"机构": "新疆武警总队医院", "访问量": "181", "被引量": "107", "成果数": "32", "H_指数": "6", "G指数": "8", "期刊": "96.9%", "会议": "3.1%", "专著": "0%", "其他": "0%", "合作学者": {"郑萍": "兰州军区乌鲁木齐总医院", "杨自更": "兰州军区乌鲁木齐总医院", "史艳莉": "兰州军区乌鲁木齐总医院", "成芳红": "兰州军区乌鲁木齐总医院"}, "合作机构": {"兰州军区乌鲁木齐总医院": "100", "中国科学院西双版纳热带植物园": "2", "第二军医大学卫勤系": "2", "中国地质大学": "1", "新疆军区疾病预防控制中心": "1", "新疆医科大学基础医学院生理学教研室": "1", "新疆武警总队医院": "1"}, "文章title": ["中国刚果(金)维和二级医院卫勤保障中的理问题及对策", "远程病案信息查询系统的构建与应用", "医院手术分级控制系统的设计与实现", "基于复杂关联网络的生物医学研究结构的挖掘", "中国生物医学文献服务系统(SinoMed)安装更新与维护的实践研究", "面向军队区域医疗多级数据中心协同平台的研究", "基于军事综合信息网的远程医疗信息系统构建", "医学科技查新档案管理与信息资源利用", "An ethnobotanical study of the less known wild edible figs (genus Ficus) native to Xishuangbanna, Southwest China", "辅诊科室满意度调查", "妇产科门诊病人就诊流量和诊察时间的调查分析", "医院Oracle数据库的安全策略", "探讨平战时信息化建设在医院卫勤保障中的作用", "网络环境下基于SQL Server文献检索信息管理系统的设计与实现", "医疗统计资料的规范化管理", "PubMed改版升级后“一框三键”检索操作技巧", "一起刚果（金）维和分队霍乱暴发的流行病学调查", "浅析影响维和\"二级医院\"医疗装备工作的因素与对策", "蜂胶致皮肤过敏合并频发室性早搏1例"], "学术ID": ["CN-BY73SYNJ"]}