{"机构": "山东大学齐鲁医院", "访问量": "410", "被引量": "320", "成果数": "103", "H_指数": "9", "G指数": "14", "期刊": "92.2%", "会议": "4.9%", "专著": "0%", "其他": "2.9%", "合作学者": {"宋金青": "北京大学第一医院", "杨艳玲": "北京大学第一医院", "李溪远": "北京大学第一医院", "吴桐菲": "北京大学第一医院"}, "合作机构": {"北京大学第一医院": "535", "大连大学附属中山医院": "38", "中国医科大学附属第一医院": "27", "重庆医科大学附属儿童医院": "20", "南昌航空大学环境与化学工程学院": "9", "第二军医大学长征医院": "8", "北京大学医学部医学遗传学系": "7", "解放军总医院": "7", "郑州大学第一附属医院": "4", "山东大学齐鲁医院": "4"}, "文章title": ["甲硫氨酸腺苷转移酶活性缺陷致高甲硫氨酸血症3例报告", "[Heterogeneous phenotypes, genotypes, treatment and prevention of 1 003 patients with methylmalonic acidemia in the mainland of China].", "Eight novel mutations of CBS gene in nine Chinese patients with classical homocystinuria.", "A chinese boy with geleophysic dysplasia caused by compound heterozygous mutations in ADAMTSL2", "儿童胱氨酸尿症临床及基因分析", "母亲维生素B12缺乏与婴儿继发性甲基丙二酸尿症", "The clinical and genetic findings of childhood cystinuria", "Efficacy of core decompression for treatment of canine femoral head osteonecrosis induced by arterial ischaemia and venous congestion", "Corrigendum to succinic semialdehyde dehydrogenase deficiency of four Chinese patients and prenatal diagnosis for three fetuses [Gene 574(2015) 41–47]", "Seven novel mutations of the SMPD1 gene in four Chinese patients with Niemann-Pick disease type A and prenatal diagnosis for four fetuses", "琥珀酰辅酶A连接酶缺陷导致继发性甲基丙二酸尿症四例的临床与实验室研究", "儿童时期以癫痫起病的早发型阿尔茨海默病患者及其家系早老素基因1突变研究", "Five novel SUCLG1 mutations in three Chinese patients with succinate-CoA ligase deficiency noticed by mild methylmalonic aciduria", "伴广泛颅内钙化的遗传性叶酸吸收障碍二例分析及文献复习", "黏多糖贮积症Ⅶ型1例患儿的临床与GUSB基因分析及其同胞的产前诊断", "[Clinical and laboratory studies on four Chinese patients with succinate-CoA ligase deficiency noticed by mild methylmalonic aciduria]", "CTNS gene mutation leads to cysteine nephropathy combined with corneal crystal in young child", "CTNS基因突变导致幼儿胱氨酸肾病及角膜结晶", "转录辅助调节因子HCFC1突变致罕见X连锁甲基丙二酸尿症CblX型一家系报告"]}