{"机构": "南京大学声学研究所近代声学重点实验室", "访问量": "1580", "被引量": "1979", "成果数": "326", "H_指数": "24", "G指数": "32", "期刊": "83.4%", "会议": "13.2%", "专著": "1.2%", "其他": "2.2%", "合作学者": {"程营": "南京大学近代声学教育部重点实验室", "吴大建": "南京大学物理学院", "陶超": "南京大学声学研究所近代声学教育部重点实验室", "张淑仪": "南京大学声学研究所"}, "合作机构": {"南京大学声学研究所": "111", "南京大学近代声学教育部重点实验室": "92", "南京大学声学研究所近代声学教育部重点实验室": "67", "南京大学物理学院": "59", "南京大学声学研究所近代声学国家重点实验室": "27", "南京大学电子科学与工程系近代声学教育部重点实验室": "22", "南京大学近代声学国家重点实验室": "20", "北京交通大学光电子技术研究所发光与光信息技术教育部重点实验室": "14", "南通大学电子信息学院": "14", "南京大学声学研究所近代声学重点实验室": "9"}, "文章title": ["Cadmium-Alloyed Zinc Oxide Nanocrystals in the Quantum Confinement Region with Intense Visible Luminescence", "Multiband quasi-perfect low-frequency sound absorber based on double-channel Mie resonator", "In Vivo Imaging of Microvasculature during Anesthesia with High-Resolution Photoacoustic Microscopy", "Modulating acoustic Fano resonance of self-collimated sound beams in two dimensional sonic crystals", "Acoustic analog computing based on a reflective metasurface with decoupled modulation of phase and amplitude", "Broadband acoustic focusing by Airy-like beams based on acoustic metasurfaces", "Generation of fractional acoustic vortex with a discrete Archimedean spiral structure plate", "Topological Acoustic Delay Line", "Asymmetric phase modulation of acoustic waves through unidirectional metasurfaces", "Noninvasive low-cycle fatigue characterization at high depth with photoacoustic eigen-spectrum analysis", "Broadband acoustic subwavelength imaging by rapidly modulated stratified media", "Tunable directional subwavelength acoustic antenna based on Mie resonance", "Acoustic analog computing system based on labyrinthine metasurfaces", "Strong Plasmon–Exciton–Plasmon Multimode Couplings in Three-Layered Ag–J-Aggregates–Ag Nanostructures", "声学超构表面及其应用", "Photoacoustic imaging in scattering media by combining a correlation matrix filter with a time reversal operator", "Influences of the geometry and acoustic parameter on acoustic radiation forces on three-layered nucleate cells", "Topological Creation of Acoustic Pseudospin Multipoles in a Flow-Free Symmetry-Broken Metamaterial Lattice", "Manipulation of acoustic transmission by zero-index metamaterial with rectangular defect"], "学术ID": ["CN-BB74GB8J"]}