{"机构": "东北林业大学森林植物生态学教育部重点实验室", "访问量": "3181", "被引量": "4776", "成果数": "393", "H_指数": "37", "G指数": "60", "期刊": "81.7%", "会议": "16%", "专著": "0%", "其他": "2.3%", "合作学者": {"杜立波": "中国科学院化学研究所分子动态与稳态结构国家重点实验室", "田秋": "中国科学院化学研究所", "孙健": "中国科学院化学研究所", "贾宏瑛": "中国科学院化学研究所"}, "合作机构": {"中国科学院化学研究所": "482", "中国科学院化学研究所分子动态与稳态结构国家重点实验室": "64", "齐齐哈尔医学院第二附属医院": "53", "中国科学院科技政策与管理科学研究所": "47", "北京化工大学理学院": "42", "沈阳农业大学": "36", "中国科学院化学研究所分子动态与稳态国家重点实验室": "33", "大连理工大学煤化工研究所": "22", "中国科学院自动化研究所模式识别国家重点实验室": "22", "东北林业大学森林植物生态学教育部重点实验室": "21"}, "文章title": ["新时期我国可持续发展的治理机制研究", "The Different Resistance of Two Astragalus Plants to UV-B Stress is Tightly Associated with the Organ-specific Isoflavone Metabolism.", "A Facile Way to Fabricate Transparent Superhydrophobic Surfaces", "The feasibility of enhanced biological phosphorus removal in the novel oxic/extended idle process using fermentation liquid from sludge fermentation", "Red fluorescent carbon dots with phenylboronic acid tags for quick detection of Fe(III) in PC12 cells", "A photostable fluorescent probe for long-time imagining of lysosome in cell and nematode", "Effect of Chemical Doping on the Electronic Transport Properties of Tailoring Graphene Nanoribbons", "Metabolomics Analysis Reveals that Ethylene and Methyl Jasmonate Regulate Different Branch Pathways to Promote the Accumulation of Terpenoid Indole Alkaloids in Catharanthus roseus", "Removal of Cr(III) and Cu(II) from aqueous solution by fulvic acid functionalized magnetite nanoparticles", "Separating overstory and understory leaf area indices for global needleleaf and deciduous broadleaf forests by fusion of MODIS and MISR data", "Persulfate-assisted photodegradation of diethylstilbestrol using monoclinic BiVO4 under visible-light irradiation", "Photoreduction of Cr(VI) in water using BiVO4-Fe3O4 nano-photocatalyst under visible light irradiation.", "Ultrasmall MoS2 Nanosheets Mosaiced into Nitrogen-Doped Hierarchical Porous Carbon Matrix for Enhanced Sodium Storage Performance", "Long life rechargeable Li-O2 batteries enabled by enhanced charge transfer in nanocable-like Fe@N-doped carbon nanotube catalyst", "Ratiometric Hg2+/Ag+ probes with orange red-white-blue fluorescence response constructed by integrating vibration-induced emission with an AIE motif", "Pd(0)‐Catalyzed Tandem One‐Pot Reaction of Biphenyl Ketones/Aldehydes to the Corresponding Di‐substituted Aryl Olefins", "Engineering hollow polyhedrons structured from carbon-coated CoSe2 nanospheres bridged by CNTs with boosted sodium storage performance", "Synthesis of Novel 1,4-Substituted 1,2,3-Triazoles by Water-Soluble (Salicyladimine) 2Cu Complex Catalyzed Azide-Alkyne Cycloaddition in Water", "GC-MS Metabolomic Analysis to Reveal the Metabolites and Biological Pathways Involved in the Developmental Stages and Tissue Response of Panax ginseng", "An intramolecular charge transfer process based fluorescent probe for monitoring subtle pH fluctuation in living cells"], "学术ID": ["CN-BH74TT4J"]}