{"机构": "枣庄矿业集团枣庄医院", "访问量": "1787", "被引量": "1039", "成果数": "158", "H_指数": "16", "G指数": "24", "期刊": "94.3%", "会议": "4.4%", "专著": "0%", "其他": "1.3%", "合作学者": {"袁力": "泰山医学院", "刘玉金": "上海中医药大学附属岳阳中西医结合医院|上海市第十...", "陈克敏": "上海交通大学医学院附属瑞金医院", "鲁雯": "泰山医学院放射学院"}, "合作机构": {"泰山医学院附属医院": "104", "泰山医学院放射学院": "83", "泰山医学院": "64", "上海交通大学医学院附属瑞金医院": "19", "东南大学附属第二医院": "18", "山东省临沂市人民医院": "10", "上海交通大学附属第六人民医院": "10", "泰山医学院放射系": "8", "解放军88医院": "5", "枣庄矿业集团枣庄医院": "4"}, "文章title": ["硬化性肺泡细胞瘤CT表现与病理对照(附11例分析)", "不典型软骨样脂肪瘤一例", "儿童白血病化疗前后颅脑并发症的MRI征象", "256层螺旋CT在急性冠脉综合征中易损斑块的诊断价值", "多层螺旋CT肠道造影在诊断克罗恩病中的应用", "腹膜后血管瘤1例", "乳腺良恶性病变的影像学特征", "改革传统医学教育模式 提高医学生核心竞争力", "面向\"卓越工程师\"培养的实践教学改革与实践", "联合应用磁共振弥散加权成像和T2加权成像在老年脑血管病急性发病中的价值", "构建生物医学工程专业实践教学体系的思考", "交叉学科视野下复合型医学人才培养", "构建合理的实践教学体系,培养高素质医学物理师", "我国医院影像技术人才队伍现状调查与培养对策研究", "生物医学工程专业毕业设计的探索与实践", "实施大学生创新教育提高大学生创业能力", "循证医学在影像学研究生教学中的应用研究", "循证医学在影像学研究生临床技能训练中的应用研究", "循证医学在影像学研究生教学中的价值", "小肠Crohn病的CT表现分析"], "学术ID": ["CN-BX75JJ6J"]}