{"机构": "西南大学心理学院", "访问量": "8355", "被引量": "4812", "成果数": "282", "H_指数": "33", "G指数": "62", "期刊": "84.4%", "会议": "14.9%", "专著": "0%", "其他": "0.7%", "合作学者": {"彭杜宏": "苏州大学教育学院", "疏德明": "苏州大学教育学院", "刘礼艳": "苏州大学教育学院", "黄颀": "苏州大学教育学院"}, "合作机构": {"苏州大学教育学院": "140", "浙江教育学院": "13", "西南大学教育学院": "10", "聊城大学教育科学学院": "9", "西南大学教育学部": "9", "西南师范大学教科院": "8", "山西师范大学教师教育学院": "7", "江南大学田家炳教育科学学院": "7", "吉林师范大学教育科学学院": "7", "西南大学心理学院": "6"}, "文章title": ["学习策略选择、执行与转换的影响因素探析", "Comparison of Ecological Micro-Expression Recognition in Patients with Depression and Healthy Individuals Citation: Ecological Micro-Expression Recognition", "生态化微表情识别测验EMERT的建立——对JACBART微表情识别测验的改进与发展", "Impact of Response Stimulus Interval on Transfer of Non-local Dependent Rules in Implicit Learning: An ERP Investigation", "问题意识对学业成绩的影响:笔记策略的中介作用——基于大学生笔记文本的内容分析", "fMRI Investigation on Gradual Change of Awareness States in Implicit Sequence Learning", "大学英语优秀者学习策略综合研究", "A Case Study of Team-based Problem Solving Processes: Comparison between Successful and Unsuccessful Teams", "The Difference in Problem Solving Strategy and Internet Use Frequency: A Modified STROOP Task Approach under the Extended Cognition Perspective", "片段再认任务在内隐序列学习研究中的有效性检验", "大学生现代性别偏见问卷编制及现状调查", "内隐序列学习意识的具身机制", "策略转换的成本与顺序效应", "流动儿童心理韧性的内隐与外显研究", "学习材料的背景颜色对认知负荷及学习的影响", "Embodied mechanisms of implicit sequence learning consciousness", "儿童早期工具创新表现及其影响因素与测评", "初中生语文学习策略掌握现状调查与特征分析", "反向对抗逻辑范式的创立与证实——人工语法PDP对抗逻辑的改进", "Anti-opposition logic paradigm: An improvement on the opposition logic in implicit artificial grammar learning"], "学术ID": ["CN-BC75JI9J"]}