{"机构": "浙江大学岩土工程研究所", "访问量": "14761", "被引量": "9656", "成果数": "743", "H_指数": "44", "G指数": "71", "期刊": "84.7%", "会议": "13.2%", "专著": "1.2%", "其他": "0.9%", "合作学者": {"高玉峰": "河海大学岩土工程研究所", "丁选明": "河海大学岩土工程科学研究所", "孔纲强": "河海大学土木与交通学院", "陈育民": "河海大学岩土工程科学研究所|河海大学土木与交通学..."}, "合作机构": {"河海大学岩土工程研究所": "313", "河海大学岩土工程科学研究所": "201", "河海大学岩土力学与堤坝工程教育部重点实验室": "118", "河海大学土木与交通学院": "112", "河海大学岩土力学与堤坝工程教育部重点试验室": "41", "南京工业大学岩土工程研究所": "29", "河海大学": "21", "河海大学环境科学与工程学院": "17", "南京水利科学研究院": "15", "浙江大学岩土工程研究所": "13"}, "文章title": ["Effects of asphalt overlay on XCC pile-supported embankment vibration from a moving vehicle", "Features of non-coaxial strain and modelling of accumulated strain under principal stress rotation induced by train loads in soft clay", "Displacement response of an energy pile in saturated clay", "Similarity Solution for Cavity Expansion in Thermoplastic Soil", "Analytical model for evaluating XCC pile shaft capacity in soft soil by incorporating penetration effects", "Liquefaction resistance of bio-cemented calcareous sand", "Ultimate bearing capacity of energy piles in dry and saturated sand", "Soil arching in highway piled embankments subjected to moving shakedown limit loads", "Multi-Layered Low Strength Geogrid Reinforced Piled Embankment", "Performance of X-shaped and circular pile-improved ground subject to liquefaction-induced lateral spreading", "Thermomechanical Behaviour of Floating Energy Pile Groups in Sand", "压力型可回收式锚杆锚固段应力分布", "排水刚性桩单桩抗液化性能的振动台试验研究", "Model tests on XCC-piled embankment under dynamic train load of high-speed railways", "Shakedown analysis for the evaluation of strength and bearing capacity of multilayered railway structures", "MICP胶结钙质砂动力特性试验研究", "Application of transparent soil model test and DEM simulation in study of tunnel failure mechanism"], "学术ID": ["CN-BE74WCFJ"]}