{"机构": "南方医科大学附属南方医院", "访问量": "7305", "被引量": "3419", "成果数": "549", "H_指数": "27", "G指数": "37", "期刊": "93.8%", "会议": "5.6%", "专著": "0.2%", "其他": "0.4%", "合作学者": {"查道刚": "第一军医大学南方医院", "宾建平": "南方医科大学南方医院", "贾满盈": "第一军医大学南方医院", "刘俭": "第一军医大学南方医院"}, "合作机构": {"第一军医大学南方医院": "1014", "南方医科大学南方医院": "475", "第一军医大学附属南方医院": "44", "广州市第一人民医院": "39", "江门市人民医院": "34", "广州军区广州总医院": "32", "第一军医大学中医系": "26", "第一军医大学珠江医院": "25", "解放军第401医院": "24", "南方医科大学附属南方医院": "21"}, "文章title": ["长脉冲超声联合声学微泡治疗大鼠下肢微动脉血栓栓塞的实验研究", "Nuciferine Alleviates Renal Injury by Inhibiting Inflammatory Responses in Fructose-Fed Rats.", "Drag-reducing polymers increase exercise tolerance in an ischemic hind-limb rat model.", "Meta-analysis of two different surgical treatments of ischaemic mitral regurgitation with the same outcome: mitral valve repair vs mitral valve replacement", "High molecular weight chitosan derivative polymeric micelles encapsulating superparamagnetic iron oxide for tumor-targeted magnetic resonance imaging", "Bulletin Board", "[Preliminary report of using cardiopulmonary exercise testing guide exercise rehabilitation in patients with chronic heart failure].", "Nuciferine restores potassium oxonate-induced hyperuricemia and kidney inflammation in mice", "Association analysis between MTHFR genetic polymorphisms and the risk of congenital heart diseases in Chinese Han population", "对疑似冠心病的胸痛患者无创评估的建议", "GW26-e4017 Intravenous infusion of drag-reducing polymers protects against acute myocardial ischemia and reperfusion injury", "Overexpression of DEK gene is correlated with poor prognosis in hepatocellular carcinoma", "长脉冲超声联合脂质体微泡溶解微血栓的体外实验研究", "减阻剂对犬冠状动脉微循环的影响", "E-cadherin gene promoter hypermethylation may contribute to the risk of bladder cancer among Asian populations", "[Effect of curcumin on radiosensitization of CNE-2 cells and its mechanism].", "长脉冲超声条件下脂质体微泡协同rt-PA溶解微血栓", "超声空化微泡效应促进缺血骨骼肌血管新生的机制", "Differential effects of selective and non-selective nitric oxide synthase inhibitors on the blood perfusion of ischemia-reperfused myocardium in dogs.", "Quercetin and allopurinol reduce liver thioredoxin-interacting protein to alleviate inflammation and lipid accumulation in diabetic rats."]}