{"机构": "东北林业大学", "访问量": "2260", "被引量": "1293", "成果数": "178", "H_指数": "17", "G指数": "27", "期刊": "89.3%", "会议": "9%", "专著": "1.1%", "其他": "0.6%", "合作学者": {"陈文汇": "北京林业大学经济管理学院", "温亚利": "北京林业大学经济管理学院", "罗彦平": "北京林业大学经济管理学院", "邢红": "国家林业局"}, "合作机构": {"北京林业大学经济管理学院": "166", "国家林业局": "16", "北京林业大学": "6", "西南林学院经济管理学院": "5", "南京林业大学": "3", "浙江农林大学经济管理学院": "3", "浙江林学院经济管理学院": "3", "浙江林学院": "2", "华南农业大学经济管理学院": "2", "东北林业大学": "2"}, "文章title": ["数据挖掘算法在野生动物冲突应急阶段划分的应用", "中国林业投资与生态服务价值研究", "黑龙江省森工林区林业用地面积变化及驱动因素分析", "我国国有林场公共产品供给机制研究", "Assessment of the practices and contributions of China's green industry to the socio-economic development", "The forest resources input–output model: An application in China", "林业绿色经济发展评价指标体系研究", "枸杞种植户参与紧密纵向协作的意愿及影响因素分析?", "我国重点国有林区林地面积变化及趋势分析——基于黑龙江森工林区的实证研究", "Survey and analysis of forest land trade centers in southern China: A case study of Jiangxi Province", "基于DEA模型的广西林下经济发展效率研究", "城镇化率核算方法的改进——基于农民工市民化的视角", "农民工市民化难点与新型城镇化战略", "中国国有林场职工的生活满意度及影响因素分析", "我国木材价格波动性分解及影响因素分析", "基于EMD的进口原木价格波动分析及预测研究", "Plantation development: Economic analysis of forest management in Fujian Province, China", "我国木材的投入产出模型及应用研究", "GM(1,1)模型在我国木材市场预测中的应用"], "学术ID": ["CN-BK749DUJ"]}