{"机构": "大连理工大学无损检测研究所", "访问量": "1646", "被引量": "943", "成果数": "68", "H_指数": "17", "G指数": "29", "期刊": "94.1%", "会议": "5.9%", "专著": "0%", "其他": "0%", "合作学者": {"任增元": "大连理工大学高等教育与管理研究所", "潘黎": "辽宁师范大学教育学院", "代玉美": "大连理工大学图书馆", "彭绪梅": "大连海洋大学"}, "合作机构": {"大连理工大学高等教育与管理研究所": "10", "辽宁师范大学教育学院": "10", "大连理工大学图书馆": "8", "大连交通大学": "5", "大连海洋大学": "5", "东北大学秦皇岛分校": "3", "长春理工大学": "3", "大连理工大学人文社会科学学院": "2", "大连理工大学工程力学研究所": "2", "大连理工大学无损检测研究所": "2"}, "文章title": ["基于学科、专业布局的我国普通高校分类的定量研究", "高等艺术教育功能的定位、错位与矫治", "高等艺术教育:机遇、挑战及展望", "论新时期军队研究生教育应坚持和发展的两大特色", "大学去行政化研究进展、争议与展望", "我国高等教育质量保障体系中地方与中央政府权力博弈分析", "“经济人”假设与大学治理的思考", "军队院校研究生招生政策的问题与对策分析", "制度建设是提升大学人才培养质量的基石——学习《教育部关于全面提高高等教育质量的若干意见》", "辽宁省高等教育的发展历程与投资现状", "我经历的“中国学位30年”二三事", "基于制度视角的我国博士研究生教育质量保障机制研究", "个人教育产权与大学治理", "高校和政府对大学生创业的影响探析", "大学教师工作压力研究的进展与问题", "大学潜在制度伦理问题与匡正思考——以“211”、“985”标准的滥用为例", "屈伯川高等教育思想精髓探析——纪念屈伯川先生诞辰100周年", "屈伯川高等教育思想及其在大连理工大学的实践", "研究生品格教育的价值、焦点与路径"], "学术ID": ["CN-BG739QVJ"]}