{"机构": "河南理工大学", "访问量": "862", "被引量": "277", "成果数": "68", "H_指数": "9", "G指数": "14", "期刊": "92.6%", "会议": "7.4%", "专著": "0%", "其他": "0%", "合作学者": {"赵继红": "河南工业大学化学化工学院", "万东锦": "河南工业大学化学化工学院", "刘楠": "河南工业大学化学化工学院", "张迎明": "河南工业大学化学化工学院"}, "合作机构": {"河南工业大学化学化工学院": "73", "河南省正大环境科技咨询工程有限公司": "10", "南京工业大学理学院": "4", "中国科学院生态环境研究中心环境水质学国家重点实验室": "4", "同济大学污染控制与资源化研究国家重点实验室": "4", "郑州市污水净化有限公司": "4", "中国环境科学研究院城市水环境研究室": "3", "郑州市五龙口污水处理厂": "3", "华东师范大学环境科学系": "2", "河南理工大学": "2"}, "文章title": ["Adsorption of low concentration perchlorate from aqueous solution onto modified cow dung biochar: Effective utilization of cow dung, an agricultural waste", "电Fenton氧化去除水中盐酸四环素", "Fenton试剂氧化降解水中的盐酸四环素", "硫自养微生物降解水中低浓度高氯酸盐的研究——反应器效能及微生物种群空间分布", "调理剂对污泥堆肥中微生物影响的研究进展", "泡沫混凝土的研究进展及应用", "Perchlorate reduction by hydrogen autotrophic bacteria and microbial community analysis using high-throughput sequencing", "污泥堆肥中氮素迁移与转化的研究进展", "污泥基生物炭的研究进展", "Simultaneous bio-autotrophic reduction of perchlorate and nitrate in a sulfur packed bed reactor: Kinetics and bacterial community structure", "微生物接种应用于好氧堆肥的研究进展", "芬顿法氧化降解水中茜素红的研究", "SLUDGE COMPOSTING WITH A MODIFIED CARBOXYMETHYLATED CONDITIONER", "Uptake fluoride from water by caclined Mg-Al-CO3 hydrotalcite: Mg/Al ratio effect on its structure, electrical affinity and adsorptive property", "硫自养填充床生物反应器去除水中的高氯酸盐", "碱改性ZSM-5沸石分子筛吸附去除水中Pb的研究", "城镇污水厂污泥好氧堆肥生产管理及土壤改良剂的应用领域"], "学术ID": ["CN-BX73UP4J"]}