{"机构": "华中科技大学同济医学院", "访问量": "327", "被引量": "183", "成果数": "27", "H_指数": "7", "G指数": "13", "期刊": "70.4%", "会议": "18.5%", "专著": "3.7%", "其他": "7.4%", "合作学者": {"王涛": "西北工业大学机电学院", "周兴社": "西北工业大学计算机学院", "黄辉": "西北工业大学管理学院", "燕辉": "西北工业大学图书馆"}, "合作机构": {"西北工业大学图书馆": "17", "西北工业大学计算机学院": "13", "西北工业大学管理学院": "6", "西北工业大学机电学院": "6", "西北工业大学高性能计算研究与发展中心": "4", "西北工业大学网络与分布计算技术研究所": "3", "西北工业大学自动化学院": "2", "航天医学工程研究所": "2", "中山大学信息管理系": "1", "华中科技大学同济医学院": "1"}, "文章title": ["基于可见光通信的图书馆室内导航服务", "基于海量语义数据处理平台LarKC的图书馆信息服务研究", "价值论视角下“智慧与服务”新解读", "基于日志分析的高校用户信息行为研究", "价值论视角下图书馆学科服务能力的建构研究", "学科服务嵌入硕士毕业论文开题与撰写之中——以西北工业大学图书馆为例", "论学科服务中的用户主导性及其价值论启示", "高校学科馆员服务的发展模式研究——以西北工业大学图书馆为例", "我国高校图书馆实行学科馆员制存在的问题和对策研究", "中国高校数字图书馆二十年发展研究", "基于VMware vSphere的图书馆服务器虚拟化研究与应用", "论阅读社会构建中的图书馆价值定位", "嵌入式多任务软件混合自容错机制", "Two-level trust federation model for cross-domain environment", "信息服务系统信息传递模式浅析", "描述逻辑中基于边界的模块提取方法", "基于WCF的异构数据源集成系统的研究和实现", "描述逻辑中基于边界模块的推理方法", "OD: A General Resource Scheduling Algorithm for Computational Grid*"], "学术ID": ["CN-BT73V2JJ"]}