{"机构": "廊坊师范学院外国语学院", "访问量": "1007", "被引量": "717", "成果数": "121", "H_指数": "15", "G指数": "22", "期刊": "95.9%", "会议": "1.7%", "专著": "0%", "其他": "2.4%", "合作学者": {"孟万金": "中央教育科学研究所心理与特殊教育研究部", "彭贤智": "唐山师范学院教育科学研究所", "刘在花": "中央教育科学研究所心理与特殊教育研究部", "韩立娟": "唐山师范学院"}, "合作机构": {"中央教育科学研究所心理与特殊教育研究部": "17", "唐山师范学院教育科学研究所": "10", "北京电子科技职业学院": "10", "唐山师范学院": "9", "江阴职业技术学院": "4", "中国科学院心理研究所": "3", "中国飞行试验研究院": "3", "北京师范大学特殊教育研究所": "2", "南京师范大学教育科学学院": "2", "廊坊师范学院外国语学院": "1"}, "文章title": ["3-5岁汉语儿童叙事能力发展的实验研究", "小学生书面叙事能力的发展研究", "小学语文教学应渗透环保教育", "高中语文古诗词教学内容确定的依据", "苏南高职院校人才培养定位和培养模式的类型分析", "家庭读写支持现状及其对早期读写兴趣、读写能力的影响", "基于职业能力培养的PLC课程开发与实施", "北京地铁直梯通信板改造应用", "婴幼儿早期教育参与情况及其对父母教养方式的影响", "为人师表:中职师德的核心", "高职教育与现代班组长型人才履职素质结构探析", "迎合中职教育转型发展做好一体化教学课堂", "浅谈高职教师的教学设计", "县域高职发展的“玻璃天花板”效应及破解", "有源滤波装置在车站降压变电所中的应用", "微机保护装置接地保护对策及方案研究", "民营企业青工思想状况调研报告——以江阴市为例", "课堂环境与中小学生创造力发展——穆斯(MOOS)社会环境理论在课堂环境中的解读", "4-6岁儿童情绪表达规则认知发展的影响因素研究"], "学术ID": ["CN-B274Y7YJ"]}