{"机构": "武汉大学系统工程研究所", "访问量": "309", "被引量": "149", "成果数": "52", "H_指数": "7", "G指数": "9", "期刊": "88.5%", "会议": "11.5%", "专著": "0%", "其他": "0%", "合作学者": {"孙胜祥": "海军工程大学装备经济管理系", "黄栋": "海军工程大学装备经济管理系", "张怀强": "海军工程大学装备经济管理系", "梁新": "海军工程大学装备经济管理系"}, "合作机构": {"海军工程大学装备经济管理系": "31", "海军工程大学管理工程系": "5", "海军工程大学": "2", "海军工程大学理学院": "2", "海军工程大学导航工程系": "1", "武汉大学系统工程研究所": "1"}, "文章title": ["浅析海因里希法则对施工安全管理的启示", "精英遗传改进的非线性灰色神经网络算子与军费开支多目标组合预测应用", "基于EGA算法的小样本非线性残差灰色Verhulst计量组合预测模型", "Study on the combination evaluation of military resources allocation efficiency", "我国国防支出与经济增长、居民消费的关系实证研究", "非合作博弈视角下稳定军事逆向物流体系构建策略研究", "最优样本子集生成及进化LS-SVM的软件成本预测模型构建", "大型武器装备系统成熟度评估及优化", "军队账户存款结构决策模型研究", "舰船装备钢材耗用量估算方法分析与优化", "装备研制过程中知识产权运用分析", "基于PSO优化LS-SVM的小样本非线性协整检验与建模研究", "基于系统观的装备经济管理内涵研究", "一种用于装备维修器材消耗预测的灰色残差修正模型", "基于资源配置逻辑的国防经济学理论体系探析", "装备采购中知识产权价值评估研究", "基于提高军事代表费用监督胜任力的任职培训课程体系探讨", "基于数据挖掘的舰务器材消耗规律预测"], "学术ID": ["CN-BS74CY2J"]}