{"机构": "中国科学院青海盐湖研究所", "访问量": "20866", "被引量": "18848", "成果数": "2247", "H_指数": "54", "G指数": "88", "期刊": "84.3%", "会议": "9.9%", "专著": "1%", "其他": "4.8%", "合作学者": {"文华": "中国水产科学研究院长江水产研究所", "吴凡": "中国水产科学研究院渔业机械仪器研究所", "田娟": "中国水产科学研究院长江水产研究所", "李亚红": "苏州大学化学化工学院"}, "合作机构": {"中国水产科学研究院长江水产研究所": "292", "上海第二医科大学附属第九人民医院": "204", "中国水产科学研究院黑龙江水产研究所": "168", "中国水产科学研究院渔业机械仪器研究所": "83", "中国医科大学附属第一医院": "63", "苏州大学化学化工学院": "59", "山东农业大学资源与环境学院": "56", "清华大学材料科学与工程系": "52", "中国石油集团钻井工程技术研究院": "48", "中国科学院青海盐湖研究所": "43"}, "文章title": ["Revisiting Connectivity Map from a gene co‑expression network analysis", "Role of the Nod Factor Hydrolase MtNFH1 in Regulating Nod Factor Levels during Rhizobial Infection and in Mature Nodules of Medicago truncatula", "Metabolic Pathway Engineering for High-level Production of 5-Hydroxytryptophan in Escherichia coli", "Household Environmental Exposures during Gestation and Birth Outcomes: A Cross-sectional Study in Shanghai, China", "A DFT Study on CuH-Catalyzed Reductive Relay Hydroamination for Synthesis of Remote-Chiral Amine", "Eight homodinuclear lanthanide complexes prepared from a quinoline based ligand: structural diversity and single-molecule magnetism behaviour", "A series of Ln4III clusters: Dy4 single molecule magnet and Tb4 multi-responsive luminescent sensor for Fe3+, CrO42−/Cr2O72− and 4-nitroaniline", "Bidentate BODIPY-appended 2-pyridylimidazo[1,2- a ]pyridine ligand and fabrication of luminescent transition metal complexes", "POROUS ELECTRODE FOR LITHIUM BATTERY, METHOD OF MANUFACTURING THE SAME, AND LITHIUM BATTERY INCLUDING THE SAME", "Group 4 Complexes Bearing Pyrrolide Ligand for Intramolecular Alkene Hydroamination and Activation of C≡N Bond", "政策工具对农户秸秆还田技术采纳行为的影响效果分析", "Safe Element Screening for Submodular Function Minimization", "The gastric mucosal protective effects of astragaloside IV in mnng-induced GPL rats.", "Mechanisms of Antiulcer Effect of an Active Ingredient Group of Modified Xiao Chaihu Decoction", "Effects of daphnetin combined with Bcl2‑siRNA on antiapoptotic genes in synovial fibroblasts of rats with collagen‑induced arthritis.", "Anti-Helicobacter pylori and Anti-Inflammatory Effects and Constituent Analysis of Modified Xiaochaihutang for the Treatment of Chronic Gastritis and Gastric Ulcer.", "Long- versus short-interval follow-up after resection of hepatocellular carcinoma: a retrospective cohort study.", "饲料蛋白质和脂肪水平对中华鳖生长性能、肌肉质构指标及肝脏相关基因表达的影响", "Effects of dietary coated protease on growth performance, feed utilization, nutrient apparent digestibility, intestinal and hepatopancreas structure in juvenile Gibel carp (Carassius auratus gibelio)"]}