{"机构": "辽宁省丹东市中心医院", "访问量": "236", "被引量": "111", "成果数": "21", "H_指数": "4", "G指数": "10", "期刊": "66.7%", "会议": "33.3%", "专著": "0%", "其他": "0%", "合作学者": {"刘伟": "中石化西南油气分公司", "刘巍": "扬州大学化学化工学院", "李寒莹": "浙江大学高分子科学与工程学系硅材料国家重点实验室", "安玉增": "丹东市中心医院"}, "合作机构": {"日照市人民医院": "4", "浙江大学高分子科学与工程学系硅材料国家重点实验室": "3", "扬州大学化学化工学院": "2", "中石化西南油气分公司": "2", "丹东市中心医院": "1", "山东省临沭县人民医院": "1", "浙江大学高分子科学与工程学系": "1", "浙江大学高分子科学与工程系硅材料国家重点实验室": "1", "徐州市肿瘤医院": "1", "辽宁省丹东市中心医院": "1"}, "文章title": ["120例ICU机械通气老年患者谵妄的原因分析与护理措施", "Gel network incorporation into single-crystals: effects of gel structures and crystal–gel interaction", "Single crystals with incorporated polymer networks and nanoparticles:composite structures and novel properties", "优质护理对重症监护病房患者非计划性拔管的效果观察", "密闭式吸痰技术在预防呼吸机相关肺炎中的应用", "饮食调护原发性痛经", "浅谈健康宣教在护理上的作用", "浅谈术前访视及术后支持护理的重要性", "ICU呼吸机相关性肺炎的预防措施", "CEA和CA19-9在结直肠癌组织中的表达及其临床意义", "ICU护士的规范化培训对护理质量的影响", "老年患者的心理及精神护理", "中风病人中医护理的经验及体会", "ICU护士的压力管理", "ICU病房的护理管理", "手术室护理记录单的应用", "影响临床护理带教管理的因素及对策", "产科一般护理记录单格式化记录的探讨", "机械通气救治危重病人34例体会"], "学术ID": ["CN-BY744Q1J"]}