{"机构": "海南师范学院世界华文散文研究所", "访问量": "1195", "被引量": "580", "成果数": "69", "H_指数": "14", "G指数": "20", "期刊": "91.3%", "会议": "8.7%", "专著": "0%", "其他": "0%", "合作学者": {"刘小新": "福建社会科学院文学研究所", "朱双一": "厦门大学台湾研究中心", "朱立立": "福建师范大学文学院", "戴冠青": "泉州师范学院中文系"}, "合作机构": {"福建社会科学院文学研究所": "7", "福建师范大学文学院": "3", "厦门大学台湾研究中心": "2", "福建师范大学社会历史学院": "1", "泉州师范学院中文系": "1", "厦门市闽南文化研究所": "1", "华侨大学文学院": "1", "暨南大学文学院": "1", "漳州师范学院中文系": "1", "海南师范学院世界华文散文研究所": "1"}, "文章title": ["长篇说唱《过番歌》的文化冲突和劝世主题——《过番歌》研究之三", "闽南文化研究国际笔谈会论点选载", "刘登翰作品", "小诗大世界——序泰华《小诗磨坊》第六集", "《鱼尾狮之歌》读后", "论闽南文化——关于类型、形态、特征的几点辨识", "骰声灯影背后的澳门", "“五四精神”与台湾文学的发展", "文化生态保护的几点理论思考", "论海峡文化", "生命精神的青春绽放——秦岭雪诗集《情纵红尘》序", "星宇苍桑的那轮古月——古月诗集《浮生》序", "论海峡文化", "双重经验的跨域书写——美国华文文学研究的几个关键词", "闽南文化与闽南文化生态保护", "美华文学的历史开篇", "《世界华文文学解读》序", "移民、双重经验与越界书写——《20世纪美华文学史论》小引"], "学术ID": ["CN-BD74H5PJ"]}