{"机构": "陕西省第一聋哑学校", "访问量": "1079", "被引量": "555", "成果数": "52", "H_指数": "13", "G指数": "22", "期刊": "92.3%", "会议": "7.7%", "专著": "0%", "其他": "0%", "合作学者": {"杨玉凤": "西安交通大学第二医院", "姚凯南": "西安交通大学第二医院", "洪琦": "深圳市宝安区妇幼保健院", "雷晓梅": "西安交通大学医学院第二附属医院"}, "合作机构": {"西安交通大学第二医院": "78", "西安交通大学医学院第二附属医院": "35", "深圳市宝安区妇幼保健院": "15", "陕西省西安幼儿园": "5", "西安交通大学医学院": "5", "西安医科大学第二附属医院": "5", "西安交通大学医学院第一附属医院": "4", "西安市第四医院": "3", "西安市第二保育院": "2", "陕西省第一聋哑学校": "2"}, "文章title": ["注意缺陷多动障碍与多巴胺转运体基因的关联分析", "儿童社会适应能力的发展研究", "学龄前儿童社会适应能力的影响因素", "302名医学生创造力及个性特征分析", "注意缺陷多动障碍儿童补充DHA效果评价", "持续性注意测试与DSM-Ⅳ在诊断注意缺陷多动障碍中的意义", "2-3岁行为问题儿童的气质特点研究", "二十二碳-6烯酸对ADHD儿童神经生化因素的调控作用研究", "[Effects of Montessori education on the intellectual development in children aged 2 to 4 years]", "蒙氏教育法对2～4岁儿童智力发育的影响", "[Creativity and personality analysis in 302 medical students using personality questionnaires].", "西安地区注意缺陷多动障碍与HLA-DRB1基因的相关性研究", "注意缺陷多动障碍儿童自我意识水平的对照研究", "302名医学生艾森克人格问卷关于解释图的研究与心理干预工作的开展", "二十二碳-6烯酸对ADHD儿童神经递质的影响", "中学生艾森克个性问卷调查及影响因素研究", "主干家庭儿童个性和学习成绩的对照研究", "家庭环境和个性对小学生学习成绩的影响研究", "单亲家庭儿童个性和学习成绩研究"], "学术ID": ["CN-B675D86J"]}