{"机构": "海军总医院", "访问量": "13735", "被引量": "8389", "成果数": "1001", "H_指数": "35", "G指数": "53", "期刊": "91.3%", "会议": "7.8%", "专著": "0.1%", "其他": "0.8%", "合作学者": {"王东胜": "解放军总医院", "鄂玲玲": "解放军总医院", "胡敏": "解放军总医院", "吴霞": "北京军区总医院"}, "合作机构": {"解放军总医院": "1759", "北京军区总医院": "78", "第四军医大学口腔医学院": "74", "武警总医院": "73", "北京大学力学与工程科学系": "59", "解放军306医院": "47", "首都医科大学附属北京口腔医院": "41", "空军总医院": "34", "军事医学科学院基础医学研究所": "30", "海军总医院": "26"}, "文章title": ["美容口腔科(牙科)主诊医师备案培训大纲(第二版修改稿)", "Patients with Chronic Obstructive Pulmonary Disease Suffer from Worse Periodontal Health—Evidence from a Meta-Analysis", "种植体表面涂层制备技术及其对骨质疏松下骨结合的影响研究进展", "上颌骨结构变化对老年人种植修复的影响", "Association between TGF-β1 Polymorphisms and Head and Neck Cancer Risk: A Meta-Analysis", "Osseointegration of layer-by-layer polyelectrolyte multilayers loaded with IGF1 and coated on titanium implant under osteoporotic condition:", "GMSC-Derived Exosomes Combined with a Chitosan/Silk Hydrogel Sponge Accelerates Wound Healing in a Diabetic Rat Skin Defect Model", "上颌骨缺损患者与完整牙列健康人咀嚼运动时脑血流的对照研究", "人工种植牙载药方式及材料的研究进展", "胰岛素、雌激素和培养时间对新生大鼠下颌骨成骨细胞增殖的影响", "Surface Modification of Dental Titanium Implant by Layer-by-Layer Electrostatic Self-Assembly", "Post-operative Bleeding Risk in Dental Surgery for Patients on Oral Anticoagulant Therapy: A Meta-analysis of Observational Studies", "生长停滞特异性基因6在肿瘤研究中的进展", "我国口腔修复领域三维打印的研究与应用展望", "钽及多孔钽表面改性技术在组织工程学及口腔医学的研究进展", "大鼠面神经钳夹损伤后蛋白质组学研究", "高龄老年人牙髓干细胞分离培养与生物学特性分析实例报告", "第十二届全国口腔美容医学大会暨第一届北京国际口腔美容医学大会会议纪要", "上颌骨缺损患者赝复体修复后咀嚼运动的脑血流对照研究"]}