{"机构": "山东建筑大学计算机科学与技术学院", "访问量": "2496", "被引量": "1558", "成果数": "223", "H_指数": "19", "G指数": "30", "期刊": "78.9%", "会议": "16.1%", "专著": "2.2%", "其他": "2.8%", "合作学者": {"朱振方": "山东交通学院信息科学与电气工程|山东师范大学信息...", "李凤银": "曲阜师范大学计算机学院", "杨玉珍": "山东师范大学信息科学与工程学院", "公伟": "山东师范大学信息科学与工程学院"}, "合作机构": {"山东师范大学信息科学与工程学院": "153", "曲阜师范大学计算机学院": "14", "山东警察学院": "12", "山东师范大学": "11", "山东师范大学计算机科学系": "11", "山东省分布式计算机软件新技术重点实验室": "6", "云南省昆明市宜良县妇幼保健中心": "6", "哈尔滨工程大学自动化学院": "3", "曲阜师范大学资产管理处": "3", "山东建筑大学计算机科学与技术学院": "3"}, "文章title": ["基于TextRank的自动摘要优化算法", "基于相关信息熵和粒子群算法的特征选择方法", "An Improved FP-Tree Algorithm for Mining Maximal Frequent Patterns", "An Advertising Spreading Model for Social Networks", "Fine-Grained Sentiment Analysis Based on Sentiment Disambiguation", "融合物质扩散热传导和时间效应的推荐算法", "基于吸引子传播聚类的改进双通道CNN短文本分类算法", "基于语境情感消岐的评论倾向性分析", "Improved biogeography-based optimization algorithm based on local-decision domain of glowworm swarm optimization", "An Attention-Based Syntax-Tree and Tree-LSTM Model for Sentence Summarization", "A text clustering algorithm based on find of density peaks.", "Evidence Theory Fusion Method Based on Variable Granulation Rough Set", "Improved Biogeography-Based Optimization Based on Affinity Propagation", "基于热度联合排序的微博热点话题发现", "基于负载均衡和冗余剪枝的并行FP-Growth算法", "一种基于密度峰值发现的文本聚类算法", "基于核心用户对发现的微博好友推荐算法", "An improved mixed-type data based kernel clustering algorithm", "A Self-Adaptive Fuzzy c-Means Algorithm for Determining the Optimal Number of Clusters"], "学术ID": ["CN-BJ74CB7J"]}