{"机构": "北京大学生物系", "访问量": "6055", "被引量": "6544", "成果数": "255", "H_指数": "34", "G指数": "78", "期刊": "86.7%", "会议": "4.7%", "专著": "1.2%", "其他": "7.4%", "合作学者": {"王海芳": "上海大学纳米化学与生物学研究所", "王祥云": "北京大学技术物理系", "吴永慧": "北京大学技术物理系", "孙红芳": "北京大学技术物理系"}, "合作机构": {"北京大学技术物理系": "255", "上海大学纳米化学与生物学研究所": "163", "北京大学化学与分子工程学院": "73", "西南民族大学化学与环境保护工程学院": "52", "北京大学公共卫生学院": "40", "北京大学重离子物理研究所": "35", "解放军总医院": "28", "上海大学射线应用研究所": "20", "中国科学院高能物理研究所": "11", "北京大学生物系": "11"}, "文章title": ["Silica nanoparticle with a single His-tag for addressable functionalization, reversible assembly, and recycling", "Intestinal injury alters tissue distribution and toxicity of ZnO nanoparticles in mice", "Metal-Free Synthesis of 1,2,4-Triazines via a Coupled Domino Process in One-Pot", "Comparing Toxicity of Alumina and Zinc Oxide Nanoparticles on the Human Intestinal Epithelium In Vitro Model", "Biological Behaviors and Chemical Fates of Ag 2 Se Quantum Dots in Vivo: Effect of Surface Chemistry", "Biological behaviors and chemical fates of Ag2Se quantum dots in vivo: the effect of surface chemistry", "Biological effects of agglomerated multi-walled carbon nanotubes", "Genotoxicity Study on Nicotine and Nicotine-Derived Nitrosamine by Accelerator Mass Spectrometry", "A Facile Microwaving Method to Turn Titanium Oxide Into Highly Active Ti3+ Self-Doped Structure", "Toxicological Effects of Caco-2 Cells Following Short-Term and Long-Term Exposure to Ag Nanoparticles:", "The decay of 251Bk", "Low toxicity and accumulation of zinc oxide nanoparticles in mice after 270-day consecutive dietary supplementation", "Enhanced bactericidal toxicity of silver nanoparticles by antibiotic gentamicin", "Interaction of multi-walled carbon nanotubes and zinc ions enhances cytotoxicity of zinc ions", "Efficient Z-scheme photocatalyst from simultaneous decoration of In 2 S 3 nanosheets and WO 3 nanorods on graphene sheets", "Fluorescent protein-based multi-functional nanoparticles for bioimaging and drug delivery", "2. Identification and Detection of Carbon Nanomaterials in Biological Systems", "Blockade of oral tolerance to ovalbumin in mice by silver nanoparticles", "Preparation of 186Re and 188Re with high specific activity by the Szilard–Chalmers effect", "Chitosan-coated red fluorescent protein nanoparticle as a potential dual-functional siRNA carrier."], "学术ID": ["CN-BS73VLPJ"]}