{"机构": "合肥市第二人民医院", "访问量": "1414", "被引量": "1340", "成果数": "147", "H_指数": "20", "G指数": "30", "期刊": "95.9%", "会议": "1.4%", "专著": "0%", "其他": "2.7%", "合作学者": {"颜志平": "复旦大学附属中山医院", "王建华": "北京军区总医院", "罗剑钧": "复旦大学附属中山医院", "龚高全": "复旦大学附属中山医院"}, "合作机构": {"复旦大学附属中山医院": "560", "北京军区总医院": "112", "浙江省肿瘤医院": "9", "解放军总医院": "8", "空军总医院": "6", "河南省商丘市第一人民医院": "6", "宁波市第一医院": "4", "华中科技大学同济医学院附属同济医院": "4", "河北北方学院附属第一医院": "3", "合肥市第二人民医院": "3"}, "文章title": ["Malignant obstructive jaundice treated with intraluminal placement of Iodine-125 seed strands and metal stents: An analysis of long-term outcomes and prognostic features.", "Treatment of Hepatocellular Carcinoma with Tumor Thrombus with the Use of Iodine-125 Seed Strand Implantation and Transarterial Chemoembolization: A Propensity-Score Analysis", "Combined endovascular brachytherapy, sorafenib, and transarterial chemobolization therapy for hepatocellular carcinoma patients with portal vein tumor thrombus", "Endovascular brachytherapy combined with portal vein stenting and transarterial chemoembolization improves overall survival of hepatocellular carcinoma patients with main portal vein tumor thrombus", "肝癌伴下腔静脉癌栓行TACE联合下腔静脉放射性支架或裸支架治疗的对照研究", "Brachytherapy with Iodine-125 seeds strand for treatment of main portal vein tumor thrombi: an experimental study in a rabbit model", "TACE Combined with Implantation of Irradiation Stent Versus TACE Combine with Bare Stent for HCC Complicated by IVCTT.", "A pilot study of intraluminal brachytherapy using 125I seed strand for locally advanced pancreatic ductal adenocarcinoma with obstructive jaundice", "TACE联合栓塞肿瘤肝外侧支循环与单纯肝动脉TACE疗效比较", "支架联合~(125)I粒子条植入治疗肝癌所致下腔静脉恶性梗阻20例", "Endovascular brachytherapy combined with stent placement and TACE for treatment of HCC with main portal vein tumor thrombus", "Transcatheter arterial chemoembolization with gemcitabine and oxaliplatin for the treatment of advanced biliary tract cancer", "Evaluation of extrahepatic collateral arteries in hepatocellular carcinoma in three independent groups in a single center", "经动脉灌注化疗联合125I粒子条治疗原发性肝癌合并门脉癌栓的疗效分析", "植入性门静脉主干癌栓兔模型建立及评估", "原发性肝癌伴门静脉主干癌栓患者存活超5年1例并文献复习", "栓塞肝动脉-门静脉瘘在TACE联合门静脉支架治疗肝癌伴门静脉癌栓中的临床意义"]}