{"机构": "西华大学机械工程与自动化学院", "访问量": "195", "被引量": "86", "成果数": "4", "H_指数": "3", "G指数": "0", "期刊": "75%", "会议": "0%", "专著": "0%", "其他": "25%", "合作学者": {"黄惟公": "西华大学机械工程与自动化学院", "邓成中": "西华大学机械工程与自动化学院"}, "合作机构": {"西华大学机械工程与自动化学院": "4"}, "文章title": ["基于WinCE&ARM的嵌入式工业监控系统的开发", "基于嵌入式ARM＆WinCE的小型监控系统的设计", "基于ARM&Linux嵌入式技术在工业监控系统中的应用研究", "基于ARM & Linux的网络化监控系统的设计"], "学术ID": ["CN-B975CQOJ"]}