{"机构": "河北医科大学第一医院", "访问量": "108", "被引量": "55", "成果数": "26", "H_指数": "3", "G指数": "6", "期刊": "96.2%", "会议": "3.8%", "专著": "0%", "其他": "0%", "合作学者": {"廖志武": "广西钦州市第一人民医院", "陆华": "广西钦州市第一人民医院", "郑伟": "广西钦州市第一人民医院", "吴天俊": "广西钦州市第一人民医院"}, "合作机构": {"广西钦州市第一人民医院": "95", "中山大学附属第二医院": "5", "广西壮族自治区人民医院": "2", "河北医科大学第一医院": "1"}, "文章title": ["微通道与标准通道经皮肾镜取石术治疗肾结石的系统评价", "中心静脉导管在经皮肾穿刺造瘘术中的应用", "肾镜经皮膀胱造瘘治疗小儿膀胱结石21例的临床体会", "微创经皮肾镜的各种手术体位概况分析", "肾镜联合前列腺电切鞘治疗膀胱结石临床体会", "腹腔镜肾上腺肿瘤切除术的临床应用价值研究", "腹腔镜手术治疗精索静脉曲张临床应用体会", "双J管表面结石的超声诊断价值", "3种精索静脉结扎术式治疗精索静脉曲张疗效分析", "螺旋CT血管成像技术在肾部分切除术中对肾动脉的评估价值", "超声引导经皮肾穿刺逆向追踪法治疗复杂性肾结石的临床应用", "超声引导经皮肾穿刺逆向追踪法治疗复杂性肾结石的临床应用", "斑马导丝引导下经皮肾镜治疗肾盏残余结石", "单用B超定位微创经皮肾镜碎石术治疗上尿路结石", "超声引导经皮肾穿刺取石术治疗重复肾并上尿路结石的临床应用", "硬膜外腔微泵输注用于TURP术患者术后镇痛", "C臂X线定位微创经皮肾镜碎石术治疗上尿路结石", "超声在经皮肾穿刺取石术治疗上尿路结石中的临床应用", "带蒂阴囊纵隔皮瓣代尿道治疗复杂性尿道狭窄18例报告", "丝裂霉素C术中膀胱粘膜下注射加术后膀胱内灌注预防膀胱肿瘤术后复发的研究"], "学术ID": ["CN-B574XM4J"]}