{"机构": "北京交通大学生物医学工程系", "访问量": "3596", "被引量": "2368", "成果数": "338", "H_指数": "23", "G指数": "32", "期刊": "72.5%", "会议": "24%", "专著": "3%", "其他": "0.5%", "合作学者": {"明东": "天津大学精密仪器与光电子工程学院", "綦宏志": "天津大学精密仪器与光电子工程学院", "张力新": "天津大学精密仪器与光电子工程学院", "胡勇": "香港大学骨科学系"}, "合作机构": {"天津大学精密仪器与光电子工程学院": "584", "天津大学生物医学工程与科学仪器系": "80", "邓迪大学运动分析研究所": "66", "香港大学骨科学系": "56", "天津大学": "38", "天津大学精仪学院": "30", "中国医学科学院生物医学工程研究所": "26", "天津理工学院光电信息与电子工程系": "21", "中国医学科学院北京协和医学院生物医学工程研究所": "21", "北京交通大学生物医学工程系": "19"}, "文章title": ["面向运动想象脑-机接口的样本筛选在线分类器更新策略研究", "面向康复与辅助应用的脑-机接口趋势与展望", "Review of Walk Assistant Exoskeleton Technology: Human-machine Interaction", "EEG-based emotion recognition using nonlinear feature", "Enhanced spontaneous functional connectivity of the superior temporal gyrus in early deafness", "Use of a steady-state baseline to address evoked vs. oscillation models of visual evoked potential origin", "Effects of Temporal Congruity between Auditory and Visual Stimuli Using Rapid Audio-visual Serial Presentation.", "INCORPORATION OF INTER-SUBJECT INFORMATION TO IMPROVE THE ACCURACY OF SUBJECT-SPECIFIC P300 CLASSIFIERS", "Towards an effective cross-task mental workload recognition model using electroencephalography based on feature selection and support vector machine regression", "精神障碍疾病的神经生理信号复杂度研究进展", "基于虚拟现实环境的脑机接口技术研究进展", "基于稳态基线调制的事件相关电位神经机制模型研究", "基于生理信号的情绪识别研究进展", "体脑疲劳交互影响及神经机制研究进展", "基于偏定向相干性（PDC）的脑卒中后抑郁症患者脑网络研究", "Neural complexity in patients with poststroke depression: A resting EEG study", "Inter-subject information contributes to the ERP classification in the P300 speller", "缺血性脑卒中患者脑电信号的样本熵特征分析"], "学术ID": ["CN-B574FECJ"]}