{"机构": "华中科技大学", "访问量": "563", "被引量": "225", "成果数": "60", "H_指数": "8", "G指数": "11", "期刊": "91.7%", "会议": "5%", "专著": "1.7%", "其他": "1.6%", "合作学者": {"陈明益": "华中科技大学哲学系", "兰智高": "黄冈师范学院物理系", "殷正坤": "华中科技大学哲学系", "马兰": "华中科技大学哲学系"}, "合作机构": {"华中科技大学哲学系": "18", "黄冈师范学院物理系": "3", "上海交通大学科学史系": "1", "上海师范大学人文与传播学院": "1", "武钢大学学报编辑部": "1", "武汉大学哲学学院": "1", "湖北大学哲学学院": "1", "华中科技大学": "1"}, "文章title": ["量子同一性的禁自返逻辑解释及相关问题", "雷歇尔的辩证法思想探析——过程的辩证法与辩证的过程论", "从道义逻辑看“是”与“应该是”的关系", "量子视域：意识研究的新进路", "论赞威尔的折中形式主义自然美学", "一元算符逻辑理论四探——毕克霍夫-冯·诺依曼量子逻辑存疑", "伽利略的原子论思想——近代科学革命的形而上学基础", "真值函数与非真值函数的等值变换——一元算符逻辑理论五探", "量子逻辑、量子悖论与量子疑难", "再问“钱学森之问”——浅思中国教育改革之路", "基于广义科学哲学的中医本性新解读", "一元算符逻辑理论二探 ――一元算符完全性视野下的道义逻辑研究", "现代模态逻辑的形式分析初步———魔态羽翼的跨世界逃逸与“刑师”分析下的在劫难逃", "语言、实在与规则——简论塞尔的社会哲学", "“双刃剑”与科学技术的两面性", "经典逻辑命题联结词的泛函分析初探——一元算符是否可能穷尽?", "科技文化视野下的两型社会分析", "休闲的分析", "休闲的分析"], "学术ID": ["CN-BD740V0J"]}