{"机构": "西安工业大学电子信息工程学院", "访问量": "567", "被引量": "240", "成果数": "81", "H_指数": "9", "G指数": "12", "期刊": "84%", "会议": "13.6%", "专著": "0%", "其他": "2.4%", "合作学者": {"万伟": "西北工业大学电子工程系", "赵雨辰": "西北工业大学电子信息学院", "赵惠玲": "西北工业大学电子信息学院", "郑文泉": "西北工业大学电子信息学院"}, "合作机构": {"西北工业大学电子信息学院": "51", "西北工业大学电子工程系": "25", "西北工业大学": "7", "西安交通大学": "5", "西北大学": "3", "北京遥测技术研究所": "3", "中国航空工业发展研究中心": "2", "首都医科大学附属北京安定医院": "1", "中国航空无线电电子研究所": "1", "西安工业大学电子信息工程学院": "1"}, "文章title": ["Transverse Focal Shift in Vortex Beams", "基于梯形-复化Gauss积分的赋形反射面天线远场快速分析", "基于阵元相位调控的天线罩瞄准误差快速优化", "抛物面天线小形变赋形及波束重构方法", "EFFICIENT MULTI-OBJECTIVE OPTIMIZATION OF FREQUENCY SELECTIVE RADOME WITH NONUNIFORM WALL THICKNESS", "天线罩表面复杂区域的仿真有效性研究", "具有散射对消功能的赋形阵列天线优化", "等效模型误差对蜂窝吸波结构设计结果的影响", "同轴馈电微带天线输入阻抗的高效精确计算", "一种新型混合优化算法及其在星载多波束天线赋形中的应用", "多元随机误差对频率选择表面电磁特性的影响", "一种新型双频微带反射阵的设计", "微带结构索莫非积分的快速精确计算", "Curvature limitation in local planar approximation of radome", "一种新型单层微带反射阵天线单元的分析", "基于迭代NUFFT的不等距阵列天线低副瓣方向图综合", "一种双层微带反射阵天线单元设计及应用", "基于自适应算法的带罩阵列天线方向图综合"]}