{"机构": "内蒙古工业大学信息工程学院", "访问量": "416", "被引量": "399", "成果数": "39", "H_指数": "10", "G指数": "19", "期刊": "64.1%", "会议": "28.2%", "专著": "5.1%", "其他": "2.6%", "合作学者": {"陈昕": "中国科学技术大学电子工程与信息科学系", "向旭东": "北京科技大学计算机与通信工程学院", "林闯": "清华大学计算机科学与技术系", "孟坤": "清华大学计算机科学与技术系"}, "合作机构": {"清华大学计算机科学与技术系": "25", "中国科学技术大学电子工程与信息科学系": "24", "北京科技大学计算机与通信工程学院": "16", "中航工业洛阳电光设备研究所": "3", "天津市第一中心医院": "2", "北京交通大学": "1", "中国电子科技集团公司": "1", "大连医科大学附属二院": "1", "北京信息科技大学": "1", "内蒙古工业大学信息工程学院": "1"}, "文章title": ["Dynamic bidding in spot market for profit maximization in the public cloud", "Joint Cooling and Server Control in Data Centers: A Cross-Layer Framework for Holistic Energy Minimization", "A temperature-aware resource management algorithm for holistic energy minimization in data centers", "Reducing the VM rental cost in the cloud spot market", "Reactive Pricing: An Adaptive Pricing Policy for Cloud Providers to Maximize Profit", "Temperature-Aware Adaptive Cooling and Server Control for Green Data Centers", "Toward the Association Rules of Meteorological Data Mining Based on Cloud Computing", "TSM: Efficient Thermal and Server Management for Greening Data Centers", "AB INITIO CALCULATION FOR THE SPIN-ORBIT SPLITTINGS OF THE NITRATE RADICAL (NO3)", "Performability analysis of avionics system with multilayer hm/fm using stochastic petri nets", "A dynamic programming approximation for downlink channel allocation in cognitive femtocell networks.", "具有并行信道的认知无线网络性能评价研究", "机载视频点播服务中的路由请求算法研究", "A Stochastic Network Calculus Approach for Performance Evaluation of Wired-cum-wireless Networks over FAN", "计算机系统与计算机网络中的动态优化:模型、求解与应用", "A stochastic network calculus approach for the end-to-end delay analysis of LTE networks", "Dynamic Optimization in Computer Systems and Computer Networks:Models, Solutions, and Applications", "基于随机网络演算的LTE网络端到端时延分析", "Delay analysis for cognitive radio networks with parallel Markov modulated on-off channels", "Optimization Approaches for QoS in Computer Networks: A Survey"], "学术ID": ["CN-BL75FPUJ"]}