{"机构": "上海市农业科学院食用菌研究所", "访问量": "594", "被引量": "133", "成果数": "53", "H_指数": "6", "G指数": "10", "期刊": "71.7%", "会议": "15.1%", "专著": "0%", "其他": "13.2%", "合作学者": {"于达仁": "哈尔滨工业大学", "刘金福": "哈尔滨工业大学能源科学与工程学院", "郭钰锋": "哈尔滨工业大学", "胡清华": "哈尔滨工业大学"}, "合作机构": {"哈尔滨工业大学": "52", "哈尔滨工业大学能源科学与工程学院": "29", "达拉特发电厂": "2", "石家庄信息工程职业学院": "2", "上汽通用五菱汽车股份有限公司": "2", "国网电力科学研究院": "2", "哈尔滨工业大学电气工程系": "2", "西安电子科技大学综合业务网国家重点实验室": "1", "河北国华定洲发电有限责任公司": "1", "上海市农业科学院食用菌研究所": "1"}, "文章title": ["适用于高风电渗透率电力系统的火电机组一次调频策略", "The analysis of turbulence intensity based on wind speed data in onshore wind farms", "火电汽轮机高调门调频能力的实时评估方法", "Analysis of wind power intermittency based on historical wind power data", "基于自相关分析的风速最佳预报长度度量方法研究", "Multi-scale DBNs regression model and its application in wind speed forecasting", "Overview of wind power intermittency: Impacts, measurements, and mitigation solutions", "Frequent pattern extraction based on data and prior knowledge fusion in gas turbine combustion system", "由高调门特性问题引发的汽轮机负荷失控故障诊断", "Performance monitoring of steam turbine regenerative system based on extreme learning machine", "Early Fault Detection of Hot Components in Gas Turbines", "Study on failure characteristics and solutions for large turbine load oscillation", "A universal power-law model for wind speed uncertainty", "基于修正相似度的微博社会化推荐系统构建方法研究", "基于混合型深信度网络的风速日前预测研究", "Variogram time-series analysis of wind speed", "风电场风速特性及不确定性模型研究", "大功率汽轮机高压级非定常特性计算研究"], "学术ID": ["CN-BJ73087J"]}