{"机构": "中国航空工业发展研究中心", "访问量": "861", "被引量": "312", "成果数": "66", "H_指数": "11", "G指数": "15", "期刊": "87.9%", "会议": "12.1%", "专著": "0%", "其他": "0%", "合作学者": {"万国宾": "西北工业大学电子信息学院", "侯新宇": "西北工业大学电子信息学院", "尹文言": "西北工业大学", "赵惠玲": "西北工业大学电子信息学院"}, "合作机构": {"西北工业大学电子信息学院": "62", "西北工业大学": "15", "西安交通大学": "9", "武汉科技大学医学院": "9", "西北工业大学航天学院": "7", "西北工业大学航天工程学院": "4", "西北工业大学凝固技术国家重点实验室": "3", "武汉科技大学应用化学研究所": "3", "北京化工大学化工资源有效利用国家重点实验室": "2", "中国航空工业发展研究中心": "2"}, "文章title": ["双层错位频率选择表面的电磁特性分析", "Persistent sodium current and Na+/H+ exchange contributes to the augmentation of the reverse Na+/Ca2+ exchange during hypoxia or acute ischemia in ventricular myocytes", "Calmodulin kinase II and protein kinase C mediate the effect of increased intracellular calcium to augment late sodium current in rabbit ventricular myocytes", "A Multi-Dimensional Adaptive Sampling Method for Analysis and Design of Frequnecy Selective Surface with Arbitrary Element", "频率选择表面电磁特性的多元自适应采样分析", "Increased intracellular calcium concentration causes electrical turbulence in guinea pig ventricular myocytes.", "基于ARM9的无人机多通道数据记录仪", "Abstract 20283: Calmodulin Kinase and Protein Kinase C Mediate the Effect of Increased Intracellular Calcium to Augment Late Sodium Current in Ventricular Myocytes", "基于Bayes自助法的小子样命中精度评估", "Dispersion effect of substrates on the scanning behavior of chirostrip dipole antenna", "二维带罩相控阵天线的辐射特性研究", "各向异性介质涂覆曲面导体目标的散射", "一种分析多层周期阵列结构的有效方法", "双负材料对多层介质的传输特性影响研究", "三维时域有限元-边界元方法中奇异积分计算", "背腔双负微带天线的仿真与实验研究", "双层介质周期漏波天线的辐射特性分析", "带罩天线散射计算的子平面波技术", "缝隙阵列天线DOA估计的互耦影响与修正", "METHOD ON DESIGNING AND TRAINING OF ARTIFICIAL NEURAL NETWORK BASED ON GENETIC ALGORITHM基于遗传算法设计和训练人工神经网络的方法"]}