{"机构": "大连理工大学建筑与艺术学院", "访问量": "1261", "被引量": "626", "成果数": "50", "H_指数": "11", "G指数": "24", "期刊": "76%", "会议": "14%", "专著": "0%", "其他": "10%", "合作学者": {"欧进萍": "哈尔滨工业大学土木工程学院", "周晶": "南京大学工程管理学院", "孙爱伏": "同济大学建筑工程系", "冯新": "大连理工大学海岸与近海工程国家重点实验室"}, "合作机构": {"哈尔滨工业大学土木工程学院": "44", "哈尔滨工业大学深圳研究生院": "6", "同济大学建筑工程系": "4", "大连理工大学海岸与近海工程国家重点实验室": "4", "南京大学工程管理学院": "4", "大连理工大学": "4", "大连理工大学建设工程学部": "3", "上海市政工程设计研究院": "1", "大连理工大学建筑与艺术学院": "1"}, "文章title": ["Smart aggregates for monitoring stress in structural lightweight concrete", "剪应力监测压电智能骨料的标定试验", "Damage monitoring of the RC frame shaking table test and comparison with FEM results", "Feasibility of SA–based concrete seismic stress monitoring for high-strength concrete", "A beam–column joint element for analysis of reinforced concrete frame structures", "Experimental investigations on seismic damage monitoring of concrete dams using distributed lead zirconate titanate sensor network", "压电智能骨料对动载作用下混凝土损伤的监测", "Smart aggregate-based seismic stress monitoring system using a specially designed charge amplifier", "压电智能骨料激励应力波在混凝土中传播规律", "结构缝对高碾压混凝土拱坝地震破坏机理影响的试验研究", "结构缝对高碾压混凝土拱坝地震破坏机理影响的试验研究", "利用压电传感器的仿真混凝土损伤探测研究", "The Effect of Local Structure on the Performance of Curved Steel Box Girder Bridge", "Vehicle load monitoring for asphalt concrete pavement based on smart aggregates", "基于压电智能骨料的沥青混凝土路面车辆动态荷载监测", "浅谈大体积砼温度裂缝的影响因素及控制措施", "地震过程剪应力监测压电智能骨料", "地震过程剪应力监测压电智能骨料", "高层钢结构基于均匀损伤设计的整体抗震能力提高方法", "高层钢框架结构的薄弱层加强与最弱失效模式控制"], "学术ID": ["CN-BU7364PJ"]}