{"机构": "北京交通大学", "访问量": "2206", "被引量": "1219", "成果数": "73", "H_指数": "16", "G指数": "34", "期刊": "87.7%", "会议": "4.1%", "专著": "0%", "其他": "8.2%", "合作学者": {"马月辉": "中国农业科学院北京畜牧兽医研究所", "关伟军": "中国农业科学院北京畜牧兽医研究所", "胡红刚": "北京交通大学理学院", "张涌": "西北农林科技大学生物工程研究所"}, "合作机构": {"中国农业科学院北京畜牧兽医研究所": "80", "北京大学生命科学学院": "32", "北京交通大学理学院": "23", "军事医学科学院输血研究所": "15", "山西农业大学动物科技学院": "13", "西北农林科技大学生物工程研究所": "10", "北京交通大学理学院生命科学与生物工程研究院": "10", "军事医学科学院放射医学研究所": "10", "安徽医科大学免疫学教研室": "8", "北京交通大学": "7"}, "文章title": ["Inhibitory Effect and Mechanism of Mesenchymal Stem Cells Cultured in 3D System on Hepatoma Cells HepG2", "Inhibitory effect and molecular mechanism of mesenchymal stem cells on NSCLC cells.", "The Inhibitory Effect of Mesenchymal Stem Cells with rAd-NK4 on Liver Cancer", "Inhibitory effect of genetically engineered mesenchymal stem cells with Apoptin on hepatoma cells in vitro and in vivo.", "Regulation of DEK expression by AP-2α and methylation level of DEK promoter in hepatocellular carcinoma", "Discover, Develop & Validate--Advance and Prospect of Tumor Biomarkers.", "以《细胞生物学》课程为依托开展生物学研究生科研素质训练", "Cadmium contamination of rice from various polluted areas of China and its potential risks to human health", "PBL教学模式在研究生“细胞生物学”教学中的应用", "Inhibitory effect and mechanism of mesenchymal stem cells on liver cancer cells.", "间充质干细胞抑制肿瘤细胞增殖机制的研究进展", "凋亡素诱导细胞凋亡的机制及其在肿瘤治疗中的应用", "Biological characterization of chicken mesenchymal stem/progenitor cells from umbilical cord Wharton’s Jelly", "Isolation and characterization of mesenchymal stem cells from chicken bone marrow", "Luminescent Ru(bpy)3 2+-doped silica nanoparticles for imaging of intracellular temperature", "真皮间充质干细胞的研究进展", "Isolation and Biological Characteristics of Beijing Fatty Chicken Skeletal Muscle Satellite Cells", "Synthesis of ratiometric fluorescent nanoparticles for sensing oxygen", "Characterization of vascular endothelial progenitor cells from chicken bone marrow"], "学术ID": ["CN-B675R4YJ"]}