{"机构": "南京林业大学高等教育研究所", "访问量": "257", "被引量": "115", "成果数": "14", "H_指数": "7", "G指数": "10", "期刊": "92.9%", "会议": "0%", "专著": "0%", "其他": "7.1%", "合作学者": {"赵茂程": "南京林业大学机械电子工程学院", "曾正德": "南京林业大学", "周统建": "南京林业大学", "周吉林": "南京林业大学高等教育研究所"}, "合作机构": {"南京林业大学": "3", "南京林业大学机械电子工程学院": "2", "南京林业大学高等教育研究所": "1"}, "文章title": ["基于学习过程管理的大学生就业竞争能力提升研究", "基于过程管理的大学生人身伤害的预防对策", "当代大学生创新团队建设途径", "理工院校艺术类大学生的特点及教育管理对策", "基于神经网络的苹果自动分级方法", "新时期高校新生管理工作的实践与思考", "对大学生进行廉洁教育的几点思考", "我国基于机器视觉的水果自动分级技术及研究进展", "基于机器视觉的苹果自动分级方法研究", "网络时代大学生思想政治工作面临的挑战及其对策", "对大学生开展网络思想政治工作的思考", "浅析班主任助理制度在新生管理中的作用"], "学术ID": ["CN-BU74Z3TJ"]}