{"机构": "武汉理工大学信息学院", "访问量": "1741", "被引量": "1034", "成果数": "57", "H_指数": "20", "G指数": "31", "期刊": "89.5%", "会议": "8.8%", "专著": "0%", "其他": "1.7%", "合作学者": {"李卓球": "武汉理工大学理学院", "王建军": "武汉理工大学理学院", "唐祖全": "重庆大学材料科学与工程学院", "胡胜良": "长江大学管理学院"}, "合作机构": {"武汉理工大学理学院": "54", "长江大学机械工程学院": "23", "重庆大学材料科学与工程学院": "10", "长江大学管理学院": "7", "武汉理工大学机电工程学院": "6", "武汉工业大学": "2", "江汉石油学院机械工程系": "2", "江汉石油学院": "1", "武汉理工大学信息学院": "1"}, "文章title": ["油田含聚合物污水外排处理技术室内模拟研究探讨", "岩性构造油藏高含水期改善水驱开发效果研究", "教室中的材料力学实例", "碳纤维炭黑混杂发热混凝土的性能研究", "浅谈导电混凝土在道路除冰融雪方面的应用", "基于压双黄线监测的碳纤维混凝土性能研究", "《理论力学》精品课程建设探讨——以长江大学机械工程学院为例", "材料力学教材编写中几个问题的探讨", "基于碳纤维混凝土压敏性的压黄线监测系统的设计研究", "普通高校《工程力学》教学方法研究", "低碳纤维掺量智能混凝土的电阻率研究", "Electrically Conductive Concrete for Heating Using Steel Bars as Electrodes", "钢筋电极发热混凝土的长期电阻性能研究", "大众化教育下的弹性力学教学改革", "中扬子区南华纪以来的主要构造事件与沉积充填响应", "高校学生补考和重修问题的探讨", "Experimental studies on the indoor electrical floor heating system with carbon black mortar slabs", "碳纤维水泥基复合材料研究中存在的若干问题探讨", "电热混凝土复合材料的研究进展", "含裂纹导电混凝土板发热效果的有限元分析"]}