{"机构": "佳木斯大学医学院", "访问量": "642", "被引量": "633", "成果数": "96", "H_指数": "13", "G指数": "22", "期刊": "92.7%", "会议": "3.1%", "专著": "0%", "其他": "4.2%", "合作学者": {"陈薇": "军事医学科学院微生物流行病研究所病原微生物生物安...", "付玲": "军事医学科学院微生物流行病研究所病原微生物生物安...", "王海涛": "军事医学科学院微生物流行病研究所", "刘树玲": "军事医学科学院微生物流行病研究所"}, "合作机构": {"军事医学科学院微生物流行病研究所": "160", "军事医学科学院微生物流行病研究所病原微生物生物安全国家重点实验室": "158", "军事医学科学院生物工程研究所": "22", "军事医学科学院微生物流行病研究所免疫室": "14", "中国医学科学院中国协和医科大学输血研究所": "12", "山东大学齐鲁医院": "9", "空军总医院": "7", "徐州医学院附属医院": "6", "中国医学科学院输血研究所": "6", "佳木斯大学医学院": "6"}, "文章title": ["截短型马尔堡病毒包膜糖蛋白的原核表达纯化及鉴定", "Immunization With a Novel Human Type 5 Adenovirus-Vectored Vaccine Expressing the Premembrane and Envelope Proteins of Zika Virus Provides Consistent and Sterilizing Protection in Multiple Immunoco...", "Toll-like receptor 4 signalling regulates antibody response to adenoviral vector-based vaccines by imprinting germinal centre quality.", "PD169316, a specific p38 inhibitor, shows antiviral activity against Enterovirus71", "重组人透明质酸酶促皮下注射扩散研究", "埃博拉疫苗临床研究进展", "Protection against Staphylococcus aureus and tetanus infections by a combined vaccine containing SasA and TeNT‑Hc in mice", "AnthraxSusceptibility: Human Genetic Polymorphisms Modulating ANTXR2 Expression", "利用SEC-HPLC法测定重组人透明质酸酶的纯度", "Comparative Immunogenicity of the Tetanus Toxoid and Recombinant Tetanus Vaccines in Mice, Rats, and Cynomolgus Monkeys", "An Adenovirus Vaccine Expressing Ebola Virus Variant Makona Glycoprotein Is Efficacious in Guinea Pigs and Nonhuman Primates", "PLATELET-DERIVED GROWTH FACTOR B MUTANT, PREPARATION METHOD THEREFOR, AND USE THEREOF", "Downregulation of MicroRNA miR-526a by Enterovirus Inhibits RIG-I-Dependent Innate Immune Response", "CHO细胞表达的抗炭疽保护性抗原人源化抗体的纯化及质量控制分析", "Deletion mutant of recombinant human nerve growth factor, preparation method and use thereof", "Human Prostate Stem Cell Antigen and HSP70 Fusion Protein Vaccine Inhibits Prostate Stem Cell Antigen-Expressing Tumor Growth in Mice", "Monitoring luciferase-labeled human prostate stem cell antigen-expressing tumor growth in a mouse model", "Expression and purification of recombinant proteins based on human prostate stem cell antigen and heat shock protein-70", "3株肠道病毒71型毒株的全基因组序列分析", "EV71抑制Ⅰ型干扰素信号通路中ISGF3的核转位"]}