{"机构": "北京大学化学系", "访问量": "1146", "被引量": "430", "成果数": "33", "H_指数": "11", "G指数": "20", "期刊": "78.8%", "会议": "15.2%", "专著": "0%", "其他": "6%", "合作学者": {"张树霖": "北京大学物理系", "蔡生民": "北京大学化学与分子工程学院", "袁诗鑫": "中国科学院上海技术物理研究所", "李杰": "同济大学建筑工程系"}, "合作机构": {"北京大学物理系": "39", "中国科学院上海技术物理研究所": "13", "北京大学化学与分子工程学院": "12", "同济大学建筑工程系": "7", "北京航空航天大学材料科学与工程学院": "5", "北京大学微电子学研究所": "4", "中国科学院光电技术研究所": "3", "复旦大学表面物理实验室": "2", "四川大学华西医院": "1", "北京大学化学系": "1"}, "文章title": ["Understanding the Nature of Superlattice Interface Modes by Multiphonon Raman Scattering", "Effects of Base Oxide Thickness and Silicon Composition on Charge Trapping in HfSiO/SiO2 High-k Gate Stacks", "High-Temperature Stable <formula formulatype=\"inline\">$\\hbox{Ir}_{x}\\hbox{Si}$ Gates With High Work Function on HfSiON p-MOSFETs", "Transient charging and discharging behaviors of border traps in the dual-layer HfO2/SiO2 high-k gate stack observed by using low-frequency charge pumping method", "Spatial and energetic distribution of border traps in the dual-layer HfO2/SiO2 high-k gate stack by low-frequency capacitance-voltage measurement", "Direct tunneling hole currents through ultrathin gate oxides in metal-oxide-semiconductor devices", "Quantum tunneling and scalability of HfO2 and HfAlO gate stacks", "Enhanced plasma charging damage due to AC charging effect", "Charging damage in dual gate oxide process", "Hole quantization and hole direct tunneling in deep submicron p-MOSFETs", "Modeling and characterization of direct tunneling hole current through ultrathin gate oxide in p-metal–oxide–semiconductor field-effect transistors", "Defectlike nature of the interface in AB / CD -type superlattices", "化学氧化对多孔硅表面态和光致发光的影响", "Multiphonon Raman scattering of microscopic interface phonon mode in CdSe/ZnTe superlattice", "Raman Scattering Studies on Interface Stresses in AlN and SiO x N y Films on GaAs Substrates.", "Pholuminuksence Studies on Porous Silioon Quantum Confinement Mechanism", "Multiphonon Raman scattering resonant with two kinds of excitons in a (CdTe)2(ZnTe)4/ZnTe short-period-superlattice multiple quantum well", "Steplike behavior of photoluminescence peak energy and formation of p‐type porous silicon", "Ge_xSi_(1-x)/Si超晶格中周期不均匀对折叠声学声子拉曼线宽的影响", "用于砷化镓器件的氮化铝薄膜特性"]}