{"机构": "东华理工大学信息工程学院", "访问量": "223", "被引量": "137", "成果数": "32", "H_指数": "7", "G指数": "10", "期刊": "65.6%", "会议": "34.4%", "专著": "0%", "其他": "0%", "合作学者": {"迟楠": "复旦大学通信科学与工程系专用集成电路与系统国家重...", "刘霄": "复旦大学通信科学与工程系专用集成电路与系统国家重...", "郑曦": "复旦大学通信科学与工程系专用集成电路与系统国家重...", "邵宇丰": "复旦大学通信科学与工程系专用集成电路与系统国家重..."}, "合作机构": {"复旦大学通信科学与工程系专用集成电路与系统国家重点实验室": "212", "华中科技大学光电子工程系": "4", "复旦大学通信科学与工程系": "3", "怀化医学高等专科学校": "1", "东华理工大学信息工程学院": "1"}, "文章title": [], "学术ID": ["CN-BY741BKJ"]}