{"机构": "中国科学院物理研究所", "访问量": "1556", "被引量": "6262", "成果数": "148", "H_指数": "34", "G指数": "78", "期刊": "79.7%", "会议": "10.1%", "专著": "7.4%", "其他": "2.8%", "合作学者": {"高松": "北京分子科学国家实验室稀土材料化学与应用国家重点...", "刘飞": "北京大学微电子所", "申承民": "中国科学院物理研究所纳米物理与器件实验室", "高伟亮": "浙江工业大学生物与环境工程学院"}, "合作机构": {"北京分子科学国家实验室稀土材料化学与应用国家重点实验室北京大学化学与分子工程学院": "23", "北京大学微电子所": "19", "中国科学院物理研究所纳米物理与器件实验室": "6", "中国科学院大连化学物理研究所催化基础国家重点实验室": "5", "浙江工业大学生物与环境工程学院": "3", "新疆大学化学化工学院": "3", "赛默飞世尔科技(中国)有限公司": "2", "河北医科大学第一医院": "2", "吉林大学超硬材料国家重点实验室": "2", "中国科学院物理研究所": "2"}, "文章title": ["Tuning crystal structure and magnetic property of dispersible FePt intermetallic nanoparticles", "Magnetic Nanomaterials: Chemical Design, Synthesis, and Potential Applications", "Anions Reversibly Responsive Luminescent Tb(III) Nanocellulose Complex Hydrogels for Latent Fingerprint Detection and Encryption", "Fe 3 O 4 纳米颗粒修饰的Co纳米棒化学制备、 结构及磁学性能研究", "单分散FePt金属间化合物纳米颗粒的可调化学结构和磁性能", "Galvanic Displacement Synthesis of Monodisperse Janus- and Satellite-Like Plasmonic-Magnetic Ag-Fe@Fe 3 O 4 Heterostructures with Reduced Cytotoxicity", "c6sc01819j1", "稀土纳米耦合磁体的设计与化学制备", "稀土永磁纳米材料的控制合成及其磁学性能", "Integrated Design of MnO @Carbon Hollow Nanoboxes to Synergistically Encapsulate Polysulfides for Empowering Lithium Sulfur Batteries.", "Construction of synergistic Fe 5 C 2 /Co heterostructured nanoparticles as enhanced low temperature Fischer-Tropsch synthesis (FTS) catalyst", "Reconstruction of Wet Chemical Synthesis Process: The Case of Fe 5 C 2 Nanoparticles", "Ultrathin Fe2O3 nanoflakes using smart chemical stripping for high performance lithium storage", "Nanostructured Cathode Materials for Lithium-sulfur Batteries: Progress, Challenges and Perspectives", "Construction of Synergistic Fe5C2/Co Heterostructured Nanoparticles as an Enhanced Low Temperature Fischer–Tropsch Synthesis Catalyst", "Reconstruction of the Wet Chemical Synthesis Process: The Case of Fe5C2 Nanoparticles", "磁性金属纳米颗粒及其交换耦合结构的化学制备及其磁学性能", "Biocompatibility of iron carbide and detection of metals ions signaling proteomic analysis via HPLC/ESI-Orbitrap", "Noble metal-free catalysts for oxygen reduction reaction", "Chemical Synthesis and Biomedical Applications of Iron Oxide Nanoparticles: Classification, Fabrication and Biomedical Applications"], "学术ID": ["CN-BO74JT0J"]}