{"机构": "中北大学运动人体科学实验中心", "访问量": "404", "被引量": "221", "成果数": "23", "H_指数": "9", "G指数": "14", "期刊": "91.3%", "会议": "8.7%", "专著": "0%", "其他": "0%", "合作学者": {"潘玉田": "中北大学机电工程学院", "陈树越": "常州大学信息科学与工程学院", "桂志国": "中北大学电子测试技术国家重点实验室", "潘宏侠": "中北大学机械工程与自动化学院"}, "合作机构": {"中北大学机电工程学院": "6", "常州大学信息科学与工程学院": "5", "中北大学电子测试技术国家重点实验室": "5", "中北大学机械工程与自动化学院": "4", "中北大学运动医学研究所": "1", "中北大学": "1", "中北大学运动人体科学实验中心": "1"}, "文章title": ["两栖车辆非线性横摇动力学参数辨识研究", "生物医学工程专业创新型应用人才培养体系研究", "小波熵在心电高频噪声处理和R波检测中应用", "基于小波熵的心电信号去噪处理", "人体心电心音信号定征分析系统设计", "基于数学形态学人脑MR图像感兴趣区域的提取", "人体心电心音信号同步检测系统设计", "大负荷训练大鼠海马一氧化氮合酶阳性神经元观察", "Study of Automatic Enhancement for Chest Radiograph", "双能量摄影胸片图像的小波融合方法", "智能材料和结构的应用及展望", "智能结构在厚壁梁振动控制中的应用研究", "CAD二次开发与两栖车辆水上性能分析", "小波分析在车辆故障诊断中的应用", "小波分析在SARS胸片图像增强中的应用", "基于小波分析的SARS胸片图象增强", "胸片透视图像一致性增强研究", "医学B超图像降噪处理的三种方法比较", "CAD二次开发进行两栖装甲车水上性能分析", "小波包分析在车辆变速箱故障诊断中的应用"], "学术ID": ["CN-BY74HRXJ"]}