{"机构": "西北工业大学民航工程学院", "访问量": "988", "被引量": "280", "成果数": "106", "H_指数": "8", "G指数": "10", "期刊": "89.6%", "会议": "9.4%", "专著": "0%", "其他": "1%", "合作学者": {"沈昱恒": "西北工业大学自动化学院", "杨常伟": "西北工业大学自动化学院", "唐成师": "西北工业大学自动化学院", "周涛": "西北工业大学自动化学院"}, "合作机构": {"西北工业大学自动化学院": "36", "西北工业大学航空学院": "10", "中国空空导弹研究院": "8", "西北工业大学": "7", "西北工业大学航海学院": "3", "洛阳光电技术发展中心": "3", "无锡尚德太阳能电力有限公司": "2", "山东科技大学地球信息科学与工程学院": "2", "华南师范大学生命科学学院": "1", "西北工业大学民航工程学院": "1"}, "文章title": ["Evaluation and selection of missile's optimal initial launch azimuth under side window detection using a hybrid decision making method", "带攻击角度约束的浸入与不变制导律", "航天器抓捕非合作目标的快速姿态跟踪控制", "Optimization of initial launching azimuth of missile under side window detection", "一种非线性多环递归自适应跟踪控制", "基于区间灰度的无入机航迹择优评价方法研究", "物理约束下的反演自适应姿态控制", "导弹拦截目标制导系统的VIKOR方法参数设计", "防空导弹红外成像跟踪探测范围研究", "侧窗探测自适应制导研究", "飞行器轨迹优化的造型降维方法", "Constrained dual-loop attitude control design for spacecraft", "Constrained input-to-state controller design for spacecraft attitude stabilization", "Adaptive Attitude Stabilization Control Design for Spacecraft Under Physical Limitations", "姿态变化一致有界的姿态稳定控制器设计", "姿态稳定控制器择优评价体系构建", "Adaptive proportional navigation under side window detection", "轨迹优化的 LASSO 网格自适应加密方法", "导弹弹道有理Bezier曲线造型与优化方法", "Fault-tolerant control for repeat system with sensor fault based on type-D iterative learning method"], "学术ID": ["CN-BI75FQFJ"]}