{"机构": "空军总医院", "访问量": "1279", "被引量": "584", "成果数": "63", "H_指数": "13", "G指数": "22", "期刊": "95.2%", "会议": "3.2%", "专著": "0%", "其他": "1.6%", "合作学者": {"张宏": "北京大学第一医院", "吕继成": "北京大学第一医院", "王海燕": "北京大学第一医院", "周绪杰": "北京大学第一医院"}, "合作机构": {"北京大学第一医院": "200", "复旦大学公共卫生学院流行病学教研室": "10", "复旦大学分子医学教育部重点实验室": "9", "四川省医学科学院四川省人民医院": "5", "北京大学人民医院": "5", "天津医科大学第二医院": "5", "北京医科大学第一医院": "5", "卫生部北京医院": "4", "内蒙古自治区医院": "4", "空军总医院": "4"}, "文章title": ["A rare variant (rs933717) at FBXO31-MAP1LC3B in Chinese is associated with systemic lupus erythematosus", "Coding and Non-coding Variants in CFH Act Synergistically for Complement Activation in Immunoglobulin A Nephropathy", "Autophagy-related gene LRRK2 is likely a susceptibility gene for systemic lupus erythematosus in northern Han Chinese", "Comparison of Multiple Methods for Determination ofFCGR3A/BGenomic Copy Numbers in HapMap Asian Populations with Two Public Databases:", "NovelSLC5A2mutation contributes to familial renal glucosuria: Abnormal expression in renal tissues", "Novel identified associations of RGS1 and RASGRP1 variants in IgA Nephropathy.", "Decreased expression and function of sodium-glucose co-transporter 2 from a novel C-terminal mutation: a case report", "Fine Mapping Implicates a Deletion of CFHR1 and CFHR3 in Protection from IgA Nephropathy in Han Chinese.", "Polymorphism rs3828903 within MICB Is Associated with Susceptibility to Systemic Lupus Erythematosus in a Northern Han Chinese Population", "Novel SLC5A2 Variants Contribute to Renal Glucosuria in Chinese Families: Abnormal Expression and Dysfunction of Variant SLC5A2", "Variants in Complement Factor H and Complement Factor H-Related Protein Genes, CFHR3 and CFHR1, Affect Complement Activation in IgA Nephropathy", "The role of copper and the copper-related protein CUTA in mediating APP processing and Aβ generation", "Detecting Genetic Associations between ATG5 and Lupus Nephritis by trans-eQTL", "Novel SLC2 Variants Contribute to Renal Glucosuria in Chinese Families༚Abnormal Expression and Dysfunction of Variant SLC2", "A novel sodium-glucose co-transporter 2 gene (SGLT2) mutation contributes to the abnormal expression of SGLT2 in renal tissues in familial renal glucosuria.", "Association of Systemic Lupus Erythematosus Susceptibility Genes with IgA Nephropathy in a Chinese Cohort", "Cumulative Effects of Variants Identified by Genome-wide Association Studies in IgA Nephropathy", "Associations between FCGR3B copy numbers and FCGR2B rs12118043 genotypes in HapMap samples.", "Novel UMOD mutations in familial juvenile hyperuricemic nephropathy lead to abnormal uromodulin intracellular trafficking", "Interaction between PLA2R1 and HLA-DQA1 variants associates with anti-PLA2R antibodies and membranous nephropathy"]}