{"机构": "东南大学神经精神医学研究所", "访问量": "413", "被引量": "174", "成果数": "32", "H_指数": "7", "G指数": "12", "期刊": "90.6%", "会议": "3.1%", "专著": "0%", "其他": "6.3%", "合作学者": {"袁勇贵": "南京医科大学脑科医院", "岳莹莹": "东南大学附属中大医院", "姜文颢": "东南大学附属中大医院", "王小泉": "安徽省芜湖市第四人民医院"}, "合作机构": {"东南大学附属中大医院": "38", "南京医科大学脑科医院": "31", "南京医科大学附属脑科医院": "10", "安徽省芜湖市第四人民医院": "8", "郑州大学第一附属医院": "4", "徐州精神病院": "3", "南京医科大学第二附属医院": "3", "新乡医学院第二附属医院": "3", "湖州市第三人民医院": "3", "东南大学神经精神医学研究所": "3"}, "文章title": ["Abnormal spontaneous brain activity is associated with impaired emotion and cognition in hyperthyroidism: A rs-fMRI study", "Altered Regional Cerebral Blood Flow of Right Cerebellum Posterior Lobe in Asthmatic Patients With or Without Depressive Symptoms.", "Risk factors associated with cognitions for late-onset depression based on anterior and posterior default mode sub-networks.", "Increased temporal variability of striatum region facilitating the early antidepressant response in patients with major depressive disorder", "Abnormal brain functional connectivity leads to impaired mood and cognition in hyperthyroidism: a resting-state functional MRI study", "Distinctive pretreatment features of bilateral nucleus accumbens networks predict early response to antidepressants in major depressive disorder", "Group Cognitive Behavior Therapy Reversed Abnormal Spontaneous Brain Activity in Adult Asthmatic Patients", "Abnormal Functional Connectivity of Ventral Anterior Insula in Asthmatic Patients with Depression", "Group Cognitive Behavior Therapy Reversed Insula Subregions Functional Connectivity in Asthmatic Patients", "Disrupted topology of hippocampal connectivity is associated with short-term antidepressant response in major depressive disorder", "Divergent topological architecture of the default mode network as a pretreatment predictor of early antidepressant response in major depressive disorder", "Disrupted Interhemispheric Synchrony in Default Mode Network Underlying the Impairment of Cognitive Flexibility in Late-Onset Depression:", "Damage to the dorsal attention network and interactions with the control and sensory-motor networks in late-onset depression", "Structural and Functional Connectivity of Default Mode Network underlying the Cognitive Impairment in Late-onset Depression", "PS188. Predict value of functional topological features for early response to antidepressant treatment in major depressive disorder", "Prognostic value of imbalanced interhemispheric functional coordination in early therapeutic efficacy in major depressive disorder", "PS22. Brain regional homogeneity underlying asthma with health anxiety", "PS187. Association analysis of imbalanced interhemispheric functional coordination and early therapeutic efficacy in major depressive disorder: evidence from resting state fMRI.", "The Current Situation on Major Depressive Disorder in China: Research on Mechanisms and Clinical Practice.", "Hou-2016-Prognostic value of imbalanced interh"], "学术ID": ["CN-BL73U1TJ"]}