{"机构": "哈尔滨工业大学", "访问量": "930", "被引量": "602", "成果数": "49", "H_指数": "8", "G指数": "24", "期刊": "69.4%", "会议": "28.6%", "专著": "0%", "其他": "2%", "合作学者": {"欧进萍": "哈尔滨工业大学土木工程学院", "宋天舒": "哈尔滨工程大学航天与建筑工程学院", "陈树华": "哈尔滨工程大学建筑工程学院", "王振清": "哈尔滨工程大学航天与建筑工程学院"}, "合作机构": {"哈尔滨工业大学土木工程学院": "17", "哈尔滨工程大学航天与建筑工程学院": "16", "哈尔滨工程大学建筑工程学院": "12", "哈尔滨工程大学": "5", "河北青年管理干部学院": "2", "天津大学建筑工程学院": "2", "西安工业大学": "1", "中国石油天然气管道局": "1", "威海翔宇环保科技有限公司": "1", "哈尔滨工业大学": "1"}, "文章title": ["储液结构隔震优化模型及其影响参数分析", "PCCS顶部水箱结构隔震参数的优化研究", "储罐类结构振动台试验模型研究", "LNG储罐在地震作用下弹性罐壁Mises应力理论解", "多层材料组成储罐类结构温度场简化分析", "地震作用下的大型液化天然气储液罐可靠度分析方法", "储液结构隔震优化模型及其影响参数分析", "基于灵敏度的平板结构多类型传感器优化布置", "某核电站安全壳1:15模型振动台试验", "土木工程核电站建设人才培养模式的探讨", "SHAKING TABLE TESTS ON BASE-ISOLATED NUCLEAR POWER PLANT", "基于模态pushover的结构地震随机反应分析", "基于模态pushover的结构地震随机反应分析", "核电厂隔震结构的振动台试验研究", "某核电站安全壳1:15模型振动台试验", "土木工程专业核电站建设人才的培养——以大学文化教育为视角", "高温高压条件下核电厂安全壳极限承载力分析", "基于环境激励的ERA方法在网架结构振动测试中的应用研究", "Dynamic behavior of two dissimilar piezoelectric media with an interfacial crack and a subsurfacial circular cavity", "DAMAGE IDENTIFICATION BASED ON BAYSIAN FUSION OF GLOBAL AND LOCAL INFORMATION"], "学术ID": ["CN-BK74K14J"]}