{"机构": "上海城市地下空间研究发展中心", "访问量": "6708", "被引量": "3209", "成果数": "125", "H_指数": "29", "G指数": "55", "期刊": "68%", "会议": "32%", "专著": "0%", "其他": "0%", "合作学者": {"刘国彬": "同济大学地下建筑与工程系", "束昱": "同济大学地下空间研究中心", "廖少明": "同济大学地下建筑与工程系", "黄院雄": "同济大学地下建筑与工程系"}, "合作机构": {"同济大学地下建筑与工程系": "89", "同济大学地下空间研究中心": "24", "同济大学": "20", "同济大学地下空间中心": "14", "山东建筑工程学院土木工程学院": "8", "河海大学岩土工程研究所": "8", "上海市政工程设计研究院": "4", "上海申通地铁集团有限公司": "4", "同济大学建筑设计研究院": "3", "上海城市地下空间研究发展中心": "2"}, "文章title": ["上海市人民广场地下空间的需求预测与布局分析", "STUDY ON IMC-PID CONTROL MODEL OF SHIELD ADJACENT CONSTRUCTION", "盾构近距离施工的IMC-PID控制模型研究", "上海城市地下空间的观念与未来", "地下连续墙水平变形的可靠性验证及优化分析", "软土隧道纵向剪切传递效应的三维数值模拟分析", "隧道纵向剪切传递效应及其一维解析", "盾构近距离穿越施工的工作面土压力研究", "上海应加强地下空间开发利用的管理和立法", "后续路网地铁车站压缩规模之探讨", "模糊信息技术在地下连续墙变形预测中的应用", "装配式圆形隧道与软土地层的相对刚度分析", "错缝拼装衬砌纵向螺栓剪切模型的研究", "RESEARCH ON SHEAR MODEL OF RING JOINT BOLTS IN STAGGER-JOINTED SEGMENTAL LININGS错缝拼装衬砌纵向螺栓剪切模型的研究", "盾构法隧道管片接头转动刚度的理论研究", "近距离重叠地铁隧道盾构法施工地面变形预测", "多宝塔基础尺寸及塔身断面尺寸——雷达测试在古塔结构分析中的应用", "多层城市的原理与运用"], "学术ID": ["CN-BT74I9WJ"]}