{"机构": "西安交通大学", "访问量": "699", "被引量": "328", "成果数": "74", "H_指数": "10", "G指数": "15", "期刊": "82.4%", "会议": "14.9%", "专著": "0%", "其他": "2.7%", "合作学者": {"万伟": "西北工业大学电子工程系", "崔尧": "西北工业大学电子信息学院", "许家栋": "西北工业大学电子信息学院", "佟明安": "西北工业大学"}, "合作机构": {"西北工业大学电子信息学院": "68", "西北工业大学电子工程系": "21", "西北工业大学": "17", "中航雷达与电子设备研究院": "7", "沈阳飞机设计研究所": "3", "电子科技大学电子薄膜与集成器件国家重点实验室": "3", "电子科技大学宽带光纤传输与通信系统技术国家重点实验室": "2", "广东广播电视大学": "2", "中国电子科学研究院": "2", "西安交通大学": "1"}, "文章title": ["Optical Transformation in Spherical and Cylindrical Coordinate System", "FSS天线罩的RCS测量与分析", "The partial discharge characteristics study of insulated copper bus bar", "线性阵列天线到柱形共形阵天线的递推计算", "应用于机翼前端RCS缩减的带阻型FSS天线罩建模与分析", "微波频段宽带吸波结构的电磁智能屏设计", "可重构微单元频率选择表面结构的分析与设计", "带有介质衬底的有限大FSS的一体化分析方法", "An EC-based optimization technique for designing the EBG structures with square-loop FSSs", "一种应用于柱面共形天线的EBG结构设计", "一种应用于柱面共形天线的EBG结构设计", "超薄型电磁带隙吸波结构的最优化设计", "任意三维物体FDTD共形网格生成算法", "混合模匹配／矩量法分析介质负载波导缝隙天线", "Computer derivation of the optical transformation in cylindrical and spherical coordinates", "Pattern Synthesis of Cylindrical Conformal Array by the Modified Particle Swarm Optimization Algorithm", "Numerical design of arbitrarily shaped electromagnetic cloaks", "频率选择表面的测量技术与分析"]}