{"机构": "第四军医大学基础部病理生理学教研室", "访问量": "951", "被引量": "602", "成果数": "125", "H_指数": "11", "G指数": "22", "期刊": "87.2%", "会议": "12%", "专著": "0%", "其他": "0.8%", "合作学者": {"徐敏宁": "第四军医大学唐都医院", "陈玲": "第四军医大学唐都医院", "吴玉燕": "第四军医大学唐都医院", "高国栋": "第四军医大学唐都医院"}, "合作机构": {"第四军医大学唐都医院": "235", "滨州医学院附属医院": "42", "陕西省人民医院": "8", "吉林大学护理学院": "7", "中国科学院光电技术研究所": "6", "南京医科大学第一附属医院": "6", "武汉大学人民医院": "5", "海南省人民医院": "4", "第四军医大学护理系": "4", "第四军医大学基础部病理生理学教研室": "4"}, "文章title": ["主动灌注与分流栓在猪急性心肌缺血模型中心肌保护作用比较", "多媒体宣教对心脏手术患者医院感染的预防控制效果", "头颈外科负压引流球固定专用背心的制作及临床应用", "神经外科患者出入手术室管理措施的改进", "孕妇中脑腹侧海绵状血管瘤经鼻蝶内镜下切除的护理", "预见性护理对高血压脑出血患者术后并发症的影响", "5例心脏术后发生心室电风暴的抢救及护理", "HtoH连续护理对心脏瓣膜置换术患者的影响", "神经外科重症患者急性胃肠功能损伤管理模式的构建及实施", "循证护理对高血压脑出血患者预后的影响观察", "头颈肿瘤患者焦虑、抑郁的特点及护理", "孙氏手术治疗Stanford A型主动脉夹层患者的术后监护", "急性Stanford A型主动脉夹层伴下肢缺血10例围术期护理", "Neurosurgical Site Infection Prevention: Single Institute Experience", "一次性水封瓶手提带设计与应用", "团队式管理在神经外科临床护理教学中的应用", "一种气管套管的设计与应用1）", "出院后持续康复指导对巩固帕金森病手术病人疗效的影响", "电话随访对心脏瓣膜置换术后患者抗凝治疗依从性的影响"], "学术ID": ["CN-BJ75EOGJ"]}