{"机构": "93175部队医院", "访问量": "1160", "被引量": "1086", "成果数": "71", "H_指数": "14", "G指数": "32", "期刊": "90.1%", "会议": "8.5%", "专著": "0%", "其他": "1.4%", "合作学者": {"吴军": "中国人民解放军第208医院", "杨述红": "空军长春医院", "王丽萍": "吉林大学生命科学学院", "赵胡瑞": "解放军第474医院"}, "合作机构": {"解放军第474医院": "26", "吉林大学第一医院": "23", "中国人民解放军第208医院": "19", "空军长春医院": "19", "解放军第二○八医院": "12", "东北大学化学系": "11", "吉林大学生命科学学院": "7", "第23医院": "6", "长春理工大学生命科学技术学院": "6", "93175部队医院": "4"}, "文章title": ["吉林地区军事飞行员血清光抑素-C水平调查", "模拟高海拔缺氧后大鼠血内同型半胱氨酸、维生素B12和叶酸水平变化的观察", "TEIF associated centrosome activity is regulated by EGF/PI3K/Akt signaling", "Estrogen receptor α-coupled Bmi1 regulation pathway in breast cancer and its clinical implications", "吉林地区军事飞行员血小板参数调查", "军事飞行员同型半胱氨酸与冠状动脉粥样硬化的相关性探讨", "GSK-3β–Regulated N-Acetyltransferase 10 Is Involved in Colorectal Cancer Invasion", "降钙素原临床应用进展", "吉林地区空勤人员血浆D-二聚体、纤溶酶原激活抑制剂指标调查", "Genetic variation and selection of introduced provenances of Siberian Pine (Pinus sibirica) in frigid regions of the Greater Xing’an Range, Northeast China", "TiO2-loaded activated carbon fiber: Hydrothermal synthesis, adsorption properties and photo catalytic activity under visible light irradiation", "NTx特异性核酸适配子的筛选", "东北地区年轻飞行员RDW与健康人群比较", "冠心病患者血NT-ProBNP与RDW的比对分析", "红细胞分布宽度(RDWC)对冠心病患者预后的影响", "逆行腓肠神经营养血管皮瓣修复组织缺损几个技术问题的探讨", "吻合血管的腓骨移植治疗小儿先天性胫骨假关节11例", "红细胞体积分布宽度在心血管疾病预后判定中的应用进展", "核酸适配子在生物医学领域中的应用"], "学术ID": ["CN-BY75AW4J"]}