{"机构": "中国农业科学院", "访问量": "66", "被引量": "296", "成果数": "22", "H_指数": "8", "G指数": "17", "期刊": "90.9%", "会议": "4.5%", "专著": "0%", "其他": "4.6%", "合作学者": {"崔松焕": "中国农业科学院特产研究所", "宁浩然": "中国农业科学院特产研究所", "张宇": "中国农业科学院特产研究所", "金春爱": "中国农业科学院特产研究所"}, "合作机构": {"中国农业科学院特产研究所": "60", "中国农业科学院作物科学研究所": "9", "中国医学科学院基础医学研究所药理室": "1", "山西省农业科学院农产品综合利用研究所": "1", "中国农业科学院": "1"}, "文章title": ["鹿茸化学成分及提取方法研究进展", "超临界CO2萃取猴头菌中脂肪酸的GC-MS分析", "响应面法优化超临界CO2萃取山葡萄籽油的工艺", "冷却肉储藏保鲜技术研究进展", "超临界CO2萃取法与水蒸气蒸馏法提取月见草油成分的GC-MS分析", "关于鹿场圈舍建筑设施的探讨", "恶癖鹿只的探讨与防范", "Identification of anthocyanins isolated from black rice (Oryza sativa L.) and their degradation kinetics", "液相色谱法测定复方保健酒中淫羊藿苷的含量", "响应面法优化林蛙蛙皮中蛋白质的提取工艺", "国内外酒曲研究进展", "蛙类皮肤生物活性肽的研究进展", "鹿茸化学成分及提取方法研究进展", "Antioxidant Effects of Oats Avenanthramides on Human Serum", "延边州黑木耳产业发展问题研究", "Nutritional composition and flavonoids content of flour from different buckwheat cultivars", "Extraction and Purification of Anthocyanins from Black Rice", "黑米花色苷的制备及其对大鼠慢性酒精肝损伤保护作用的研究"]}