{"机构": "天津大学化工系", "访问量": "6162", "被引量": "4546", "成果数": "431", "H_指数": "33", "G指数": "52", "期刊": "88.9%", "会议": "9%", "专著": "0%", "其他": "2.1%", "合作学者": {"苏荣欣": "天津大学化工学院化学工程研究所", "齐崴": "天津大学化工学院化学工程研究所", "黄仁亮": "天津大学化工学院化学工程研究所", "王梦凡": "天津大学化工学院化学工程研究所"}, "合作机构": {"天津大学化工学院化学工程研究所": "615", "天津大学化学工程研究所": "138", "湖南出入境检验检疫局": "38", "天津大学化工学院": "26", "天津出入境检验检疫局": "23", "天津大学化学工程联合国家重点实验室": "9", "天津大学": "8", "第三军医大学基础医学部医学遗传学教研室": "6", "中国药科大学药学院": "5", "天津大学化工系": "5"}, "文章title": ["Synthesis of 2,5-diformylfuran from 5-hydroxymethylfurfural in ethyl acetate using 4-acetamido-TEMPO as a recyclable catalyst", "Design of Silica Nanostructures with Tunable Architectures Templated by Ferrocene Peptides", "Bio-inspired peptide-coated superhydrophilic poly(vinylidene fluoride) membrane for oil/water emulsion separation", "A light-responsive multienzyme complex combining cascade enzymes within a peptide-based matrix", "Enhanced enzymatic hydrolysis of corncob by ultrasound-assisted soaking in aqueous ammonia pretreatment", "Gold Nanoparticle-Aptamer-Based LSPR Sensing of Ochratoxin A at a Widened Detection Range by Double Calibration Curve Method", "High-Efficiency Preparation of 2,5-Diformylfuran with a Keto-ABNO Catalyst Under Mild Conditions", "Kinetically Controlled Carboxypeptidase-Catalyzed Synthesis of Novel Antioxidant Dipeptide Precursor BOC-Tyr-Ala", "A Low-Cost and Easily Prepared Manganese Carbonate as an Efficient Catalyst for Aerobic Oxidation of 5-Hydroxymethylfurfural to 2,5-Diformylfuran", "Molecularly Imprinted Core-Shell CdSe@SiO2/CDs as a Ratiometric Fluorescent Probe for 4-Nitrophenol Sensing", "Poly (γ-Glutamic Acid) Promotes Enhanced Dechlorination of p -Chlorophenol by Fe-Pd Nanoparticles", "A supramolecular approach to construct a hydrolase mimic with photo-switchable catalytic activity", "Integrating chromium-based ceramic and acid catalysis to convert glucose into 5-hydroxymethylfurfural", "Bioorganometallic ferrocene-tripeptide nanoemulsions", "Design of elution strategy for simultaneous detection of chloramphenicol and gentamicin in complex samples using surface plasmon resonance", "Effects of macromolecular crowding on alkaline phosphatase unfolding, conformation and stability", "Co-assembly of Fmoc-tripeptide and gold nanoparticles as a facile approach to immobilize nanocatalysts"], "学术ID": ["CN-BH746RFJ"]}