{"机构": "清华大学", "访问量": "937", "被引量": "614", "成果数": "84", "H_指数": "13", "G指数": "22", "期刊": "94%", "会议": "6%", "专著": "0%", "其他": "0%", "合作学者": {"霍玉晶": "清华大学电子工程系", "冯立春": "清华大学电子工程系", "孙成城": "清华大学电子工程系", "巩轲": "清华大学电子工程系"}, "合作机构": {"清华大学电子工程系": "138", "中国科学院安徽光学精密机械研究所": "6", "集成光电子学国家重点联合实验室清华大学实验区": "6", "中国科学院长春光学精密机械与物理研究所": "4", "深圳大学师范学院": "4", "人工晶体研究所": "3", "长春光学精密机械学院高功率半导体激光国家重点实验室": "3", "山东大学晶体材料研究所": "3", "北京工业大学激光工程研究院": "2", "清华大学": "2"}, "文章title": ["两级串联式电光开关高压快脉冲源的研制", "新型非平面多程激光放大器的理论研究", "激光器用快速退压式电光Q开关驱动器的研制", "360 mW of single-mode output power at 946 nm from a ring laser based on a specially designed Porro prism", "Velocity Measurement Based on Laser Doppler Effect", "一种新的双频激光多普勒测速方法的实验研究", "CLBO晶体和频产生深紫外激光的理论计算与实验结果", "激光多普勒测速技术进展", "激光复合诱变选育叶酸高产菌", "新型946 nm非平面单频激光器的实验研究", "Output Mirror Design and Thermal Stability Analysis of Corner Cube-Based Non-Planar Ring Laser", "角锥型非平面环形激光器偏振反射镜的影响及热稳定性分析", "Research on Unique Non-Planar Ring Cavity Laser at 946 nm", "深紫外固体激光系统", "Deep Ultraviolet Solid-State Laser System", "角锥型全固态非平面环形激光器473 nm单频运转", "Solid-state laser system for terahertz radiation generation", "重复频率脉冲激光纵模测量方法研究", "光反馈双路自动控制声光调Q驱动器", "基于激光散射的高速微粒测速系统"]}