{"机构": "美国德克萨斯AM大学", "访问量": "1128", "被引量": "535", "成果数": "59", "H_指数": "11", "G指数": "22", "期刊": "94.9%", "会议": "5.1%", "专著": "0%", "其他": "0%", "合作学者": {"李耀光": "华南师范大学数学科学学院", "张敏": "华南师范大学", "黄荣金": "华东师范大学数学系", "薛志坚": "湛江师范学院数学与计算科学学院"}, "合作机构": {"华南师范大学数学科学学院": "9", "华南师范大学": "3", "华东师范大学数学系": "2", "湛江师范学院数学与计算科学学院": "2", "武汉市教学研究室": "1", "美国德克萨斯AM大学": "1"}, "文章title": ["高中概率模型学与教中的问题和对策", "数学核心素养指标之反思", "正弦定理的教学设计", "古典概型的教学思考与教学新设计", "独立性检验的困难、对策与价值", "2016年数学高考全国I卷的认知分析和备考及命题建议", "贝特朗悖论之争的终结", "《e的直观含义》的教学设计与思考", "基于数学史的对数概念教学设计", "高中数学教师古典概型等可能性偏见的调查报告", "美国《统计教育评估和教学指南:学龄前至十二年级的课程框架》的背景、内容与启示", "多媒体技术下《曲边梯形的面积》的“初等化”教学设计", "数学归纳法的教学新设计", "数学归纳法教学的困难、对策与价值", "2012年高考广东卷理科数学压轴题分析", "数学解题反思新解", "初中生数学态度量表的编制及信度效度检验", "2011年广东高考立体几何大题分析", "从例题重建中发展学生的数学思维品质"], "学术ID": ["CN-BV7377NJ"]}