{"机构": "湖北大学商学院", "访问量": "1042", "被引量": "598", "成果数": "78", "H_指数": "15", "G指数": "21", "期刊": "94.9%", "会议": "3.8%", "专著": "0%", "其他": "1.3%", "合作学者": {"常鑫鑫": "武汉大学经济与管理学院", "范卫清": "武汉大学管理学院", "袁仕陈": "江苏大学财经学院", "肖兰华": "武汉大学经济与管理学院"}, "合作机构": {"武汉大学经济与管理学院": "20", "武汉大学管理学院": "6", "江苏大学财经学院": "5", "武汉大学商学院": "2", "中国人民银行金融研究所": "1", "中南财经政法大学经济学院": "1", "湖北大学商学院": "1"}, "文章title": ["人民币汇率波动与中国出口贸易关系的实证分析", "跨境资本流动的国际风险承担渠道效应", "金融稳定政策的设计:基于利差扭曲的风险成因考察", "跨境资本流动、金融波动与货币政策选择", "金融市场开放下中国最优货币政策规则选择", "2005-2012年我国热钱规模的动态变化", "国际货币政策协调理论研究的新进展", "美、日货币政策对中国产出的溢出效应研究", "开放条件下不同泰勒规则在中国的适用性研究", "贸易开放度对中国最优货币政策规则选择的影响", "金融开放会增加中国宏观经济不稳定吗", "中国国际资本流动的货币效应", "湖北省企业自主创新的融资支持效率研究", "代工低端制造业升级与产业政策匹配", "美元本位与中美贸易顺差之谜", "美元本位与中美货币政策的福利分配——基于新开放经济宏观经济学视角", "中国各地区自主创新融资渠道比较研究", "人民币内外价值的冲突与融合", "开放条件下不同泰勒规则在中国的适用性研究"], "学术ID": ["CN-B974VC9J"]}