{"机构": "广州大学物理与电子工程学院", "访问量": "140", "被引量": "61", "成果数": "27", "H_指数": "4", "G指数": "6", "期刊": "81.5%", "会议": "0%", "专著": "0%", "其他": "18.5%", "合作学者": {"罗向前": "中山大学物理系", "郭硕鸿": "中山大学物理系", "陈启洲": "中山大学物理系", "李志兵": "中山大学物理系"}, "合作机构": {"中山大学物理系": "29", "华南师范大学物理系": "15", "湖南师范大学物理系": "5", "华南师范大学物理与电信工程学院": "4", "广州大学物理与电子工程学院": "1"}, "文章title": ["量子物理新课程体系构建与实施研究", "相位与约瑟夫森效应及其在超导中的应用", "谈“电动力学”课程的教学现代化", "一维铁磁链的改进孤子解", "条形码识别技术", "河外星际尘埃辐射对微波背景辐射的影响", "伯努利方程在燃气热水器中的应用", "量子的随机理论与薛定谔方程", "对用保角变换法解静电问题的一些看法", "半导体致冷技术", "扫描隧道显微镜", "自由电子激光", "大气电场及其应用", "热电偶在家用燃气具中的应用", "Lattice calculation of decay constants of mesons", "Variational estimates of chiral order parameter in (1+1)-dimensional lattice QCD", "磁致冷技术", "负氧离子发生器", "Lattice QCD vacuum with fermions and spontaneous chiral symmetry breaking"], "学术ID": ["CN-B1733L0J"]}