{"机构": "西北政法大学", "访问量": "4328", "被引量": "2717", "成果数": "204", "H_指数": "24", "G指数": "48", "期刊": "94.6%", "会议": "3.9%", "专著": "1.5%", "其他": "0%", "合作学者": {"任超": "华东政法学院", "王利明": "中国人民大学法学院", "张进德": "上海政法学院", "陈兴良": "北京大学法学院"}, "合作机构": {"华东政法学院": "15", "中国人民大学法学院": "4", "华东政法大学": "4", "中国社会科学院法学研究所": "3", "中国政法大学": "3", "北京大学法学院": "2", "武汉大学法学院": "2", "上海政法学院": "2", "中南财经政法大学": "1", "西北政法大学": "1"}, "文章title": ["中华法系之法律教育考——以古代中国的律学教育与日本的明法科为中心", "新时代法治国家建设笔谈", "弘扬传统法律文化,建设现代法治国家", "我国生态环境保护诉讼的历史演进及评析 ——以2006年-2016年相关案件为线索", "改革开放四十年与外国法制史的成长", "保护网络权优位于网络安全——以网络权利的构建为核心", "《大宪章》成因考", "英国法社会学研究70年——以“社会—法律”研究的变迁为重点", "以古代中国与日本为中心的中华法系之律家考", "法制现代化研究与当代中国法学(1986—2016)——一个学说史的考察", "英国大学法学教育国际化的起源及其流变", "初步建成法治社会：全面小康的重要标志", "中国近代行政法制的转型--以夏同龢《行政法》的开创性贡献为中心", "中国传统法文化中良善公正之规定及其实践", "比较法的早期史", "海峡两岸罪犯移管制度探索", "东吴大学法学院的英美法学教育", "论中国特色社会主义法治道路", "知易行难:欧美法治历程中的若干实践", "全面推进依法治国视野下的法学教育改革"], "学术ID": ["CN-B7734VGJ"]}