{"机构": "商丘职业技术学院计算机系", "访问量": "484", "被引量": "214", "成果数": "28", "H_指数": "9", "G指数": "13", "期刊": "85.7%", "会议": "10.7%", "专著": "0%", "其他": "3.6%", "合作学者": {"王茜": "东南大学计算机科学与工程系", "李选如": "东南大学计算机科学与工程学院", "董逸生": "东南大学计算机科学与工程系", "成瑜": "东南大学计算机科学与工程系"}, "合作机构": {"东南大学计算机科学与工程系": "12", "东南大学计算机科学与工程学院": "3", "首都医科大学燕京医学院": "1", "南京林业大学信息科学与技术学院": "1", "中国海洋大学": "1", "商丘职业技术学院计算机系": "1"}, "文章title": ["利用社交关系的实值条件受限玻尔兹曼机协同过滤推荐算法", "基于路径信息比较的图同构新算法", "一种高效的生物网络概率模体发现算法", "蛋白质作用网络中模体识别技术研究", "《程序设计基础及语言》课程双语教学实践及体会", "基于生物医学文献的知识发现研究", "《计算机软件技术基础》双语教学课程建设与实践", "语义集成:本体映射方法研究", "生物信息学中基因芯片的特征选择技术综述", "归纳学习XPATH Web信息提取规则", "面向蛋白质结构预测的计算生物学技术研究", "一种新的自动本体映射算法(英文)", "网格环境下通用任务管理系统CTMFS的设计与实现", "本体驱动的半结构化Web生物数据抽取", "RDF可信度扩展在领域本体构建中的应用", "基于本体的生物信息数据源的发现", "基于OWL的教案领域本体的建立及应用", "生物数据网格的应用研究"], "学术ID": ["CN-BM74SU3J"]}