{"机构": "西安理工大学理学院", "访问量": "2725", "被引量": "2173", "成果数": "173", "H_指数": "20", "G指数": "42", "期刊": "88.4%", "会议": "9.8%", "专著": "0.6%", "其他": "1.2%", "合作学者": {"刘湘娜": "南京大学物理系", "刘明": "北京航空航天大学非晶态物理研究室", "彭英才": "河北大学电子信息工程学院", "徐刚毅": "兰州大学材料科学系"}, "合作机构": {"南京大学物理系": "88", "中国科学院半导体研究所": "30", "北京航空航天大学非晶态物理研究室": "27", "江苏大学微纳米科学技术研究中心": "23", "北京航空航天大学理学院": "20", "河北大学电子信息工程学院": "19", "南京大学现代分析中心": "15", "兰州大学材料科学系": "14", "北京理工大学电子工程系": "13", "西安理工大学理学院": "12"}, "文章title": ["A detailed analysis of the Raman spectra in superconducting boron doped nanocrystalline diamond", "基于不同单光子能量拉曼谱的氢化硅薄膜微观特性研究", "衬底对 PECVD 法生长氢化纳米硅薄膜的影响", "纳米硅薄膜的新颖性能及其应用前景", "The microstructural studies of hydrogenated amorphous carbon films by Raman spectra", "纳米硅薄膜的特殊性能及其应用前景", "不同晶态比条件下氢化纳米硅薄膜的力学性能(英文)", "硅薄膜晶体管液晶显示器的发展", "掺磷纳米硅薄膜的制备及介观力学性质与介观接触电阻的研究", "工艺条件对硼掺杂纳米硅薄膜微结构及力学性能的影响", "对硅薄膜型太阳电池的一些思考", "Mesoscopic mechanical characterization of hydrogenated silicon thin film and the intrinsic relationship with the microstructure氢化硅薄膜介观力学行为及其与微结构内禀关联特性", "氢化硅薄膜介观力学行为及其与微结构内禀关联特性", "Mesoscopic mechanical characterization of hydrogenated silicon thin film and the intrinsic relationship with the microstructure", "硅薄膜型太阳能电池的研究进展", "力争促使纳米硅器件进入产业化", "沈文忠课题组研制出具有高电子迁移率的纳米硅薄膜", "纳米硅薄膜及其太阳电池研究进展", "纳米硅薄膜及其太阳电池研究进展", "纳米硅薄膜光学参数及其P-I-N结构渐变带隙太阳电池的模拟研究"], "学术ID": ["CN-BD75M0WJ"]}