{"机构": "四川大学化学工程学院", "访问量": "7669", "被引量": "7426", "成果数": "356", "H_指数": "44", "G指数": "77", "期刊": "83.4%", "会议": "12.1%", "专著": "0.8%", "其他": "3.7%", "合作学者": {"王柯敏": "生物纳米与分子工程湖南省重点实验室", "谭蔚泓": "生物纳米与分子工程湖南省重点实验室", "何定庚": "生物纳米与分子工程湖南省重点实验室", "石慧": "湖南大学化学生物传感与计量学国家重点实验室"}, "合作机构": {"生物纳米与分子工程湖南省重点实验室": "622", "湖南大学化学生物传感与计量学国家重点实验室": "140", "湖南大学化学化工学院": "69", "湖南大学环境科学与工程学院": "63", "湖南大学": "32", "北京东豪利德工贸发展有限公司": "25", "湖南大学生物医学工程中心湖南大学化学生物传感与计量学国家重点实验室湖南大学化学化工学院湖南大学生命科学与技术研究院生物纳米与分子工程湖南省重点实验室": "22", "上海师范大学生命与环境科学学院": "21", "化学生物学及中药分析教育部重点实验室": "19", "四川大学化学工程学院": "15"}, "文章title": ["Hairpin-Contained i-Motif Based Fluorescent Ratiometric Probe for High-Resolution and Sensitive Response of Small pH Variations", "Electrochemical Strategy for Pyrophosphatase Detection Based on the peroxidase-like activity of G-Quadruplex-Cu 2+ DNAzyme", "Protein- Driven Disassembly of Surfactant- Polyelectrolyte Nanomicelles: Modulation of Quantum Dot/Fluorochrome FRET for Pattern Sensing", "Label-free and sensitive microRNA detection based on a target recycling amplification-integrated superlong poly(thymine)-hosted copper nanoparticle strategy", "In situ fluorescence activation of DNA-silver nanoclusters as a label-free and general strategy for cell nucleus imaging", "A Zeolitic Imidazolate Framework-8 Based Indocyanine Green Theranostic Agent for Infrared Fluorescence Imaging and Photothermal Therapy", "Dumbbell DNA-templated CuNPs as a nano-fluorescent probe for detection of enzymes involved in ligase-mediated DNA repair", "Electrochemical detection of glutathione by using thymine-rich DNA-gated switch functionalized mesoporous silica nanoparticles", "Live Cell MicroRNA Imaging via MnO2 Nanosheets Mediated \"DD-A\" Hybridization Chain Reaction.", "Gold Nanoparticle Based Hairpin-Locked-DNAzyme Probe for Amplified miRNA Imaging in Living Cells", "Label-Free Homogeneous Electrochemical Sensing Platform for Protein Kinase Assay Based on Carboxypeptidase Y-Assisted Peptide Cleavage and Vertically Ordered Mesoporous Silica Films", "核酸适配体在多肽研究中的应用", "Highly Fe3+-Selective Fluorescent Nanoprobe Based on Ultrabright N/P Codoped Carbon Dots and Its Application in Biological Samples", "Polyvalent and Thermosensitive DNA Nanoensembles for Cancer Cell Detection and Manipulation", "Label-free and sensitive assay for deoxyribonuclease I activity based on enzymatically-polymerized superlong poly(thymine)-hosted fluorescent copper nanoparticles", "Scallop-Inspired DNA Nanomachine: A Ratiometric Nanothermometer for Intracellular Temperature Sensing", "基于水溶性共轭聚合物荧光增强测定精氨酸", "A selective nanosensor for ultrafast detection of Cu2+ ions based on C5 DNA-templated gold nanoclusters and Fenton-like reaction", "An ion quencher operated lamp for multiplexed fluorescent bioassays"], "学术ID": ["CN-B975QMQJ"]}