{"机构": "世界卫生组织疟疾、血吸虫病和丝虫病合作中心", "访问量": "2201", "被引量": "1836", "成果数": "164", "H_指数": "24", "G指数": "36", "期刊": "94.5%", "会议": "3.7%", "专著": "0%", "其他": "1.8%", "合作学者": {"喻鑫玲": "湖南省寄生虫病防治研究所", "罗新松": "湖南省寄生虫病防治研究所", "李岳生": "湖南省寄生虫病防治研究所", "杨瑞青": "湖南省寄生虫病防治研究所"}, "合作机构": {"湖南省寄生虫病防治研究所": "339", "湖南省血吸虫病防治研究所": "61", "苏州医学院寄生虫学教研室": "36", "中国预防医学科学院寄生虫病研究所": "33", "中南大学湘雅医学院寄生虫学教研室": "31", "湖南省血吸虫病防治所附属湘岳医院": "20", "中南大学公共卫生学院": "15", "湖南省血吸虫病防治研究所附属湘岳医院": "14", "湖南省血吸虫病防治所": "14", "世界卫生组织疟疾、血吸虫病和丝虫病合作中心": "11"}, "文章title": ["Clinical diagnostic value of viable Schistosoma japonicum eggs detected in host tissues", "四种单味中药及其复方对小鼠血吸虫病肝纤维化Ⅰ、Ⅲ型胶原及TGF-β1表达的影响", "Safety and efficacy of a new prophylactic tirofiban protocol without oral intraoperative antiplatelet therapy for endovascular treatment of ruptured intracranial aneurysms", "2005-2012年湖南省日本血吸虫病病情动态分析", "DNA Detection of Schistosoma japonicum: Diagnostic Validity of a LAMP Assay for Low-Intensity Infection and Effects of Chemotherapy in Humans", "School-based health education targeting intestinal worms—further support for integrated control", "Effects of Microtus fortis lymphocytes on Schistosoma japonicum in a bone marrow transplantation model", "日本血吸虫性别特异性候选基因的生物信息学分析", "[Influence factors of Schistosoma japonicum infection among fishermen in eastern Dongting Lake Region].", "Local Immune Responses of the Chinese Water Buffalo, Bubalus bubalis, against Schistosoma japonicum Larvae: Crucial Insights for Vaccine Design", "[Monitoring the prevalence of schistosomiasis in Erlang Village, Yueyang County from 2005 to 2012].", "Health-education package to prevent worm infections in Chinese schoolchildren", "PROBLEMS RELEVANT TO CONTINUING TRAINING OF HIGHER EDUCATION PERSONNEL IN CZECHOSLOVAKIA", "Development of an educational cartoon to prevent worm infections in Chinese schoolchildren", "输入性非洲血吸虫病的诊断与治疗", "SF-36量表用于埃及血吸虫病与日本血吸虫病患者生命质量测定的分析", "东洞庭湖区渔民血吸虫感染相关影响因素分析", "应用SF-36量表测定埃及血吸虫病与日本血吸虫病患者生命质量的比较", "Leukocyte infiltration and thickness of buffalo skin following infection.", "2005-2012年岳阳县二郎村血吸虫病疫情监测"], "学术ID": ["CN-B5743JXJ"]}