{"机构": "东北大学材料与冶金学院", "访问量": "481", "被引量": "344", "成果数": "19", "H_指数": "10", "G指数": "18", "期刊": "94.7%", "会议": "5.3%", "专著": "0%", "其他": "0%", "合作学者": {"王太勇": "天津大学机械工程学院", "邓辉": "天津大学机械工程学院", "胥永刚": "天津大学机械工程学院", "李强": "天津大学"}, "合作机构": {"天津大学机械工程学院": "51", "天津大学": "5", "军械工程学院": "5", "天津大学天津市先进制造技术与装备重点实验室": "2", "昆明医学院第二附属医院": "1", "东北大学材料与冶金学院": "1"}, "文章title": ["基于近似熵测度的自适应随机共振研究", "基于混沌和二维近似熵的滚动轴承故障诊断", "Study on non-linear filter characteristic and engineering application of cascaded bistable stochastic resonance system", "基于经验模式分解和最小二乘支持矢量机的滚动轴承故障诊断", "级联双稳随机共振系统非线性滤波特性", "Wiener滤波在有噪ICA中的应用研究", "级联双稳随机共振降噪下的有噪ICA研究", "基于EWF保护的XPE操作系统的开发与应用", "基于MATLAB神经网络的切削力预测", "一种数控仿真系统的网络化改进方案", "Study on open equipment condition monitoring and fault diagnosis system based on internet", "基于XPE的便携式数采分析仪的开发与应用", "Development and realization of the open fault diagnosis system based on XPE", "应用XPE的开放式故障诊断系统的开发与实现", "面向设备管理的网络化机械设备故障诊断系统的实现", "The application of windows multithread in high-speed continual large-capacity data acquisition system", "The application of windows multithread in high-speed continual large-capacity data acquisition system - art. no. 60410L", "Study on open equipment condition monitoring and fault diagnosis system based on internet - art. no. 60410I", "基于Internet的嵌入式设备状态监测系统开发与研究"], "学术ID": ["CN-BF733U6J"]}