{"机构": "川北医学院", "访问量": "247", "被引量": "154", "成果数": "57", "H_指数": "6", "G指数": "9", "期刊": "98.2%", "会议": "1.8%", "专著": "0%", "其他": "0%", "合作学者": {"文世民": "南充市中心医院", "侯梅": "四川大学华西医院", "郭翠华": "南充市中心医院", "付曦": "南充市中心医院"}, "合作机构": {"南充市中心医院": "83", "四川大学华西医院": "33", "川北医学院附属医院": "18", "上海交通大学医学院附属新华医院": "3", "沈阳军区总医院": "2", "四川省人民医院": "2", "川北医学院医学生物学教研室": "2", "川北医学院生物学教研室": "1", "天津医科大学附属肿瘤医院": "1", "川北医学院": "1"}, "文章title": ["Antiangiogenic effects of recombinant human endostatin in lung cancers", "BSD2000热疗联合拓扑替康化疗治疗铂类耐药型卵巢上皮癌的临床研究", "SATB1 plays an oncogenic role in esophageal cancer by up-regulation of FN1 and PDGFRB", "热疗联合吉西他滨治疗铂类耐药型卵巢上皮癌的疗效观察", "Rh-Endostatin抗血管生成及与其他疗法联合抗肿瘤的研究进展", "恩度腹腔灌注联合化疗治疗卵巢上皮癌腹腔积液的临床研究", "Efficacy of tamoxifen in combination with docetaxel in patients with advanced non-small-cell lung cancer pretreated with platinum-based chemotherapy.", "热疗联合放化疗治疗晚期胰腺癌临床观察", "高原藏区健康人群血红蛋白值检测结果分析", "食管癌的新辅助治疗进展", "ERCC1和Survivin预测96例NSCLC化疗疗效", "原发性胃癌与胃淋巴瘤的影像学特点与鉴别诊断", "甲孕酮减轻食管癌放疗患者骨髓抑制临床观察", "肿瘤学专业学位研究生的培养探索", "道孚猴结之初步分析", "高原地区道孚县居民健康体检情况分析", "G蛋白调节信号5在肿瘤中的作用"]}