{"机构": "中国人民解放军总医院", "访问量": "321", "被引量": "265", "成果数": "41", "H_指数": "8", "G指数": "13", "期刊": "97.6%", "会议": "2.4%", "专著": "0%", "其他": "0%", "合作学者": {"刘萍": "解放军总医院", "古今": "解放军总医院", "韩亚亮": "解放军总医院", "辛海莉": "解放军总医院"}, "合作机构": {"解放军总医院": "64", "上海中医药大学附属龙华医院": "4", "郑州大学第一附属医院": "3", "南方医科大学南方医院": "3", "武警总医院": "2", "天津中医药大学": "2", "长江大学附属第一医院": "1", "中国石油化工股份有限公司": "1", "广州医学院护理学院": "1", "中国人民解放军总医院": "1"}, "文章title": ["创新中草药调剂工作，建设全流程服务系统", "HPLC法测定血塞通软胶囊中三七皂苷R1及人参皂苷Rg1、Re、Rb1的含量", "血竭含药血清对雪旺氏细胞NGF,BDNF,CNTF,LNGFR,TrkA,GDNF,GAP-43和NF-H表达的影响", "某医院2010～2013年贵重中药饮片利用分析", "品管圈活动在提高中药饮片质量控制中的应用", "川芎含药血清对雪旺氏细胞促增殖作用及其机理研究", "正交实验法考察车前子水提物质量标准及不同来源品种质量比较", "The effect of borneol on the concentration of meropenem in rat brain and blood", "车前子指纹图谱研究及其2种指标成分的测定", "INCREASING EFFECT OF STORAX TO CONCENTRATION OF SULPIRIDE IN RATS BRAIN AND BLOOD", "Effect of single-use versus combined-use moschus and diazepam on expression of amino acid neurotransmitters in the rat corpus striatum", "Effect of borneol, moschus, storax, and acorus tatarinowii on expression levels of four amino acid neurotransmitters in the rat corpus striatum", "MD-HPLC联用研究中药苏合香对西药舒必利脑药和血药浓度的影响", "参松养心胶囊的高效液相色谱指纹图谱研究", "[Effect of storax on concentration of sulpiride in brain and blood by MD-HPLC].", "冰片单用及合用西药地西泮后对大鼠脑纹状体4种氨基酸类神经递质含量的影响", "石菖蒲挥发油的基本成分及其药理作用研究进展", "高效液相色谱法测定参松养心胶囊中马钱苷含量", "2005—2009年解放军总医院住院患者抗菌药物应用分析", "HPLC法测定参松养心胶囊中五味子酯甲的含量"]}