{"机构": "中国科学院力学研究所", "访问量": "2616", "被引量": "1624", "成果数": "283", "H_指数": "19", "G指数": "27", "期刊": "90.8%", "会议": "8.8%", "专著": "0%", "其他": "0.4%", "合作学者": {"罗小明": "中国石油大学储运与建筑工程学院", "吕宇玲": "中国石油大学(华东)储运与建筑工程学院", "陈振瑜": "中国石油大学储运与建筑工程学院", "杨东海": "中国石油大学储运与建筑工程学院"}, "合作机构": {"中国石油大学储运与建筑工程学院": "202", "中国石油大学(华东)储运与建筑工程学院": "66", "西安交通大学动力工程多相流国家重点实验室": "25", "石油大学": "24", "中国科学院工程热物理研究所": "16", "湖北经济学院外国语学院": "11", "大连理工大学海洋能源利用与节能教育部重点实验室": "10", "中国电子科技集团公司": "10", "西安交通大学": "8", "中国科学院力学研究所": "8"}, "文章title": []}