{"机构": "天津大学农业与生物工程学院", "访问量": "1257", "被引量": "863", "成果数": "80", "H_指数": "14", "G指数": "27", "期刊": "90%", "会议": "6.3%", "专著": "1.3%", "其他": "2.4%", "合作学者": {"张伟力": "天津大学太赫兹研究中心", "韩家广": "中国科学院上海应用物理研究所", "田震": "郑州大学化工与能源学院", "谷建强": "天津大学太赫兹研究中心"}, "合作机构": {"天津大学太赫兹研究中心": "48", "中国科学院上海应用物理研究所": "27", "郑州大学化工与能源学院": "19", "天津大学精密仪器与光电子工程学院超快激光研究室光电信息技术科学教育部重点实验室": "11", "天津大学": "10", "天津大学精密测试技术及仪器国家重点实验室": "8", "天津大学精仪学院超快激光研究室": "7", "天津大学精密仪器与光电子工程学院": "6", "天津大学化学工程研究所": "6", "天津大学农业与生物工程学院": "4"}, "文章title": ["光谱匹配算法应用于鸡血藤与大血藤的太赫兹光谱区分", "基于一阶导数的中药太赫兹光谱聚类（英文）", "太赫兹脉冲光谱法测量微米级多层油漆涂层厚度技术", "Optical generation,detection and non-destructive testing applications of terahertz waves", "太赫兹光谱技术应用于毒品与炸药的检测", "Terahertz metasurface studies based on the near-field spectroscopy", "Determination of plane stress state using terahertz time-domain spectroscopy", "A Broadband THz-TDS System Based on DSTMS Emitter and LTG InGaAs/InAlAs Photoconductive Antenna Detector", "基于闭环控制的太赫兹时域光谱快速采集", "基于渐开线原理的快速光学延迟线装置", "可编程THz-TDS锁相放大技术", "Terahertz Radar Imaging Based on Time-domain Spectroscopy", "太赫兹时域雷达成像研究", "Experimental verification of the uniaxial stress-optic law in the terahertz frequency regime", "Broad-band time domain terahertz radar cross-section research in scale models", "Active modulation of refractive index by stress in the terahertz frequency range.", "若干中药的太赫兹时域光谱探测与分层聚类", "Terahertz surface plasmon sensor for distinguishing gasolines", "基于基底细胞癌的太赫兹波光谱分析"], "学术ID": ["CN-B274YB6J"]}