{"机构": "水利水电科学研究院", "访问量": "318", "被引量": "215", "成果数": "37", "H_指数": "8", "G指数": "13", "期刊": "78.4%", "会议": "21.6%", "专著": "0%", "其他": "0%", "合作学者": {"张志强": "西南交通大学土木工程学院", "朱永全": "石家庄铁道学院土木工程分院", "刘学增": "同济大学地下建筑与工程系", "何川": "西南交通大学地下工程系"}, "合作机构": {"西南交通大学土木工程学院": "31", "石家庄铁道学院土木工程分院": "12", "石家庄铁路职业技术学院": "5", "同济大学地下建筑与工程系": "5", "西南交通大学地下工程系": "4", "华北电力大学可再生能源学院": "2", "西南交通大学交通隧道工程教育部重点实验室": "2", "同济大学": "1", "中国地质大学(北京)工程技术学院": "1", "水利水电科学研究院": "1"}, "文章title": ["基于相对位移的偏压小净距隧道动力稳定性", "大断面隧道模型试验水压模拟加载方法", "隧道不同损伤衬砌套拱加固对比试验研究", "考虑盲管排水和防水板隔水的隧道支护体系分担水荷载解析解", "深埋隧道轴线合理布置与衬砌结构稳定性研究", "基于二次受力的隧道套拱加固损伤衬砌模型试验", "隧道不同损伤状态二次衬砌预养护试验研究", "隧道地下风机房交叉结构施工过程稳定性研究", "近竖向节理发育地层隧道施工过程三维分析", "基于流固耦合的富水大断面隧道围岩稳定性研究", "近竖向节理发育地层隧道施工过程三维分析", "国家级精品课程“地下铁道”教学实践与思考", "大断面深埋隧道穿越富水断层灾变研究", "节理岩体隧道稳定性影响因素正交试验及锚杆作用要点研究", "In situ experiments on supporting load effect of largespan deep tunnels in hard rock", "构造应力场中的大断面隧道结构地震反应研究", "基于拱效应的软岩大断面隧道锚杆作用效应研究", "高速铁路膏溶角砾岩深埋隧道支护荷载确定方法", "节理岩体隧道稳定性影响因素正交试验及锚杆作用要点研究", "Unsymmetrical load effect of geologically inclined bedding strata on tunnels of passenger dedicated lines"], "学术ID": ["CN-BF74CXIJ"]}