{"机构": "西北农林科技大学动物医学院", "访问量": "250", "被引量": "131", "成果数": "36", "H_指数": "5", "G指数": "10", "期刊": "97.2%", "会议": "2.8%", "专著": "0%", "其他": "0%", "合作学者": {"刘英": "甘肃农业大学动物医学院", "崔胜": "中国农业大学生物学院", "吴安国": "甘肃农业大学动物医学系", "刘志学": "甘肃农业大学兽医系"}, "合作机构": {"甘肃农业大学动物医学院": "15", "甘肃农业大学兽医系": "12", "中国农业大学生物学院": "12", "甘肃农业大学生命科学技术学院": "7", "甘肃农业大学动物医学系": "6", "扬州大学兽医学院": "4", "甘肃农业大学": "2", "黑龙江八一农垦大学动物科技学院": "2", "兰州市畜牧兽医研究所": "2", "西北农林科技大学动物医学院": "2"}, "文章title": ["甘加藏羊发情周期腺垂体和血浆中GTH含量动态变化", "高原甘加型藏羊发情周期不同阶段卵巢FSHR和LHR基因表达差异的研究", "甘加藏羊发情周期血浆FSH和LH的分泌规律", "高等农业院校生物技术专业建设的探索*--以甘肃农业大学生物技术专业建设为例", "栀子水煎剂对獭兔胆汁分泌和胆囊平滑肌运动调节的研究", "栀子、龙胆、茵陈水煎剂对獭兔胆汁分泌和胆囊平滑肌运动调节研究", "单纯与联合灌注法构建猪支气管动脉立体标本", "绵羊人工瘤胃瘘管手术方法的改进", "动物生物技术专业实验教学模式改革与实践", "鸡胚胎腺垂体卵泡刺激素细胞的发育及其变化", "甘南州蕨麻猪线粒体DNA控制区的分子遗传学研究", "鸡胚胎腺垂体糖蛋白激素α亚单位细胞的发育及其变化", "手术状态下观察家兔胃运动的方法", "氟中毒对獭兔血液生理指标的影响", "醋酸铅对体外培养大鼠大脑皮质神经细胞形态的影响", "新生大鼠大脑皮质神经元原代培养方法的建立及其活性鉴定", "Expression of androgen receptor and its co-localization with estrogen receptor-alpha in the developing pituitary gland of sheep fetus", "Developmental changes of Islet-1 and its co-localization with pituitary hormones in the pituitary gland of chick embryo by immunohistochemistry"], "学术ID": ["CN-BH75FGTJ"]}