{"机构": "中国科学院上海生物化学研究所", "访问量": "178", "被引量": "6135", "成果数": "182", "H_指数": "38", "G指数": "76", "期刊": "81.9%", "会议": "1.1%", "专著": "1.6%", "其他": "15.4%", "合作学者": {"孙雪松": "暨南大学生命与健康工程研究院", "银兴峰": "暨南大学生命与健康工程研究院", "孙红哲": "香港大学化学系", "汪洋": "天津医科大学附属肿瘤医院"}, "合作机构": {"暨南大学生命与健康工程研究院": "104", "解放军总医院": "19", "香港大学化学系": "17", "中国医科大学附属第一医院": "13", "天津医科大学附属肿瘤医院": "13", "暨南大学组织移植与免疫教育部重点实验室": "12", "暨南大学第一附属医院": "10", "暨南大学生物医药研究开发基地": "9", "河南省人民医院": "8", "中国科学院上海生物化学研究所": "8"}, "文章title": ["A Novel Iron Transporter SPD_1590 in Streptococcus pneumoniae Contributing to Bacterial Virulence Properties", "The mechanism of iron-compensation for manganese deficiency of Streptococcus pneumoniae", "Significance of prohibitin domain family in tumorigenesis and its implication in cancer diagnosis and treatment", "Comprehensive analysis of the lysine acetylome and its potential regulatory roles in the virulence of Streptococcus pneumoniae", "Evolution and molecular mechanism of PitAs in iron transport of Streptococcus species", "Two zinc-binding domains in the transporter AdcA from Streptococcus pyogenes facilitate high-affinity binding and fast transport of zinc.", "A novel strategy of integrated microarray analysis identifies CENPA, CDK1 and CDC20 as a cluster of diagnostic biomarkers in lung adenocarcinoma.", "Propafenone suppresses esophageal cancer proliferation through inducing mitochondrial dysfunction.", "Isodeoxyelephantopin induces protective autophagy in lung cancer cells via Nrf2-p62-keap1 feedback loop.", "Comparative proteomics analysis identifies Cdc42-Cdc42BPA signaling as prognostic biomarker and therapeutic target for colon cancer invasion", "Comparative Proteomics of Streptococcus pneumoniae Response to Vancomycin Treatment.", "Proteomic analysis of mitochondria: biological and clinical progresses in cancer", "Motile hepatocellular carcinoma cells preferentially secret sugar metabolism regulatory proteins via exosomes", "The BET Bromodomain Inhibitor JQ1 Suppresses Chondrosarcoma Cell Growth via Regulation of YAP/p21/c-Myc Signaling.", "Inhibition of Nrf2 enhances the anticancer effect of 6-O-Angeloylenolin in lung adenocarcinoma", "The flightless I protein interacts with RNA-binding proteins and is involved in the genome-wide mRNA post-transcriptional regulation in lung carcinoma cells", "Significance of PI3K/AKT signaling pathway in metastasis of esophageal squamous cell carcinoma and its potential as a target for anti-metastasis therapy", "Jolkinolide B induces apoptosis of colorectal carcinoma through ROS-ER stress-Ca2+-mitochondira dependent pathway", "基于C6流式细胞仪平台应用FRET技术在活细胞中研究蛋白质相互作用"], "学术ID": ["CN-BP75FBSJ"]}