{"机构": "人民检察杂志社", "访问量": "8748", "被引量": "5286", "成果数": "186", "H_指数": "39", "G指数": "69", "期刊": "98.4%", "会议": "1.6%", "专著": "0%", "其他": "0%", "合作学者": {"龙宗智": "四川大学法学院", "刘品新": "中国人民大学法学院", "刘为军": "中国人民公安大学侦查系", "张卫平": "清华大学法学院"}, "合作机构": {"中国人民大学法学院": "14", "四川大学法学院": "9", "中国人民公安大学侦查系": "3", "清华大学法学院": "3", "北京大学法学院": "2", "中国政法大学": "2", "辽宁师范大学法学院": "1", "最高人民检察院渎职侵权检察厅": "1", "德恒律师事务所": "1", "人民检察杂志社": "1"}, "文章title": ["办案处处讲逻辑侦破不可缺经验——评《破案科学：侦查逻辑与经验》", "痛定思痛 亡羊补牢——聂树斌案反思", "领导干部财产申报制度之改进", "贪污罪非法占有目的之推定规则初探", "警察的伪证", "缺失的指纹", "死刑的证明", "姗姗来迟的正义", "腐败利益链的成因与阻断——十八大后落马高官贪腐案的实证分析", "如何推进以审判中心的诉讼制度改革", "刑事错案申诉再审制度实证研究", "冤案何以发生", "法院庭审直播的实证研究", "辛普森案与陪审制度", "强制性讯问录音录像推定规则"], "学术ID": ["CN-BP75MCHJ"]}