{"机构": "井冈山大学人文学院", "访问量": "563", "被引量": "212", "成果数": "86", "H_指数": "8", "G指数": "10", "期刊": "97.7%", "会议": "2.3%", "专著": "0%", "其他": "0%", "合作学者": {"甘秋霞": "西华师范大学文学院", "谭光辉": "四川师范大学文学院", "余荣虎": "南京晓庄学院文学院", "刘静": "西华师范大学文学院"}, "合作机构": {"西华师范大学文学院": "7", "南京晓庄学院文学院": "2", "四川师范大学文学院": "2", "西华师范大学": "1", "西北师范大学物理与电子工程学院": "1", "井冈山大学人文学院": "1"}, "文章title": ["精神高寒地带的抵达与坚守——论章泥的小说境界及文学人格底蕴", "李一清的农民体验与乡土作家的身份突围", "灵犀不负江山秀--读王剑冰的散文《阆中》", "编辑的书卷气与座上宾", "村上春树小说主题表现中的死亡因素--以《挪威的森林》为例", "编辑妙笔添彩的历史气度", "我是这样为孩子选大学", "编辑与学者共构的学术超越", "有价值的审察不应有的隔膜——论余光中对朱自清散文的批评", "执拗的不原谅——从余华长篇小说中的父亲说起", "浅析《为奴隶的母亲》中女主人公的三重角色", "“国学热”与鲁迅文学和学术贡献的价值判断", "学术沉浮在编辑的弃顾之间", "老舍《骆驼祥子》中祥子的悲剧内涵", "创作 批评 传媒众声喧哗下的打工文学", "瞩目文化创造,拓展20世纪中国文学的阐释空间——评李继凯等著《20世纪中国文学的文化创造》"], "学术ID": ["CN-B773TZXJ"]}