{"机构": "石河子大学医学院病理生理学教研室新疆地方与民族高发病教育部重点实验室", "访问量": "3039", "被引量": "1796", "成果数": "170", "H_指数": "15", "G指数": "39", "期刊": "92.9%", "会议": "5.3%", "专著": "0%", "其他": "1.8%", "合作学者": {"钟华": "第三军医大学西南医院", "邓峰美": "新疆地方病与民族高发病实验室", "孙志萍": "石河子大学医学院", "胡清华": "同济医科大学病理生理学教研室"}, "合作机构": {"第三军医大学西南医院": "115", "石河子大学医学院": "109", "石河子大学医学院第一附属医院": "85", "新疆地方病与民族高发病实验室": "78", "同济医科大学病理生理学教研室": "25", "中国科学院化学研究所": "23", "石河子大学医学院病理生理学教研室": "16", "中国医科大学附属第一医院": "11", "石河子大学医学院病理生理学教研室石河子大学新疆地方与民族高发病教育部重点实验室": "10", "石河子大学医学院病理生理学教研室新疆地方与民族高发病教育部重点实验室": "10"}, "文章title": ["Unexpected role of the human cytomegalovirus contribute to essential hypertension in the Kazakh Chinese population of Xinjiang", "Involvement of interaction between TRPC1 and Orai1 in calcium sensing receptor-mediated calcium influx and nitric oxide generation in human umbilical vein endothelial cells", "TRPC1 stimulates calcium-sensing receptor-induced store-operated Ca2+ entry and nitric oxide production in endothelial cells", "Association between high cytomegalovirus antibody titers and blood pressure in the adult Kazakh and Han Chinese populations", "钙离子信号蛋白TRPC1及Orai1参与了HUVEC经SOC和ROC介导的钙内流和NO生成", "TRPC1/ORAI1复合体调节HUVECs SOC和ROC介导的Ca2+内流和NO生成", "TRPC1/STIM1复合体调节人脐静脉内皮细胞钙池操纵性钙通道和受体操纵性钙通道介导的钙内流和NO生成", "钙离子感受蛋白STIM1与Orai1在钙敏感受体介导钙内流及NO生成中的相互作用", "High anti-human cytomegalovirus antibody levels are associated with the progression of essential hypertension and target organ damage in Han Chinese population", "钙敏感受体介导的人脐静脉内皮细胞钙内流及一氧化氮生成过程中TRPC1与STIM1的相互作用", "Interaction between STIM1 and Orai1 in calcium-sensing receptor-mediated calcium influx and nitric oxide generation", "S8 Table", "过表达microRNA-29a上调锌脂蛋白91对大鼠肾上腺嗜铬细胞瘤细胞凋亡的影响", "关于如何提升病理生理学实验教学质量的探讨", "浅谈实验室学术例会制度在基础医学研究生培养中的应用", "Association of cytomegalovirus infection with hypertension risk: a meta-analysis", "Reduced Expression of the Extracellular Calcium-Sensing Receptor (CaSR) Is Associated with Activation of the Renin-Angiotensin System (RAS) to Promote Vascular Remodeling in the Pathogenesis of Ess...", "病理生理学教师走向临床反哺教学的意义", "原花青素抗氧化损伤作用动物实验研究系统评价"], "学术ID": ["CN-BT74UHDJ"]}