{"机构": "浙江工商大学环境科学与工程学院", "访问量": "7725", "被引量": "11749", "成果数": "319", "H_指数": "56", "G指数": "99", "期刊": "90.6%", "会议": "2.2%", "专著": "6%", "其他": "1.2%", "合作学者": {"杨肖娥": "浙江大学环境与资源学院", "李廷强": "浙江大学环境与资源学院污染环境修复与生态健康教育...", "黄昌勇": "浙江大学环境与资源学院", "章明奎": "浙江大学环境与资源学院"}, "合作机构": {"浙江大学环境与资源学院": "250", "浙江大学环境与资源学院污染环境修复与生态健康教育部重点实验室": "52", "浙江农业大学土化系": "36", "浙江大学土化系": "28", "中国科学院地球化学研究所": "25", "四川大学建筑与环境学院": "13", "浙江农业大学": "13", "四川农业大学资源环境学院": "10", "四川农业大学资源与环境学院": "10", "浙江工商大学环境科学与工程学院": "9"}, "文章title": []}