{"机构": "浙江大学外国文学研究所", "访问量": "173", "被引量": "59", "成果数": "51", "H_指数": "4", "G指数": "4", "期刊": "96.1%", "会议": "3.9%", "专著": "0%", "其他": "0%", "合作学者": {"殷企平": "浙江大学外国文学研究所"}, "合作机构": {"浙江大学外国文学研究所": "1"}, "文章title": ["具身的信任——论洛克特尼茨的《相信表演：认知视野中的戏剧具身》", "从侨易学看《黑孩子》中赖特语言意识的流变", "国人对“莎士比亚化”和“席勒式”的误读与建构", "焦菊隐的“心象说”再评价", "民族学生英美文学教学中民族性与世界性的文化协调", "认知科学的特点及其对认知诗学的影响", "吴兴华的莎士比亚研究", "英国浪漫主义诗歌的认知研究——论理查德森的《神经系统中的崇高》", "中国二十世纪外国文学翻译与评论总貌的量化研究", "为形式主义与印象式批评搭建桥梁的认知诗学——论楚尔的《走向认知诗学理论》", "空间与思维:以特纳的空间认知理论解读《天路历程》", "莎剧与戏曲的结构比较", "以三一律的标准看《赵氏孤儿》及墨菲的改编", "新中国外国戏剧翻译与评论的量化研究", "论奥尼尔的悲剧观", "20世纪外国文学翻译与评论的历时的量化研究"], "学术ID": ["CN-BA74PTYJ"]}