{"机构": "中国医科大学附属第一医院", "访问量": "1889", "被引量": "3273", "成果数": "104", "H_指数": "17", "G指数": "57", "期刊": "82.7%", "会议": "12.5%", "专著": "0%", "其他": "4.8%", "合作学者": {"李建平": "中国科学院大气物理研究所大气科学和地球流体力学数...", "高晓光": "中国科学院电子学研究所传感技术国家重点实验室", "贾建": "中国科学院电子学研究所传感技术国家重点实验室", "张阳": "中国科学院电子学研究所传感技术国家重点实验室"}, "合作机构": {"中国科学院电子学研究所传感技术国家重点实验室": "163", "中国科学院大气物理研究所大气科学和地球流体力学数值模拟国家重点实验室": "85", "河南师范大学化学系": "13", "吉林大学电子工程系": "9", "军事交通学院基础部": "9", "南京邮电大学理学院": "7", "吉林大学电子科学系": "5", "中国医学科学院中国协和医科大学北京协和医院": "4", "中国科学院化学研究所": "4", "中国医科大学附属第一医院": "3"}, "文章title": []}