{"机构": "河北农业大学植物保护学院", "访问量": "21080", "被引量": "20925", "成果数": "697", "H_指数": "77", "G指数": "114", "期刊": "89.2%", "会议": "5.3%", "专著": "1.3%", "其他": "4.2%", "合作学者": {"夏先春": "CIMMYT中国办事处", "张艳": "中国农业科学院作物育种栽培研究所国家小麦改良中心", "陈新民": "河南省浚县种子公司", "张勇": "江苏里下河地区农业科学研究所"}, "合作机构": {"CIMMYT中国办事处": "365", "中国农业科学院作物育种栽培研究所国家小麦改良中心": "272", "中国农业科学院作物科学研究所": "140", "山东省农业科学院作物研究所": "139", "河南省浚县种子公司": "107", "江苏里下河地区农业科学研究所": "101", "西北农林科技大学农学院": "82", "中国农业科学院棉花研究所": "75", "首都师范大学生命科学学院": "54", "河北农业大学植物保护学院": "54"}, "文章title": ["Mapping and validation of a new QTL for adult-plant resistance to powdery mildew in Chinese elite bread wheat line Zhou8425B", "Genome-wide association mapping of vitamins B1 and B2 in common wheat", "Genome-wide linkage mapping of yield-related traits in three Chinese bread wheat populations using high-density SNP markers", "Relationship between Grain Filling Parameters and Grain Weight in Leading Wheat Cultivars in the Yellow and Huai Rivers Valley", "The goat grass genome’s role in wheat improvement", "Fast-forwarding genetic gain", "Wheat genetic resources in the post-genomics era: promise and challenges", "三种限水灌溉水平下中麦175干物质积累与水分利用特性解析", "中国小麦产业发展与科技进步", "Time-series multispectral indices from unmanned aerial vehicle imagery reveal senescence rate in bread wheat", "The seed dormancy allele TaSdr-A1a associated with pre-harvest sprouting tolerance is mainly present in Chinese wheat landraces", "S组山羊草属Psy1基因片段的克隆与序列分析", "Supplementary Material 11", "Genotypic Variation in Wheat Flour Lysophospholipids", "Crop breeding chips and genotyping platforms : progress, challenges, and perspectives", "QTL mapping of adult-plant resistance to leaf rust in the wheat cross Zhou 8425B/Chinese spring using high-density SNP markers", "Quantitative trait loci mapping of adult‐plant resistance to leaf rust in a Fundulea 900 × ‘Thatcher’ wheat cross", "Genome-wide association mapping of black point reaction in common wheat (Triticum aestivum L.).", "Development of DNA based 2-D digital barcodes in Pakistan wheat cultivars for reliable varietal identification and digital repository"]}