{"机构": "湖南中医药大学体育艺术部", "访问量": "1069", "被引量": "974", "成果数": "105", "H_指数": "19", "G指数": "25", "期刊": "88.6%", "会议": "10.5%", "专著": "0%", "其他": "0.9%", "合作学者": {"屈娅婷": "湖南中医药大学", "严洁": "湖南中医学院针灸推拿系", "李江山": "湖南中医药大学", "常小荣": "湖南中医药大学针灸推拿学院"}, "合作机构": {"湖南中医药大学": "112", "湖南中医学院针灸推拿系": "28", "湖南中医药大学针灸推拿学院": "24", "湖南中医学院": "19", "湖南中医学院中医诊断研究所": "16", "天津中医药大学": "10", "湖南中医学院针灸系": "10", "湖南中医学院第一附属医院": "9", "广东省中医院": "8", "湖南中医药大学体育艺术部": "7"}, "文章title": ["复合平肥茶对单纯性肥胖大鼠脂肪组织UCP-1 mRNA和下丘脑POMC mRNA的影响", "Effects of electroacupuncture on insulin resistance and hypothalamic insulin signal molecule in rats with diet-induced obesity", "Electroacupuncture Improves Insulin Resistance by Reducing Neuroprotein Y/Agouti-Related Protein Levels and Inhibiting Expression of Protein Tyrosine Phosphatase 1B in Diet-induced Obese Rats", "2型糖尿病大鼠心肌纤维化气虚痰瘀证模型的建立", "人参皂苷 Rg1对局灶性脑缺血再灌注大鼠的神经保护作用", "2型糖尿病大鼠心肌纤维化气阴亏虚、痰瘀互结证模型的建立", "Electroacupuncture Improves Insulin Resistance by Reducing NPY/AGRP Levels and Inhibiting Expression of PTP1B in Diet-induced Obese Rats", "Effects of Electro-acupuncture on Insulin Resistance and Hypothalamic Agouti Gene-related Protein and Neuropeptide Y in Obesity Rats", "电针对单纯性肥胖大鼠胰岛素抵抗及下丘脑胰岛素信号分子的影响", "高脂饮食诱导的肥胖大鼠脂肪细胞改变及平肥2号方干预的研究", "运用证素辨证理论探讨2型糖尿病中医辨证分型", "体针及其配合推拿对单纯性肥胖女性体质量及BMI改变的影响", "电针对饮食诱导单纯性肥胖大鼠的抗肥胖作用及其机制", "Effect of Combined Manual Acupuncture and Massage on Body Weight and Body Mass Index Reduction in Obese and Overweight Women: A Randomized, Short-term Clinical Trial", "体针配合推拿对40例超重女性体质量及 BMI的影响", "中西医病名对照诊断模式的思考", "[Effects of jingjin acupuncture on fine activity of hemiplegic hand in recovery period of stroke].", "经筋刺法对脑卒中恢复期偏瘫手精细动作的影响"], "学术ID": ["CN-BQ74A9PJ"]}