{"机构": "吉林农业大学食品工程学院", "访问量": "2235", "被引量": "1057", "成果数": "142", "H_指数": "18", "G指数": "26", "期刊": "88.7%", "会议": "10.6%", "专著": "0%", "其他": "0.7%", "合作学者": {"姜秀云": "吉林农业大学动物科技学院", "王春凤": "吉林农业大学动物科技学院", "钱爱东": "吉林农业大学动物科技学院", "高云航": "吉林农业大学动物科技学院"}, "合作机构": {"吉林农业大学动物科技学院": "153", "吉林农业大学": "58", "中国农业大学动物医学院": "19", "吉林农业大学动物科学技术学院": "15", "天津市农场局": "13", "黑龙江畜牧兽医职业学院": "13", "农业部动物检疫所": "12", "中国动物卫生与流行病学中心": "9", "吉林农业大学生命科学学院": "6", "吉林农业大学食品工程学院": "5"}, "文章title": ["Cloning and Expression of 34KDa Protein Gene of Mycobacterium paratuberculosis in Escherichia coli", "牛分枝杆菌mpb51-63融合基因的克隆及其原核表达", "Cloning and Expression of 34KDa Protein Gene of Mycobacterium paratuberculosis in Escherichia coli", "Cloning and Expression of ESAT-6 Gene of Mycobacterium bovis in Escherichia coli", "牛分枝杆菌MPB64基因在大肠杆菌中的表达", "猪瘟疫苗免疫后IFN-γ水平的检测", "副结核分枝杆菌65基因的克隆及序列分析", "副结核分枝杆菌hsp65基因的克隆及序列分析", "副结核分枝杆菌hsp65基因在大肠杆菌中的表达", "商品育肥猪黏膜抗体的检测", "新城疫人工主动与被动联合免疫的效果观察", "牛分枝杆菌MPB64基因的克隆及序列分析", "黄牛泌乳系统正常菌群的检测", "小反刍兽疫病毒(PPRV)N蛋白的表达与ELISA检测方法的建立", "鸡脾脏中T淋巴细胞及其亚群的发育", "ESAT-6及PPD ELISA检测疫区和非疫区牛结核病的比较研究", "鸡食管扁桃体的组织学和免疫组织化学研究", "四种方法检测羊副结核病的比较"], "学术ID": ["CN-B873ZHNJ"]}