{"机构": "华南理工大学土木与交通学院", "访问量": "2489", "被引量": "1297", "成果数": "151", "H_指数": "18", "G指数": "30", "期刊": "87.4%", "会议": "10.6%", "专著": "0%", "其他": "2%", "合作学者": {"贾德民": "华南理工大学材料科学与工程学院", "洪浩群": "华南理工大学材料科学与工程学院", "丁超": "金发科技股份有限公司", "罗远芳": "华南理工大学材料科学与工程学院"}, "合作机构": {"华南理工大学材料科学与工程学院": "178", "金发科技股份有限公司": "24", "华南理工大学高分子系": "18", "华南理工大学": "11", "中国科学院研究生院": "10", "广东工业大学材料与能源学院": "9", "广州吉必时科技实业有限公司": "6", "华南理工大学传热强化与过程节能教育部重点实验室": "5", "华南理工大学环境科学与工程学院": "4", "华南理工大学土木与交通学院": "4"}, "文章title": ["Macroporous Ni foam-supported Co 3 O 4 nanobrush and nanomace hybrid arrays for high-efficiency CO oxidation", "Grafting polycaprolactone diol onto cellulose nanocrystals via click chemistry: enhancing thermal stability and hydrophobic property", "Flame retarded polyethylene/wood flour composites with high performances: Satisfying both sides with intumescent flame retardants and synergistic compatibilizers, respectively", "The aggregation structure regulation of lignin by chemical modification and its effect on the property of lignin/styrene&ndash;butadiene rubber composites", "Reinforcement of Natural Rubber: The Use of in Situ Regenerated Cellulose from Alkaline–Urea–Aqueous System", "Sustainable utilization of waste printed circuit boards powders in HDPE-wood composites: Synergistic effects of multicomponents on structure and properties", "Preparation and properties of poly(lactic acid)/cellulose nanocrystals nanocomposites compatibilized with maleated poly(lactic acid)", "Elastomer Reinforced with Regenerated Chitin from Alkaline/Urea Aqueous System", "Study of using aluminum hypophosphite as a flame retardant for low-density polyethylene", "In situ fabrication of cellulose nanocrystal‐silica hybrids and its application in UHMWPE: Rheological, thermal, and wear resistance properties", "High through-plane thermal conductivity of polymer based product with vertical alignment of graphite flakes achieved via 3D printing", "A novel interpenetrating polymer network of natural rubber/regenerated cellulose made by simple co-precipitation", "Synergistically improved thermal conductivity of polyamide-6 with low melting temperature metal and graphite", "Study on low temperature toughness and crystallization behavior of polypropylene random copolymer", "Effect of nanoparticles on the mechanical properties of acrylonitrile–butadiene–styrene specimens fabricated by fused deposition modeling", "Flame‐retardant and thermal degradation mechanism of low‐density polyethylene modified with aluminum hypophosphite and microencapsulated red phosphorus", "竹粉/丙烯腈-丁二烯-苯乙烯共聚物（ABS）木塑复合材料的改性研究", "Recycling of waste artificial marble powder in HDPE‐wood composites", "Preparation and characterization of synergistically improved thermally conductive polyamide 6 with low melting point metal and low‐temperature expandable graphite", "Preparation and properties of wood plastic composites based on tea residue (pages 2265–2274)"]}