{"机构": "西安交通大学材料科学与工程学院", "访问量": "852", "被引量": "463", "成果数": "61", "H_指数": "12", "G指数": "19", "期刊": "82%", "会议": "18%", "专著": "0%", "其他": "0%", "合作学者": {"何德坪": "东南大学", "褚旭明": "东南大学材料科学与工程学院", "王辉": "东南大学", "黄可": "东南大学材料科学与工程学院"}, "合作机构": {"东南大学": "65", "东南大学材料科学与工程学院": "33", "东南大学材料科学与工程系": "6", "西安交通大学强度与振动教育部重点实验室": "4", "徐州医学院公共卫生学院": "3", "东南大学工程力学系": "3", "南京航空航天大学航空宇航学院": "2", "河海大学力学与材料学院": "2", "东南大学土木工程学院": "2", "西安交通大学材料科学与工程学院": "2"}, "文章title": [], "学术ID": ["CN-BB73V3RJ"]}