{"机构": "江西理工大学应用科学学院", "访问量": "1108", "被引量": "591", "成果数": "75", "H_指数": "12", "G指数": "21", "期刊": "94.7%", "会议": "5.3%", "专著": "0%", "其他": "0%", "合作学者": {"陈明": "西北工业大学自动化学院", "张朋": "西北工业大学自动化学院", "戴冠中": "西北工业大学自动控制系", "周贤娟": "江西理工大学机电工程学院"}, "合作机构": {"西北工业大学自动化学院": "57", "西北工业大学自动控制系": "12", "江西理工大学": "9", "江西理工大学机电工程学院": "9", "西北工业大学": "8", "西北工业大学计算机学院": "7", "电子科技大学电子工程学院": "6", "空军工程大学工程学院": "4", "泸州医学院附属医院": "3", "江西理工大学应用科学学院": "3"}, "文章title": ["Novel blind source separation method based on FSS-kernel and FastICA combination", "基于粒子群算法的嵌入式云计算资源调度", "基于嵌入式云技术的油井液位远程测试系统", "基于概率密度估计改进粒子滤波的行人跟踪算法研究", "加速度信号随机噪声及趋势项实时消除方法研究", "基于WiFi的超低功耗温湿度网络传感器设计", "测控技术与仪器专业“本硕一体化”培养模式研究", "Genetic algorithm improvement for Powell image registration", "频率可调的多协议RFID读写器设计", "具有远程升级功能的网络化智能温控器", "改进DMC在远程网络化过程测控系统中的应用研究", "基于最小二乘支持向量机的声波测距系统消噪处理", "基于WiFi的网络化油井示功图测试系统研究", "遗传算法对Powell图像配准方法的改进", "基于双阈值运动区域分割的AdaBoost行人检测算法", "具有语音识别功能的无线网络节点开关控制系统", "具有短信收发功能的智能电子锁设计", "Research on fusion algorithm with BP neural network and rough set", "压电悬臂梁采收振动能发电能力分析与仿真"], "学术ID": ["CN-B474PQEJ"]}