{"机构": "河北医科大学第四医院", "访问量": "306", "被引量": "200", "成果数": "30", "H_指数": "6", "G指数": "14", "期刊": "83.3%", "会议": "6.7%", "专著": "6.7%", "其他": "3.3%", "合作学者": {"喻建胜": "西南石油大学", "刘鸣": "四川大学华西医院", "林森": "四川大学华西医院", "彭星煜": "西南石油大学"}, "合作机构": {"四川大学华西医院": "34", "西南石油大学": "21", "西南石油大学机电工程学院": "5", "山东中医药大学附属医院": "4", "西南石油大学石油工程学院": "4", "中南大学湘雅医院": "4", "南京军区南京总医院": "4", "中山大学附属第一医院": "3", "西南石油学院": "3", "河北医科大学第四医院": "3"}, "文章title": ["Genetic Variations of the COL4A1 Gene and Intracerebral Hemorrhage Risk: A Case-Control Study in a Chinese Han Population", "Genetic Variations of COL4A1 gene and Intracerebral Hemorrhage risk: A case-control Study in Chinese Han Population.", "Study on corrosion reliability of oil/gas pipelines based on enhanced Hamacher Operator and Bayesian Assessment", "基于图论的L-13站工艺系统拓扑分析", "可拓方法的优度评价在输气管优化设计中的应用", "Transcranial laser therapy for acute ischemic stroke: Reviews", "Transcranial laser therapy for acute ischemic stroke: Reviews", "在用油气管道“三非”检测评价技术", "\"三标一规范\"在油气管道检测中的运用", "Overall reliability analysis on oil/gas pipeline under typical third-party actions based on fragility theory", "Aortic arch atheroma and the risk of stroke: A meta-analysis", "Buflomedil for acute ischaemic stroke", "HAZOP技术在CNG储气井风险评价中的应用", "油气管内壁缺陷的微磁检测技术", "中国急性卒中随机对照试验证据现状与思考", "[Analysis of acute stroke trials conducted in mainland China in the past 17 years]", "中国急性脑卒中随机对照试验证据现状与趋势分析", "防喷器壳体材料疲劳试验的声发射信号分析"]}