{"机构": "南方医科大学南方医院", "访问量": "710", "被引量": "352", "成果数": "93", "H_指数": "10", "G指数": "14", "期刊": "97.8%", "会议": "1.1%", "专著": "0%", "其他": "1.1%", "合作学者": {"寇国庆": "蚌埠学院", "何平": "南京师范大学文学院", "王尧": "苏州大学文学院", "张清华": "北京师范大学文学院"}, "合作机构": {"南京师范大学文学院": "6", "蚌埠学院": "6", "南京理工大学人文学院": "4", "苏州大学文学院": "4", "江苏省作家协会": "3", "北京师范大学文学院": "3", "南京大学中文系": "3", "中山大学中文系": "2", "中国人民大学文学院": "2", "南方医科大学南方医院": "2"}, "文章title": ["批评文体的偏至与再造", "寻找水晶的故事——周李立短篇小说《东海,东海》读札", "二十一世纪以来中国诗歌的地方性问题", "文字,悟性與韵味", "代群意识的辩证", "我们这个时代的文学重器", "复杂时代的精神选择——刘醒龙长篇小说《蟠虺》论", "个体困境的探究与揭示──鲁敏论", "讲述中国的方法——贾平凹长篇小说《老生》读札", "台湾中生代诗人论", "重新回到文学的根本——艾伟访谈录", "“工具文体”的突破与“精英文体”的确立——“伤痕”、“反思”小说新论", "逾越限度的探险——关于骆英诗歌的对话", "[Study of reconstruction of digital three-dimensional model of normal human placental vascular network based on MRI data in vitro].", "文学批评的反思与重建——关于“重估中国当代文学批评”的讨论", "作为一种精神资源的中国当代文学", "重新“归顺”于对“人”的关切——关于吴克敬的小说创作", "天空宽广到何时，天空宽广到何地？——读谷川俊太郎的诗", "英国创意产业发展的基本经验"], "学术ID": ["CN-BF741MFJ"]}