{"机构": "中国人民大学新闻学院", "访问量": "422", "被引量": "215", "成果数": "39", "H_指数": "9", "G指数": "12", "期刊": "97.4%", "会议": "2.6%", "专著": "0%", "其他": "0%", "合作学者": {"陈继静": "中国人民大学新闻学院", "潘润涵": "北京大学历史系"}, "合作机构": {"北京大学历史系": "1", "中国人民大学新闻学院": "1"}, "文章title": ["“天人感应”≠“君权神授”——兼谈神学在中国不发达的原因", "释“American Dream”", "“人人生而平等”应如何解", "战力:一个观察美国强大真因的窗口", "世界历史:马克思的概念及思想体系——兼谈西方全球史学的成就与局限", "美国人“使命观”的最初表达——约翰·温斯罗普《基督教仁爱的典范》新解", "神话、传说与历史", "特许公司——西方推行“重商政策”的急先锋", "一种积累型文明发展模式——试论美利坚文明的一个重要特点", "大西部的开发与美国的现代化", "关于资本主义起源的历史类型", "美国的崛起及其动力", "东欧“再版农奴制”庄园经济的性质问题——与美洲奴隶种植园经济的初步比较", "美利坚文明的历史起源", "大开发带动大发展", "考据是必要的", "应当重视高科技革命问题的研究", "美国西部开发的历史与经验", "人类正面临从未有过的变化--论高科技革命的世界历史意义", "马克思《资本主义生产以前的各种形式》考辨"], "学术ID": ["CN-BT73RZTJ"]}