{"机构": "常州轻工职业技术学院", "访问量": "5397", "被引量": "3156", "成果数": "173", "H_指数": "34", "G指数": "47", "期刊": "88.4%", "会议": "10.4%", "专著": "0%", "其他": "1.2%", "合作学者": {"何思渊": "东南大学材料科学与工程学院", "舒光冀": "东南大学", "陈锋": "东南大学材料科学与工程系", "褚旭明": "东南大学材料科学与工程学院"}, "合作机构": {"东南大学": "88", "东南大学材料科学与工程学院": "86", "东南大学材料科学与工程系": "82", "河海大学力学与材料学院": "9", "井冈山大学工学院": "7", "东南大学工程力学系": "6", "东南大学土木工程学院": "5", "山东理工大学机械工程学院": "4", "郑州大学设备处": "4", "常州轻工职业技术学院": "3"}, "文章title": ["Acoustic absorption properties of open-cell Al alloy foams with graded pore size", "CaCO_3在铝熔体中的热分解特性及在泡沫铝制备中的应用", "闭孔泡沫铝在圆柱形平压头下的压痕性能", "梯度孔径多孔铝合金的压缩及吸能性能", "Fabrication of Open-cell Al Foam Core Sandwich by Vibration Aided Liquid Phase Bonding Method and Its Mechanical Properties", "碳酸钙制备小孔径中等孔隙率类球形孔泡沫铝及其合金", "高孔隙率、小孔径泡沫铝的制备及压缩性能", "孔结构周期调制通孔多孔铝合金及其吸声性能", "梯度孔径多孔铝合金的压缩及吸能性能", "小孔径通孔多孔铝合金的防风降噪性能", "Study on fabrication of shaped al alloy foam by two-step foaming method", "航空航天返回过程的轻质能量吸收器", "预热对二次泡沫化法制备泡沫铝合金孔结构的影响", "球形孔泡沫铝及其合金的拉伸性能", "New type of porous metal with spherical pore prepared by plastic working and properties", "Effect of \"through-hole\" on porous aluminum alloy compressive mechanical properties", "胞状AlCu5Mn合金泡沫的压缩性能和能量吸收特性", "闭孔泡沫纯铝的导热性能", "防锈闭孔泡沫Al-Mg-Re基合金的制备与性能", "Zn-Al-Cu基合金无钎剂钎焊泡沫铝的界面结构及力学性能"], "学术ID": ["CN-B774VEHJ"]}