{"机构": "浙江大学肿瘤研究所", "访问量": "2521", "被引量": "1344", "成果数": "65", "H_指数": "22", "G指数": "34", "期刊": "89.2%", "会议": "7.7%", "专著": "0%", "其他": "3.1%", "合作学者": {"姚礼庆": "复旦大学附属中山医院", "高卫东": "复旦大学附属中山医院", "周平红": "复旦大学附属中山医院", "徐美东": "复旦大学附属中山医院"}, "合作机构": {"复旦大学附属中山医院": "344", "上海医科大学附属中山医院": "4", "广东省肇庆市第一人民医院": "3", "温州医学院附属第一医院": "2", "南京医科大学附属淮阴第一医院": "2", "上海市普陀区人民医院": "1", "宁夏医学院附属医院": "1", "宁夏永宁县医院": "1", "江苏省启东市中医院": "1", "浙江大学肿瘤研究所": "1"}, "文章title": ["鼻胆管引流治疗胆囊切除术后胆漏", "ERCP在胆囊切除术后黄疸诊治中的应用", "高龄患者急性化脓性胆管炎的急诊内镜治疗", "管状吻合器在乙状结肠造口术中的应用", "胆管恶性梗阻内镜治疗的临床价值", "内镜在肝移植术后胆道并发症处理中的应用价值", "中低位直肠癌前哨淋巴结定位活检的可行性研究", "Endoscopic submucosal dissection for rectal carcinoid tumors", "经内镜金属支架置入术治疗左侧大肠癌性梗阻的临床价值", "经内镜金属支架置入术治疗左侧大肠癌性梗阻的临床价值", "胆管恶性梗阻内镜治疗的临床价值", "内镜黏膜下剥离术治疗直肠类癌", "经内镜金属支架置入术治疗胃出口恶性梗阻的临床价值", "肿瘤和正常组织中细胞角蛋白CK19的表达差异及其意义分析", "丁胱亚磺酰亚胺对奥沙利铂治疗裸鼠人大肠癌化疗增敏作用的研究", "直肠类癌的内镜超声诊断和内镜黏膜下切除", "直肠类癌的内镜超声诊断和内镜黏膜下切除", "内镜介入治疗胃肠道癌性梗阻", "胆囊切除术后残留胆总管结石的内镜诊治", "胃出口、十二指肠和近端小肠恶性梗阻的内镜治疗"], "学术ID": ["CN-BY74OE9J"]}