{"机构": "北京德恒律师事务所", "访问量": "3002", "被引量": "1547", "成果数": "52", "H_指数": "21", "G指数": "39", "期刊": "96.2%", "会议": "1.9%", "专著": "0%", "其他": "1.9%", "合作学者": {"张水波": "天津大学管理学院", "孔德泉": "天津大学管理学院", "陈勇强": "天津大学管理学院", "王辉": "天津大学"}, "合作机构": {"天津大学管理学院": "28", "天津大学": "8", "沈阳建筑工程学院": "2", "天津大学管理与经济学部": "1", "交通部一航院": "1", "北京德恒律师事务所": "1"}, "文章title": ["论国际工程管理人才素质要求与培养", "一个老仲裁员对律师的希冀", "国际工程项目争议如何通过调解解决?", "中国承包商参与伦敦奥运工程的决策要素分析", "建设工程争议评审机制的沿革及在我国推广的建议", "建设监理公司向工程项目管理公司转化的思考与建议", "培养国际工程管理人才:思路与途径", "应用伙伴关系理念 和谐工程项目管理", "适应走出去形势发展,大力培养国际工程管理人才", "EPC总承包工程项目的争端与索赔", "FIDIC合同条件范本的最新发展", "发挥咨询先行作用带动我国国际工程承包事业的发展", "一项软课题的研究历程和启示——建设部软课题“工程建设监理的国际惯例与我国建设监理业的发展前景”", "国际工程承包的调价工作", "提高我国外经企业的本地化程度初探", "采用FIDIC文献教学，培养高水平国际工程管理人才", "监理工程师是工程项目争议的第一调解人", "论工程项目施工中的安全管理", "工程建设安全管理中施工合同有关各方的职责"], "学术ID": ["CN-BC75H6SJ"]}