{"机构": "中国科学院生物物理研究所脑与认知科学国家重点实验室", "访问量": "153", "被引量": "98", "成果数": "32", "H_指数": "5", "G指数": "9", "期刊": "71.9%", "会议": "25%", "专著": "0%", "其他": "3.1%", "合作学者": {"王惠临": "中国科学技术信息研究所", "宗成庆": "中国科学院自动化研究所模式识别国家重点实验室", "周玉": "中国科学院自动化研究所模式识别国家重点实验室", "李颖": "中国科学技术信息研究所"}, "合作机构": {"中国科学技术信息研究所": "39", "中国科学院自动化研究所模式识别国家重点实验室": "17", "北京大学信息管理系": "10", "北京农业职业学院": "2", "中国电影艺术研究中心": "1", "中国地质大学": "1", "模式识别国家重点实验室": "1", "中国科学院生物物理研究所脑与认知科学国家重点实验室": "1"}, "文章title": ["第一届亚洲翻译研讨会KyotoEBMT系统报告", "深度学习在统计机器翻译领域自适应中的应用研究", "ASPEC:亚洲科学论文摘录语料库", "融合领域知识与深度学习的机器翻译领域自适应研究", "面向科技文献的中日机器翻译合作研究", "Towards patent text analysis based on semantic role labelling", "2015全国机器翻译研讨会ISTIC评测报告", "中文语义角色标注在情报分析领域的应用研究", "基于汉语主题词表的统计机器翻译训练数据筛选方法及实验研究", "专利检索系统中可视化查询的比较研究", "Chinese Temporal Relation Resolution Based on Chinese-English Parallel Corpus.", "基于机器翻译的专利术语翻译获取方法研究", "子句对齐及其在专利统计机器翻译中的应用", "基于语义角色标注的专利主题提取研究", "一种基于短文本相似度计算的主观题自动阅卷方法", "Term Extraction Using Co-occurrence in Abstract and First Claim for Patent Analysis", "Chinese Temporal Relation Resolution based on Chinese-English Parallel Corpus", "Semantically Linking Information Resources for Web-Based Sharing", "A Generalized Reordering Model for Phrase-Based Statistical Machine Translation"], "学术ID": ["CN-BO74G1DJ"]}