{"机构": "湖南大学土木工程学院", "访问量": "519", "被引量": "614", "成果数": "15", "H_指数": "7", "G指数": "0", "期刊": "73.3%", "会议": "6.7%", "专著": "0%", "其他": "20%", "合作学者": {"易伟建": "湖南大学土木工程学院", "肖岩": "湖南大学土木工程学院", "王力力": "湖南大学土木工程学院"}, "合作机构": {"湖南大学土木工程学院": "16"}, "文章title": ["爆破移除钢筋混凝土框架柱倒塌性能试验研究", "冲击作用下钢筋混凝土框架抗连续倒塌数值模拟", "锤击作用下钢筋混凝土框架倒塌性能试验研究？", "Slab Effects on Response of Reinforced Concrete Substructures after Loss of Corner Column", "考虑悬索作用钢筋混凝土梁柱子结构抗倒塌性能试验研究", "钢筋混凝土框架结构抗倒塌性能试验研究", "Experimental Study on Progressive Collapse-Resistant Behavior of Reinforced Concrete Frame Structures", "Experiment study on progressive collapse-resistant behavior of reinforced concrete frame structures", "钢筋混凝土框架结构抗倒塌性能的试验研究", "考虑剪切变形和转动惯量影响的梁的固有频率计算", "工程结构试验数据库模型设计研究", "结构实验数据库系统的应用研究", "Experimental Study on Collapse-Resistant Behavior of RC Beam-Column Sub-structure considering Catenary Action∗"], "学术ID": ["CN-B273SAUJ"]}