{"机构": "东北师范大学化学系", "访问量": "2079", "被引量": "1135", "成果数": "69", "H_指数": "19", "G指数": "33", "期刊": "81.2%", "会议": "11.6%", "专著": "2.9%", "其他": "4.3%", "合作学者": {"刘中民": "中国科学院大连化学物理研究所", "魏迎旭": "中国科学院大连化学物理研究所", "许磊": "中国科学院大连化学物理研究所", "杨越": "中国科学院大连化学物理研究所"}, "合作机构": {"中国科学院大连化学物理研究所": "218", "中国科学院大连化学物理研究所催化基础国家重点实验室": "32", "中国科学院研究生院": "18", "西北农林科技大学": "17", "北京现代职业技术学院机电工程系": "10", "中国科学院大学": "7", "中国科学院大连化学物理研究所天然气化工与应用催化研究室": "6", "中国科学院大连化学物理研究所甲醇制烯烃国家工程实验室洁净能源国家实验室": "6", "清华大学核能与新能源研究院": "4", "东北师范大学化学系": "3"}, "文章title": ["Increasing the selectivity to ethylene in MTO reaction by enhancing diffusion limitation in the shell layer of SAPO-34 catalyst", "PREPARATION METHOD FOR METAL-MODIFIED SAPO MOLECULAR SIEVE", "A green route to methyl acrylate and acrylic acid by an aldol condensation reaction over H-ZSM-35 zeolite catalysts", "In situ DRIFT study of dimethyl ether carbonylation to methyl acetate on H-mordenite", "Influence of acid site density on the three-staged MTH induction reaction over HZSM-5 zeolite", "阳离子表面活性剂对磷酸硅铝分子筛晶相与形貌控制的研究", "An approach to prepare nanosized HZSM-22 with enhanced lifetime in the methanol to hydrocarbon (MTH) reaction", "Activity enhancement of Nafion resin: Vapor-phase carbonylation of dimethoxymethane over Nafion-silica composite", "Imidazolium-based ionic liquids as novel organic SDA to synthesize high-silica Y zeolite", "Cationic surfactant-assisted hydrothermal synthesis: an effective way to tune the crystalline phase and morphology of SAPO molecular sieves", "Direct observation of methylcyclopentenyl cations and olefin generation in methanol conversion over TON zeolite", "HZSM-22和SAPO-11催化甲醇转化制烯烃（MTH）反应：酸强度对反应和失活机理的影响", "Synthesis of ZSM-2 nanocrystals at ambient temperature", "Synthesis of mesoporous ZSM-5 catalysts using different mesogenous templates and their application in methanol conversion for enhanced catalyst lifespan", "A top-down approach to prepare silicoaluminophosphate molecular sieve nanocrystals with improved catalytic activity", "Highly selective synthesis of para-cresol by conversion of anisole on ZSM-5 zeolites", "Elucidating the olefin formation mechanism in the methanol to olefin reaction over AlPO-18 and SAPO-18", "Improved Selectivity toward Light Olefins in the Reaction of Toluene with Methanol Over the Modified HZSM‐5 Catalyst", "纳米SAPO-34分子筛的制备及其MTO催化性能研究", "Observation of heptamethylbenzenium cation over SAPO-type molecular sieve DNL-6 under real MTO conversion conditions"], "学术ID": ["CN-BT75MAGJ"]}