{"机构": "天津大学管理学院", "访问量": "371", "被引量": "151", "成果数": "41", "H_指数": "8", "G指数": "11", "期刊": "53.7%", "会议": "43.9%", "专著": "0%", "其他": "2.4%", "合作学者": {"许铭真": "北京大学微电子学研究所", "谭长华": "北京大学微电子学研究所", "王阳元": "北京大学微电子学研究所", "段小蓉": "北京大学微电子学研究所"}, "合作机构": {"北京大学微电子学研究所": "91", "中国医科大学附属第一医院": "4", "北京大学微电子研究院": "3", "北京大学物理学院人工微结构和介观物理国家重点实验室": "3", "北京大学微电子学研究院微米纳米加工技术国家级重点实验室": "3", "教育部微电子器件与电路重点实验室": "2", "中国工程物理研究院电子工程研究所": "2", "北京大学微电子所": "1", "西北农林科技大学无公害农药研究服务中心": "1", "天津大学管理学院": "1"}, "文章title": ["An “ohmic-first” self-terminating gate-recess technique for normally-off Al 2 O 3 /GaN MOSFET", "Normally-off Al2O3/GaN MOSFET: Role of border traps on the device transport characteristics", "Normally-off fully recess-gated GaN metal–insulator–semiconductor field-effect transistor using Al 2 O 3 /Si 3 N 4 bilayer as gate dielectrics", "6.25Gb/s串行数据接收器设计", "Forward-Body-Bias-Enhanced Negative Bias Temperature Instability Recovery of p-Channel Metal-Oxide-Semiconductor Field-Effect Transistors", "Investigation on the Reliability Corner of pMOSFETs with Drain-Bias-Dependent NBTI Degradation", "电容式触摸感应技术中的电容物理学", "Characteristics and Fluctuation of Negative Bias Temperature Instability in Si Nanowire Field-Effect Transistors", "Ultrathin oxynitride p-MOSFET recovery characteristics under NBTI stress", "New Observations on the Hot Carrier and NBTI Reliability of Silicon Nanowire Transistors", "Application Of Proportional Difference Operator Method On Endurance Characteristics Study Of Flash Memory", "用于纳电子器件的超薄氮氧硅薄膜的软失效电导", "Effects of plasma nitridation on ultra-thin gate oxide electrical and reliability characteristics", "超薄SiO2软击穿后I-V特性的饱和性质研究", "Conductivity to soft failure of N-O-Si thin film used in nanometer device", "基于Logical Effort理论的集成电路延迟优化工具的研究", "用于纳电子器件的超薄氮氧硅薄膜的软失效电导", "Conductivity to first SBD of a stress induced leakage path in ultrathin thermal oxides", "Study on near-flatband-voltage SILC in ultra-thin plasma nitrided gate oxides", "An investigation of endurance characteristic using PDO method in FLOTOX EEPROM structures"], "学术ID": ["CN-BW75L9RJ"]}