{"机构": "新疆师范大学地理科学与旅游学院", "访问量": "6949", "被引量": "4847", "成果数": "446", "H_指数": "31", "G指数": "48", "期刊": "88.3%", "会议": "10.5%", "专著": "0.4%", "其他": "0.8%", "合作学者": {"杨兴华": "中国气象局", "刘新春": "中国气象局", "霍文": "中国气象局", "艾力·买买提明": "中国气象局"}, "合作机构": {"中国气象局": "764", "临沧市气象局": "52", "新疆大学资源与环境科学学院": "40", "中国科学院新疆生态与地理研究所": "39", "广州市疾病预防控制中心": "32", "南京气象学院": "32", "海军总医院": "13", "北京市气象局": "12", "且末县塔中气象站": "11", "新疆师范大学地理科学与旅游学院": "10"}, "文章title": ["基于野外试验对临界起沙风速的计算解析", "Saltation activity and its threshold velocity in the Gurbantunggut Desert, China", "Comparison of approaches for calculating the threshold velocity for sand movement based on field experiments in Xinjiang, China", "Threshold Velocity for Saltation Activity in the Taklimakan Desert", "荒漠过渡带不同下垫面的粒度特征分析", "Modeling Study on a Typical Dust Storm Over the Tarim Basin, Northwest China", "Dust opacities inside the dust devil column in the Taklimakan Desert", "塔克拉玛干沙漠腹地自然沙面与人工绿地不同季节局地气候的差异性", "近地层沙尘水平通量与集沙效率野外观测分析", "Tree-ring-based precipitation reconstruction in southern Kazakhstan, reveals drought variability since A.D. 1770", "CWHF型全自动集沙仪设计及应用性能野外验证", "Diurnal characteristics of turbulent intermittency in the Taklimakan Desert", "基于FTIR和MODIS数据估算新疆沙漠宽波段地表比辐射率", "塔克拉玛干沙漠腹地降水特征", "塔克拉玛干沙漠平坦沙地风沙流结构的空间差异性研究", "塔里木盆地塔中地区野外微梯度风沙流观测", "A continuously weighing, high frequency sand trap: Wind tunnel and field evaluations", "基于野外观测的风沙流跃移和蠕移运动规律研究", "塔克拉玛干沙漠腹地纵向沙垄区沙尘水溶性离子的垂直分布"], "学术ID": ["CN-B57476OJ"]}