{"机构": "江西生物科技职业学院", "访问量": "325", "被引量": "138", "成果数": "19", "H_指数": "6", "G指数": "11", "期刊": "84.2%", "会议": "10.5%", "专著": "0%", "其他": "5.3%", "合作学者": {"林森": "南昌大学化学系", "邓瑞红": "南昌大学化学系", "汪信": "南京理工大学化工学院", "陆路德": "南京理工大学化工学院"}, "合作机构": {"南昌大学化学系": "53", "南京理工大学化工学院": "20", "江苏工业学院江苏省精细石油化工重点实验室": "3", "井冈山大学化学化工学院": "1", "兰州军区乌鲁木齐总医院": "1", "北京大学第一医院": "1", "江西生物科技职业学院": "1"}, "文章title": []}