{"机构": "中国计量科学研究院", "访问量": "2180", "被引量": "901", "成果数": "336", "H_指数": "14", "G指数": "21", "期刊": "94%", "会议": "4.8%", "专著": "0.3%", "其他": "0.9%", "合作学者": {"庆承瑞": "中国科学院理论物理研究所", "张肇西": "中国科学院理论物理研究所", "邹振隆": "中国科学院北京天文台", "黄涛": "中国科学院软件研究所"}, "合作机构": {"中国科学院高能物理研究所": "94", "中国科学院理论物理研究所": "63", "中国原子能科学研究院": "10", "中国科学院北京天文台": "10", "中国科学院软件研究所": "8", "中国科学技术大学近代物理系": "6", "中共中央党校": "2", "北京大学科学与社会研究中心": "2", "北京大学物理系": "2", "中国计量科学研究院": "2"}, "文章title": ["必须深入改革中国的马克思主义政治经济学研究", "必须用时代化的科学社会主义理论指导当代政治经济学的创新和发展", "一个可将劳动价值论和边际效用论统一在一个方案的数理经济模型", "技术革命及其挑战从于光远对马克思主义理论研究的两大贡献说起", "理论经济物理学——推荐一个正在发展中的新领域", "核电发展应实行\"总量控制\"政策", "观点二:我们的知识产权为什么不值钱?", "“生产价格是供求均衡所决定”的吗——评茅于轼、陈平之争", "我们的方针——建设生态文明", "新政治经济学的供需均衡模型新解——从“18亿亩耕地红线”之争看劳动价值论与交易成本论的分歧和统一", "介绍一个待开拓的新领域——整理、分析、处理“大数据”的理论经济物理学", "必须将科技进步引入马克思主义政治经济学的定量的研究", "何祚庥 “大师”愿打谁愿挨", "介绍一个待开拓的新领域--整理、分析、处理“大数据”的理论经济物理学", "中国有可能也会爆发一次重大核事故吗", "北京、内蒙古和东北地区的未来——太阳能、风能、水能的互补", "铀利用率是否已做到提升60倍?——评《科技导报》推选出的2011年度重大技术进展"], "学术ID": ["CN-BS744ICJ"]}