{"机构": "东南大学土木工程学院", "访问量": "1482", "被引量": "892", "成果数": "85", "H_指数": "15", "G指数": "27", "期刊": "95.3%", "会议": "3.5%", "专著": "0%", "其他": "1.2%", "合作学者": {"顾强": "苏州科技学院", "孙国华": "苏州科技学院江苏省结构工程重点实验室", "方有珍": "苏州科技学院土木工程学院|兰州理工大学", "冯进": "苏州科技学院设计研究院"}, "合作机构": {"苏州科技学院江苏省结构工程重点实验室": "38", "苏州科技学院": "34", "苏州科技学院土木工程学院": "25", "中国建筑标准设计研究院": "19", "苏州科技学院设计研究院": "10", "苏州科技学院土木工程系": "9", "中国水利水电科学研究院流域水循环模拟与调控国家重点实验室": "4", "苏州中材非金属矿工业设计研究院": "3", "天津大学建筑设计研究院": "2", "东南大学土木工程学院": "2"}, "文章title": ["四川地区抗弯钢框架结构基于性态的地震易损性分析", "多高层树状柱钢框架结构体系的抗震性能分析", "抗弯钢框架结构倒塌判定标准的研究", "盖板加强型节点钢框架子结构抗震性能试验研究", "基于能量倒塌判定标准的抗弯钢框架结构影响系数", "盖板加强节点钢框架结构层间屈服位移角的研究", "Experimental study on seismic behavior of steel frame substructure with cover-plate reinforced connections", "半刚接钢框架内填钢筋混凝土墙结构的斜压板带模型验证", "钢板剪力墙结构的耗能能力", "基于损伤的钢框架结构倒塌位移分析", "土木工程专业评估与专业教育的持续发展", "钢板剪力墙结构的性态指标及损伤评估", "被动消能交错桁架滞回性能试验", "钢框架-钢板剪力墙结构弹塑性状态的层剪力分布研究", "基于等效拉杆模型的薄钢板剪力墙结构滞回性能分析", "DISTRIBUTION OF HORIZONTAL SEISMIC SHEAR BASED ON INELASTIC STATE OF STEEL PLATE SHEAR WALLS", "基于不同超强和延性下钢框架的抗倒塌储备系数", "等倒塌设计抗弯钢框架的结构影响系数"], "学术ID": ["CN-BU7303BJ"]}