{"机构": "南开大学信息技术科学学院", "访问量": "746", "被引量": "340", "成果数": "65", "H_指数": "10", "G指数": "16", "期刊": "86.2%", "会议": "10.8%", "专著": "1.5%", "其他": "1.5%", "合作学者": {"殷锋": "西南民族大学计算机科学与技术学院", "李志蜀": "四川大学计算机学院", "唐宁九": "四川大学计算机学院", "张刚园": "西华师范大学计算机学院"}, "合作机构": {"西华师范大学计算机学院": "41", "四川大学计算机学院": "35", "西南民族大学计算机科学与技术学院": "17", "康定民族师范高等专科学校计算机科学系": "6", "四川理工学院计算机学院": "5", "大连理工大学海岸和近海工程国家重点实验室": "4", "中兴通讯股份有限公司": "4", "西华大学数学与计算机学院": "3", "东北大学材料与冶金学院": "3", "南开大学信息技术科学学院": "2"}, "文章title": ["A Study of Radio Voice Signal Based on the Time Delay Estimation", "基于Android系统的移动定位模块设计与实现", "财务管理系统设计与实现", "加油站资金库存管理辅助系统设计与实现", "基于struts2架构成绩管理系统的设计与实现", "浅析智能视频监控中的关键技术", "路由器防火墙深层检测关键技术研究", "基于双高斯平均似然度和帧间差分的人脸视频图像肤色提取", "基于Spring Security安全框架的联通资源管理系统安全分析", "The Research and implementation of Key Technologies of Deep Packet inspection based on POP3 Protocol in Router Firewall", "关于师范院校工科专业人才培养的几点思考", "Utilizing Free Software to Improve the Teaching and Learning of Computer Major Courses", "Fractional Range Doppler Imaging Algorithm for Squint Mode SAR", "Simulation Study on Improved Index Technology for XML Data改进XISS索引技术的仿真研究", "Linux操作系统中通用双向循环链表的实现分析", "浅析基于纯XML数据库的存储技术", "改进XISS索引技术的仿真研究", "A Network Security Policy Framework Using Multi-attribute Decision Making Model", "基于云计算神经网络物流车辆调度算法研究"], "学术ID": ["CN-BQ7396FJ"]}