{"机构": "China技术编辑", "访问量": "820", "被引量": "433", "成果数": "36", "H_指数": "10", "G指数": "20", "期刊": "97.2%", "会议": "2.8%", "专著": "0%", "其他": "0%", "合作学者": {"江文瑞": "北京麦克泰软件技术有限公司", "周鑫": "China技术编辑", "吕京建": "中国单片机公共实验室", "王霞": "北京理工大学信息科学技术学院"}, "合作机构": {"北京麦克泰软件技术有限公司": "4", "北京理工大学信息科学技术学院": "1", "中国单片机公共实验室": "1", "China技术编辑": "1"}, "文章title": ["回忆JimReady先生", "物联网操作系统浅析", "谈谈FreeRTOS及其授权方式", "物联网操作系统的新进展", "第5篇:物联网与实时操作系统", "谈嵌入式系统会议现状和发展", "丰田汽车召回事件给我们的启示", "嵌入式系统在医疗电子市场的机遇和挑战", "金融危机下的MCU技术发展趋势", "畅想未来的嵌入式系统", "嵌入式Linux实时化技术", "嵌入式系统开源软件的回顾和展望", "2008年度嵌入式应用调查报告", "我与单片机和嵌入式系统20年", "关注MCU发展的新动向", "基于开源软件构建先进的嵌入式电源管理系统", "交叉编译:ARM搏击Intel的软肋", "嵌入式系统电源管理软件比较（上）", "追寻理想的足迹——二十年嵌入式系统点滴回忆"], "学术ID": ["CN-BK73PD3J"]}