{"机构": "北京有色金属研究总院", "访问量": "1171", "被引量": "898", "成果数": "73", "H_指数": "13", "G指数": "28", "期刊": "86.3%", "会议": "9.6%", "专著": "1.4%", "其他": "2.7%", "合作学者": {"李培杰": "清华大学机械工程系", "弭光宝": "清华大学新材料国际研发中心", "王晶": "清华大学机械工程系", "叶益聪": "清华大学机械工程系"}, "合作机构": {"清华大学机械工程系": "80", "清华大学新材料国际研发中心": "23", "北京航空材料研究院": "3", "宁夏电力调度中心": "1", "清华大学": "1", "东北大学资源与土木工程学院": "1", "山西闻喜银光镁业(集团)有限责任公司": "1", "北京矿冶研究总院": "1", "美国韦恩州立大学机械工程系": "1", "北京有色金属研究总院": "1"}, "文章title": ["Effect of strain rate and temperature on dynamic mechanical behavior and microstructure evolution of ultra-high strength aluminum alloy", "Dynamic mechanical response and microstructural evolution of extruded Mg AZ31B plate over a wide range of strain rates", "Effect of Dual-Sided Laser Peening Modes on Residual Stress Distribution of Aero-engine Titanium Blades", "Influence of Ga/Hg Ratio on Phase Constituents and Electrochemical Performance of Mg-Hg-Ga Anode Materials", "Determination of forming ability of high pressure die casting for Zr-based metallic glass", "Effect of liquid properties on laser ablation of aluminum and titanium alloys", "High-temperature tensile deformation behavior and microstructure evolution of Ti55 titanium alloy", "A liquid aluminum alloy electromagnetic transport process for high pressure die casting", "Laser Ablation of Aluminum and Titanium Alloys Under Glass Confinement", "Laser Ablation of Aluminum and Titanium Alloys Under Glass Confinement", "CNN based texture synthesize with Semantic segment", "Effect of electromagnetic transport process on the improvement of hydrogen porosity defect in A380 aluminum alloy", "Two directional microstructure and effects of nanoscale dispersed Si particles on microhardness and tensile properties of AlSi7Mg melt-spun alloy", "Al-Sc和Al-Ti靶材在高速撞击下的动态响应以及数值模拟", "Dynamic response and numerical simulation of Al-Sc and Al-Ti alloys under high-speed impact", "Coupling analysis of the electromagnetic transport of liquid aluminum alloy during casting", "Gradient microstructure and multiple mechanical properties of AlSi9Cu alloy ribbon produced by melt spinning", "Dynamic investigation of the finite dissolution of silicon particles in aluminum melt with a lower dissolution limit", "Mechanism and application of a newly developed pressure casting process: horizontal squeeze casting", "Estimation of Maximum Solid Solubility in Mg-Hg Alloys by the Lever Rule"], "学术ID": ["CN-BW74TJAJ"]}