{"机构": "兰州大学大气科学学院", "访问量": "1834", "被引量": "2560", "成果数": "282", "H_指数": "27", "G指数": "44", "期刊": "70.6%", "会议": "27.7%", "专著": "0.4%", "其他": "1.3%", "合作学者": {"王文秀": "扬州大学理学院", "姜玉梅": "扬州大学物理科学与技术学院", "何阅": "扬州大学物理科学与技术学院", "常慧": "扬州大学物理科学与技术学院"}, "合作机构": {"扬州大学物理科学与技术学院": "353", "扬州大学理学院": "97", "西北大学物理系": "44", "中国科学技术大学近代物理系": "27", "西安石油学院基础课部": "26", "扬州大学师范学院": "25", "扬州大学信息工程学院": "14", "江苏畜牧兽医职业技术学院": "13", "江苏工业学院信息科学系": "9", "兰州大学大气科学学院": "8"}, "文章title": ["A riddled basin escaping crisis and the universality in an integrate-and-fire circuit", "不连续不可逆二维映象的动力学特性", "A Collaboration Network Model with Multiple Evolving FactorsSupported by the National Natural Science Foundation of China under Grant Nos 11305139 and 11147178.", "A manipulator game model of urban public traffic network", "Characteristics of Period-Doubling Bifurcation Cascades in Quasi-discontinuous SystemsThe project supported by the Visiting Scholar Foundation of Key Lab in Beijing Normal University, the Post-Doct...", "Empirical study on a publisher questionnaire network", "一些实际双层网络之间的合作涌现", "An extended clique degree distribution and its heterogeneity in cooperation–competition networks", "Cooperation sharing distributions in some cooperation-competition systems", "Interconnecting bilayer networks", "Competition Ability Dependence on Uniqueness in General Cooperation-Competition Systems", "Onset of cooperation between layered networks", "Community detection with consideration of non-topological information", "A Simple Model of Interaction between Journals, Authors and Editorial Board Members", "Characteristics for two kinds of cascading events", "DISSONANCE OF MULTIPLE DEVIL'S STAIRCASES", "基于复杂网络的复杂系统动力学及统计行为的研究", "探讨社会网络理论与分析的几个问题", "BRIEF REPORTS - Interdisciplinary physics - Optimizing transport efficiency on scale-free networks through assortative or dissortative topology (4 pages) 037101", "Competition ability dependence on uniqueness in some collaboration-competition bipartite networks"], "学术ID": ["CN-BH738I2J"]}