{"机构": "上海交通大学内燃机研究所", "访问量": "2092", "被引量": "1091", "成果数": "129", "H_指数": "18", "G指数": "26", "期刊": "74.4%", "会议": "20.9%", "专著": "3.1%", "其他": "1.6%", "合作学者": {"张立勇": "大连理工大学电子与信息工程学院", "杨素英": "大连理工大学电子与信息工程学院", "张利": "东北大学轧制技术及连轧自动化国家重点实验室", "李丹": "大连理工大学电子与信息工程学院"}, "合作机构": {"大连理工大学电子与信息工程学院": "92", "大连理工大学": "17", "东北大学轧制技术及连轧自动化国家重点实验室": "15", "大连理工大学机械工程学院": "7", "上海对外贸易学院商务信息学院": "7", "大连理工大学电气工程学院": "6", "福建医科大学附属协和医院": "5", "大连工学院": "5", "大连理工大学电子信息与电气工程学部": "4", "上海交通大学内燃机研究所": "4"}, "文章title": ["Assignment and layout integration optimization for simplified satellite re-entry module component layout", "A dual-system cooperative co-evolutionary algorithm for satellite equipment layout optimization", "A Non-Dominated Sorting Cooperative Co-Evolutionary Differential Evolution Algorithm for Multi-Objective Layout Optimization", "Fuzzy C-Means Clustering Based on Dual Expression between Cluster Prototypes and Reconstructed Data", "Fuzzy clustering based on re-classification of border data for incomplete dataset", "Leader-following consensus of discrete-time multiagent systems with time-varying delay based on large delay theory", "Interval Kernel Fuzzy C-Means Clustering of Incomplete Data", "改进CPSO算法在电子产品生产调度中的应用", "基于霍夫变换的工位点识别算法设计与实现", "Fuzzy C-Means clustering of incomplete data based on probabilistic information granules of missing values", "A Global Clustering Approach Using Hybrid Optimization for Incomplete Data Based on Interval Reconstruction of Missing Value", "基于启发式最短路径的PAC任务调度算法", "Low-carbon product multi-objective optimization design for meeting requirements of enterprise, user and government", "基于TMS320F2808的矢量变频器设计与实现", "Fuzzy c-means algorithm based on nearest-prototype neighborhood for incomplete data", "An Attribute Weighted Fuzzy c-Means Algorithm for Incomplete Datasets Based on Statistical Imputation", "RESEARCH AND IMPLEMENTATION OF COMMUNICATION TECHNOLOGY IN INDUSTRIAL ETHERNET BASED ON IPV6 TECHNOLOGY", "RESEARCH AND IMPLEMENTATION OF COMMUNICATION TECHNOLOGY IN INDUSTRIAL ETHERNET BASED ON IPV6 TECHNOLOGY", "Protocol description and optimization scheduling for multi-fieldbus integration system"], "学术ID": ["CN-B875MV3J"]}