{"机构": "上海交通大学建筑系", "访问量": "1105", "被引量": "582", "成果数": "60", "H_指数": "14", "G指数": "22", "期刊": "91.7%", "会议": "8.3%", "专著": "0%", "其他": "0%", "合作学者": {"薛春霖": "东南大学建筑学院", "史永高": "东南大学建筑学院", "陈晓扬": "东南大学建筑学院", "李向锋": "东南大学建筑学院"}, "合作机构": {"东南大学建筑学院": "28", "东南大学建筑系": "3", "青岛理工大学建筑学院": "3", "西安建筑科技大学建筑学院": "2", "南京大学建筑学院": "1", "南京大学": "1", "重庆大学建筑城规学院": "1", "东南大学电子工程系": "1", "同济大学建筑与城市规划学院": "1", "上海交通大学建筑系": "1"}, "文章title": ["原竹建筑的在地探索与实践——浙江上虞禁山古窑址的生态展陈", "原竹建筑的探索与实践", "对谈:联合毕业设计的教学贡献与学术价值", "纪念忘年故交张良皋先生", "“建筑教育的特色”主题沙龙", "我的建筑生涯,我的油灯收藏", "建筑终应接地气,春雨润物细无声——试评魏春雨近期建筑设计作品", "我的中国古代灯具收藏", "再议风格派：思想与设计", "国内外建筑技术类教材比较", "当代综合体建筑的巨型结构历史原型溯源与批判", "被动节能自然通风策略", "建筑形态基于拓扑网格法在景观中同构的策略", "冷巷的被动降温原理及其启示", "迪朗和他的类型学", "公共文化视角下城市设计的指标与分析框架", "宏村徽州传统民居过渡季节室内环境分析", "从茅屋到圣日内维夫教堂——罗杰埃及其建筑思想"], "学术ID": ["CN-BX73ZXQJ"]}