{"机构": "南京师范大学物理科学与技术学院；盐城市龙冈中学", "访问量": "199", "被引量": "94", "成果数": "25", "H_指数": "4", "G指数": "9", "期刊": "92%", "会议": "0%", "专著": "0%", "其他": "8%", "合作学者": {"郭玉英": "北京师范大学物理系", "刘炳昇": "南京师范大学物理科学与技术学院", "刘炳升": "南京师范大学", "王劲存": "南京师范大学物理科学与技术学院；盐城市龙冈中学"}, "合作机构": {"南京师范大学物理科学与技术学院": "5", "北京师范大学物理系": "5", "南京师范大学": "3", "广东省珠海市第七中学": "1", "浙江省浦江中学": "1", "南京师范大学物理科学与技术学院；盐城市龙冈中学": "1"}, "文章title": ["利用平行光管实现分光计的快速调节", "高中物理教科书与课程标准的一致性研究——以3个版本必修部分为例", "20世纪前期高中物理教科书中近代物理内容介绍与评析", "高中物理中量子理论的课程研究", "基于科学素养主题的中美高中物理教科书定量分析——以“量子理论”为例", "关注用物理知识分析和解决实验问题", "高师物理专业本科生科学推理能力研究", "利用“辉光球”探究静电现象", "物理实验中“异常”现象的发现和追踪——求不能用排水法测定的小物体体积", "高中物理课程标准教科书内容难度定量分析——以“量子理论”为例", "利用数码摄像机和相机研究物体的运动", "用DIS探究影响滑动摩擦力的因素", "拨开以太零漂移的“乌云”——爱因斯坦的狭义相对论探索之路", "沪科教版普通高中物理课程标准实验教科书《物理3—5》的编写思路和特点", "利用DIS电压传感器研究干电池的电动势和内电阻", "用DIS探究瞬时速度和平均速度的关系", "丁肇中创造科学奇迹的奥秘", "类比方法与光的本性的探索", "趣味物理实验表演的设计与组织"], "学术ID": ["CN-BW74FESJ"]}