{"机构": "郑州大学第一附属医院", "访问量": "8312", "被引量": "6328", "成果数": "789", "H_指数": "34", "G指数": "54", "期刊": "84%", "会议": "13.9%", "专著": "0.1%", "其他": "2%", "合作学者": {"邓安梅": "第二军医大学长征医院", "孔宪涛": "第二军医大学长征医院", "周晔": "第二军医大学长征医院", "杨再兴": "第二军医大学长征医院"}, "合作机构": {"第二军医大学长征医院": "2188", "第二军医大学附属长征医院": "319", "南通大学附属医院": "103", "浙江大学医学院附属第一医院": "68", "上海长征医院": "42", "无锡市第二人民医院": "41", "河北医科大学第四医院": "37", "济南军区总医院": "35", "第二军医大学长海医院": "32", "郑州大学第一附属医院": "27"}, "文章title": ["Serum human epididymis protein 4 is a predictor for developing nephritis in patients with systemic lupus erythematosus: A prospective cohort study", "动脉粥样硬化患者载脂蛋白C3高表达", "Red Blood Cell Distribution Width in Rheumatoid Arthritis, Ankylosing Spondylitis and Osteoarthritis: True Inflammatory Index or Effect of Anemia?", "Implication of increased serum stromal cell-derived factor-1 for primary biliary cholangitis", "Red blood cell distribution width and mean platelet volume are potential prognostic indices for patients with primary biliary cirrhosis", "载脂蛋白C3诱导的内皮细胞ZO-1的表达", "丙酮酸脱氢酶复合体E2亚基通过活化Toll样受体4影响单核细胞分泌细胞因子", "Comparisons of neutrophil‐, monocyte‐, eosinophil‐, and basophil‐ lymphocyte ratios among various systemic autoimmune rheumatic diseases", "Nonlymphocyte-lymphocyte ratios as potential inflammatory markers for systemic autoimmune rheumatic diseases", "Relationship between red blood cell distribution width, bilirubin, and clinical characteristics of patients with gastric cancer.", "基于\"中国知网\"的原发性胆汁性肝硬化文献计量学研究", "ISO15189认可过程中两种分离胶采样管的质量评价", "抗线粒体抗体在原发性胆汁性肝硬化筛查中的应用", "Prognostic value of red blood cell distribution width in acute pancreatitis patients admitted to intensive care units: An analysis of a publicly accessible clinical database MIMIC II", "Gene expression profile of THP-1 cells treated with heat-killed Candida albicans", "Red blood cell distribution: an index without additional cost in estimating the prognosis of acute pancreatitis", "耳鼻喉术前患者1448例血清梅毒抗体检测分析", "Decreased expression of TIPE2 contributes to the hyperreactivity of monocyte to Toll‐like receptor ligands in primary biliary cirrhosis", "原发性胆汁性肝硬化预后与治疗监测", "Diagnostic Accuracy of Procalcitonin in Bacterial Meningitis Versus Nonbacterial Meningitis: A Systematic Review and Meta-Analysis."]}