{"机构": "哈尔滨师范大学中文系", "访问量": "1012", "被引量": "372", "成果数": "41", "H_指数": "12", "G指数": "18", "期刊": "97.6%", "会议": "0%", "专著": "2.4%", "其他": "0%", "合作学者": {"王秀臣": "哈尔滨师范大学", "侯敏": "哈尔滨师范大学中文系"}, "合作机构": {"哈尔滨师范大学": "2", "哈尔滨师范大学中文系": "1"}, "文章title": ["中国文学创立期的艺术格局与历史高度", "“变风变雅”与春秋文学的精神转向", "担当精神与古典文学研究的历史使命", "周代礼乐歌诗与雅颂诗篇的艺术形态", "象乐的“戏礼”形态与“演唱”式史诗形式", "张舜徽教授《中庸》七论", "君子之于学也——《张舜徽壮议轩日记》读后", "殷周革命的历史反思与礼乐文化建设", "《月令》模式与中国文学的四时抒情结构", "“六经皆文”与周代经典文本的诗学解读", "《周易》的诗体结构形式与诗性智慧", "《周易》与中国文化的诗性品格", "\"诗可以兴\":由艺术兴起的思想延伸路线", "春秋时代的“文言”变革与文学繁荣", "“诗可以怨”吗？", "古典文学研究的“二重证据”与“三重证明”", "“兴”的艺术源起与“诗可以兴”的思想路径", "乡人、乡乐与“诗可以群”的理论意义", "周代乡里诗乐活动与世俗生活的诗化"], "学术ID": ["CN-BG75O0LJ"]}