{"机构": "西安邮电学院电信系", "访问量": "1259", "被引量": "1012", "成果数": "144", "H_指数": "17", "G指数": "23", "期刊": "69.4%", "会议": "29.9%", "专著": "0%", "其他": "0.7%", "合作学者": {"顾旭东": "浙江省嘉兴市第二医院", "姚云海": "浙江省嘉兴市第二医院", "吴华": "浙江省嘉兴市第二医院", "李岩": "浙江省嘉兴市第二医院"}, "合作机构": {"浙江省嘉兴市第二医院": "451", "嘉兴市第二医院": "84", "浙江中医药大学附属第三医院": "6", "浙江省杭州市萧山区中医骨伤科医院": "6", "中国科学院苏州生物医学工程技术研究所": "5", "浙江大学医学院附属邵逸夫医院": "5", "四川省人民医院": "4", "中国医科大学附属第一医院": "3", "浙江大学医学院附属儿童医院": "3", "西安邮电学院电信系": "3"}, "文章title": ["振动结合上肢任务导向性训练对脑卒中后偏瘫患者上肢运动功能的影响", "核心稳定性训练对脑卒中偏瘫患者站立平衡及步行功能的影响", "Effects of action observation therapy on upper extremity function, daily activities and motion evoked potential in cerebral infarction patients", "头皮针长时间留针法治疗社区脑卒中患者认知障碍及ADL缺损的疗效观察", "尿动力学分析结合膀胱再训练对脊髓损伤后神经源性膀胱功能的影响", "呼吸训练对稳定期慢性阻塞性肺疾病患者呼吸功能的影响", "基于CPG的不同步行方式训练对脑卒中患者步行能力的影响", "骨盆辅助式康复机器人对脑卒中偏瘫患者下肢运动功能的影响", "不同形式减重平板训练对脑卒中患者步行速度与下肢关节运动的影响", "功能性电刺激结合减重平板训练对脑卒中患者步行及步态的影响", "运动反馈结合减重平板训练对脑卒中偏瘫患者步态恢复的影响", "老年脑卒中步态训练的研究进展", "脑卒中本体感觉障碍的康复治疗", "功能性电刺激对早期脑卒中偏瘫患者步行功能的影响", "Effects of electroacupuncture combined with clean intermittent catheterization on urinary retention after spinal cord injury: a single blind randomized controlled clinical trial", "虚拟现实技术治疗脑卒中单侧空间忽略的疗效观察", "Effect of action observation therapy on daily activities and motor recovery in stroke patients", "自重颈椎牵引装置对颈椎病交感症状的康复效果研究"], "学术ID": ["CN-BT75ON0J"]}