{"机构": "华中科技大学同济医学院附属同济医院", "访问量": "18675", "被引量": "9905", "成果数": "1096", "H_指数": "41", "G指数": "68", "期刊": "85.9%", "会议": "10%", "专著": "0.2%", "其他": "3.9%", "合作学者": {"徐月敏": "上海交通大学附属第六人民医院", "侯铁胜": "第二军医大学长海医院", "撒应龙": "上海交通大学附属第六人民医院", "张炯": "上海交通大学附属第六人民医院"}, "合作机构": {"上海交通大学附属第六人民医院": "721", "第二军医大学附属长海医院": "326", "第二军医大学长海医院": "277", "南方医科大学珠江医院": "179", "山东省立医院": "153", "上海第二医科大学附属第九人民医院": "116", "解放军总医院": "86", "第一军医大学珠江医院": "83", "山东大学齐鲁医院": "62", "华中科技大学同济医学院附属同济医院": "49"}, "文章title": ["去甲乌药碱对2型心肾综合征大鼠心肾的保护作用", "The sustained release effect of ropivacaine loading poly (lactic acid co castor oil) microspheres for sciatic nerve block in mice", "Emergency treatment of male blunt urethral trauma in China: Outcome of different methods in comparison with other countries", "A rare case report of one stage surgical treatment for left renal cell carcinoma with level IV intravenous tumor thrombus combined with severe coronary artery stenosis", "Prevalence of atrial fibrillation in different socioeconomic regions of China and its association with stroke: Results from a national stroke screening survey", "组氨酸脱羧酶及组胺受体在前列腺癌中的表达及意义", "Identification and Validation of Stromal Immunotype Predict Survival and Benefit from Adjuvant Chemotherapy in Patients with Muscle Invasive Bladder Cancer", "前列腺切除术后膀胱颈部挛缩的诊断与治疗", "The Lncrna, H19 Mediates the Protective Effect of Hypoxia Postconditioning Against Hypoxia–Reoxygenation Injury to Senescent Cardiomyocytes by Targeting MicroRNA-29b-3p", "Effective dose of dexmedetomidine as an adjuvant sedative to peripheral nerve blockade in elderly patients", "Posterior Urethroplasty Complexity and Prognosis Can be Described by a Novel Method: Posterior Urethral Stenosis Score", "Tissue Engineering for Urinary Tract Reconstruction and Repair: Progress and Prospect in China", "Transplantation for infantile nephronophthisis with loss-of-function mutation in NPHP3: Lesson from a case.", "Penile cutaneous horn: a rare case report and review of the literature", "A systematic review and meta-analysis of randomized controlled trials: Skin-patch of Chinese herbal medicine for patients with acute gouty arthritis.", "Let-7i-5p regulation of cell morphology and migration through distinct signaling pathways in normal and pathogenic fibroblasts from urethra", "Repair of urethral defects by an adipose mesenchymal stem cell‑porous silk fibroin material.", "A novel truncated protein of FUT1 with weak function was identified in one Chinese individual"]}