{"机构": "浙江教育学院理工学院", "访问量": "627", "被引量": "429", "成果数": "48", "H_指数": "10", "G指数": "20", "期刊": "95.8%", "会议": "4.2%", "专著": "0%", "其他": "0%", "合作学者": {"张文焕": "福建师范大学生物工程学院", "赵保路": "中国科学院生物物理研究所", "曾红": "福建师范大学生命科学学院", "周志华": "福建师范大学生命科学学院"}, "合作机构": {"福建师范大学生物工程学院": "23", "中国科学院生物物理研究所": "14", "福建师范大学生命科学学院": "12", "宁波市医学科学研究所": "3", "空军福州医院": "3", "福建师范大学生物系": "2", "福建省农业科学院鱼病研究中心": "2", "暨南大学医学院血液病研究所": "1", "北京大学生命科学学院": "1", "浙江教育学院理工学院": "1"}, "文章title": ["“转基因”与“人兽胚胎”是对还是错", "人器官损坏 猪器官补上", "\"合成儿\"可以很友好", "细解“克隆人类囊胚”", "从细胞核移植技术到治疗性克隆与去衰老克隆的研究进展", "过氧化氢对日本对虾幼虾的急性毒性试验", "亚硝酸氮对日本对虾(Penaeus japonicus)幼虾的急性毒性试验", "用小鼠胚胎干细胞培养卵子试验的介绍", "干细胞21世纪的耀眼明星", "一项老公牛体细胞和胎儿细胞核移植比较试验的介绍", "昆明鼠卵母细胞的孤雌发育及对其干扰核移植试验的预防措施", "抗衰老与去衰老的研究与应用", "麻蝇培养技术研究初报", "昆明鼠卵母细胞的去核及其去核率的观察", "A study on isozyme changes during individual development of Peneaus japonicus", "干细胞技术应用于器官和机体复状的可能性", "日本对虾成体发育阶段的肌肉同工酶研究", "昆明鼠体内卵母细胞的戊巴比妥钠激活和发育"], "学术ID": ["CN-BN74TE3J"]}