{"机构": "清华大学生物科学与技术系", "访问量": "1668", "被引量": "1527", "成果数": "153", "H_指数": "18", "G指数": "35", "期刊": "85.6%", "会议": "6.5%", "专著": "0%", "其他": "7.9%", "合作学者": {"陈薇": "军事医学科学院微生物流行病研究所病原微生物生物安...", "徐俊杰": "军事医学科学院微生物流行病研究所", "于长明": "军事医学科学院微生物流行病研究所", "于婷": "军事医学科学院微生物流行病研究所病原微生物生物安..."}, "合作机构": {"军事医学科学院微生物流行病研究所病原微生物生物安全国家重点实验室": "301", "军事医学科学院微生物流行病研究所": "300", "军事医学科学院生物工程研究所": "38", "北京微生物流行病研究所": "29", "军事医学科学院微生物流行病研究所免疫室": "18", "军事医学科学院微生物学流行病学研究所": "10", "徐州医学院附属医院": "10", "第四军医大学西京医院": "10", "空军总医院": "9", "清华大学生物科学与技术系": "8"}, "文章title": ["Relative Quantitative Proteomic Analysis of Brucella abortus Reveals Metabolic Adaptation to Multiple Environmental Stresses.", "A comprehensive proteogenomic study of the human Brucella vaccine strain 104 M", "Protection against Staphylococcus aureus and tetanus infections by a combined vaccine containing SasA and TeNT‑Hc in mice", "Supplementary Material 4", "Supplementary Material 1", "Identification of antigen-specific human monoclonal antibodies using high-throughput sequencing of the antibody repertoire", "Quantitative Determination of Lethal Toxin Proteins in Culture Supernatant of Human Live Anthrax VaccineBacillus anthracisA16R", "Tetanus Neurotoxin Neutralizing Antibodies Screened from a Human Immune scFv Antibody Phage Display Library:", "Comparative Immunogenicity of the Tetanus Toxoid and Recombinant Tetanus Vaccines in Mice, Rats, and Cynomolgus Monkeys", "Recombinant HSA-CMG2 is a promising anthrax toxin inhibitor", "Association of human papillomavirus type 58 with breast cancer in shaanxi province of China", "Identification and Functional Characterization of Glycosylation of Recombinant Human Platelet-Derived Growth Factor-BB in Pichia pastoris", "血小板衍生生长因子BB亚型在毕赤酵母中的表达及纯化", "高糖对人脐静脉内皮细胞表面血栓调节蛋白表达及活性的影响", "PLATELET-DERIVED GROWTH FACTOR B MUTANT, PREPARATION METHOD THEREFOR, AND USE THEREOF", "Nonlinear optical microscopy for immunoimaging: a custom optimized system of high-speed, large-area, multicolor imaging", "PEGylated recombinant human interferon-omega as a long-acting antiviral agent: Structure, antiviral activity and pharmacokinetics"]}