{"机构": "重庆师范大学生命科学学院重庆市动物生物学重点实验室重庆市生物活性物质工程研究中心", "访问量": "148", "被引量": "58", "成果数": "18", "H_指数": "4", "G指数": "7", "期刊": "88.9%", "会议": "11.1%", "专著": "0%", "其他": "0%", "合作学者": {"陈斌": "重庆师范大学昆虫与分子生物学研究所重庆市动物生物...", "闫振天": "重庆师范大学昆虫与分子生物学研究所重庆市动物生物...", "李旭东": "重庆师范大学生命科学学院昆虫与分子生物学研究所", "何正波": "重庆师范大学生命科学学院昆虫与分子生物学研究所重..."}, "合作机构": {"重庆师范大学昆虫与分子生物学研究所重庆市动物生物学重点实验室": "31", "重庆师范大学生命科学学院昆虫与分子生物学研究所": "11", "重庆师范大学生命科学学院昆虫与分子生物学研究所重庆高校生物活性物质工程研究中心重庆高校动物生物学重点实验室": "3", "辽宁师范大学化学化工学院": "2", "汕头大学医学院第一附属医院": "1", "中国医科大学附属第一医院": "1", "中山大学附属第一医院": "1", "中国农业大学动物科技学院": "1", "云南普洱卫生学校": "1", "重庆师范大学生命科学学院重庆市动物生物学重点实验室重庆市生物活性物质工程研究中心": "1"}, "文章title": ["蚊科昆虫分类及区系研究历史和现状概述", "Comparative genomics of chemosensory protein genes (CSPs) in twenty-two mosquito species (Diptera: Culicidae): Identification, characterization, and evolution", "Complete mitochondrial genomes of Anopheles stephensi and An. dirus and comparative evolutionary mitochondriomics of 50 mosquitoes", "Sequencing and analysis of the complete mitochondrial genome of Culex gelidus (Diptera: Culicidae)", "云南中华按蚊的遗传变异和种群结构", "中国蚊科分类研究新进展", "Sequencing and analysis of the complete mitochondrial genome in Anopheles culicifacies species B (Diptera: Culicidae)", "中国按蚊属（双翅目：蚊科）分类研究进展", "关于高等师范院校动物学实验教学改革的探讨", "novo transcriptome sequencing and sequence analysis of the malaria vector Anopheles sinensis (Diptera: Culicidae)", "中国按蚊属昆虫名录修订(双翅目:蚊科)", "中国按蚊属昆虫名录修订（双翅目：蚊科）", "阿蚊属分类研究进展及地理区系分析(双翅目：蚊科)", "蚊虫标本制作技术", "The Anopheles community and the role of Anopheles minimus on malaria transmission on the China-Myanmar border", "阿蚊属分类研究进展及地理区系分析", "Taxonomic status and geographical distribution of the Genus (Diptera：Culicidae)", "蚊虫的采集及实验室饲养技术"], "学术ID": ["CN-B974KUQJ"]}