{"机构": "北京应用物理与计算数学研究所", "访问量": "4628", "被引量": "2705", "成果数": "313", "H_指数": "25", "G指数": "36", "期刊": "84%", "会议": "8%", "专著": "0.6%", "其他": "7.4%", "合作学者": {"许云书": "中国工程物理研究院核物理与化学研究所", "朱正和": "四川大学原子与分子物理研究所", "黄玮": "中国工程物理研究院核物理与化学研究所", "汪小琳": "中国工程物理研究院"}, "合作机构": {"中国工程物理研究院核物理与化学研究所": "476", "中国工程物理研究院激光聚变研究中心": "112", "四川大学原子与分子物理研究所": "109", "中国工程物理研究院": "91", "中国工程物理研究院化工材料研究所": "73", "西南核物理与化学研究所": "38", "井冈山大学数理学院": "28", "四川大学原子与分子物理所": "21", "西南科技大学": "20", "北京应用物理与计算数学研究所": "15"}, "文章title": ["密度泛函法研究几种甲基乙烯基硅橡胶初级交联链结构的辐射稳定性", "Sorption and desorption of uranium(VI) on GMZ bentonite: effect of pH, ionic strength, foreign ions and humic substances", "Sorption–desorption hysteresis of uranium(VI) on/from GMZ bentonite", "锆-氢体系的同位素效应研究进展", "几种硅橡胶次级链结构辐射稳定性的理论研究", "复合辐射化学法制备高性能硅橡胶基微孔化泡沫材料", "硅橡胶泡沫材料辐照稳定性的初步理论探索", "Trail theoretical exploration for radiation stability of silicone rubber", "Radiation effect of complex conditions on polymethyl-vinyl siloxane foam", "Studies on the Structures and Optical Properties of TiO 2 Doped with Transition Metals", "甲基乙烯基硅泡沫材料在复合条件下的辐射效应研究", "Studies on the Structures and Optical Properties of Tio2 Doped with Transition Metals", "Enhanced Analysis of Work Zone Safety Through Integration of Statewide Crash and Lane Closure System Data", "Electron‐Beam‐Induced Radiation Effects on Siloxane Foam", "The energy levels of positron under molecules XH(X=O, S, Se and Te)and positronium", "Geometrical structures, vibrational frequencies, force constants and dissociation energies of isotopic water molecules (H2O, HDO, D2O, HTO, DTO, and T2O) under dipole electric field", "氚化学与工艺", "H2、O2与Pd反应的平衡压力研究", "甲基乙烯基硅泡沫材料在复合条件下的老化效应研究"], "学术ID": ["CN-BW749PQJ"]}