{"机构": "重庆大学材料科学与工程学院", "访问量": "2727", "被引量": "3991", "成果数": "74", "H_指数": "32", "G指数": "63", "期刊": "83.8%", "会议": "4.1%", "专著": "0%", "其他": "12.1%", "合作学者": {"孙传清": "中国农业大学植物遗传育种系", "朱作峰": "中国农业大学植物遗传育种系", "谭禄宾": "中国农业大学植物遗传育种系", "王象坤": "中国农业大学植物遗传育种系"}, "合作机构": {"中国农业大学植物遗传育种系": "186", "河南郑州市第九人民医院": "28", "北京农业大学": "20", "中国科学院遗传研究所": "15", "安徽省农业科学院水稻研究所": "13", "宁夏农林科学院农作物研究所": "13", "清华大学生物科学与技术系": "9", "复旦大学遗传学研究所": "9", "中国农业大学生物学院": "7", "重庆大学材料科学与工程学院": "6"}, "文章title": []}