{"机构": "青岛市新生儿疾病筛查中心", "访问量": "1250", "被引量": "875", "成果数": "93", "H_指数": "16", "G指数": "26", "期刊": "93.5%", "会议": "6.5%", "专著": "0%", "其他": "0%", "合作学者": {"张立琴": "青岛市妇女儿童医疗保健中心", "王文媛": "青岛市妇女儿童医院", "匡桂芳": "青岛市妇女儿童医疗保健中心", "何怡峰": "青岛市妇幼保健院"}, "合作机构": {"青岛市妇女儿童医疗保健中心": "58", "青岛市妇女儿童医院": "25", "青岛市妇幼保健院": "18", "青岛大学医学院附属医院": "18", "山东省青岛市妇女儿童医院": "16", "青岛市儿童医院": "15", "山东省青岛市妇女儿童医疗保健中心": "11", "上海第二医科大学附属新华医院": "10", "青岛大学医学院生理教研室": "6", "青岛市新生儿疾病筛查中心": "4"}, "文章title": ["早产儿早期睡眠/觉醒模式与气质的相关性", "早产儿睡眠/觉醒模式发展轨迹的纵向研究", "婴儿早期睡眠/觉醒状况与气质相关性的研究", "早产儿睡眠/觉醒模式与其气质及认知发育的关系", "学前集体儿童卫生保健工作现状与对策", "早产儿睡眠/觉醒模式发展轨迹的纵向研究", "青岛市6～12个月婴儿睡眠质量及影响因素的研究", "母亲生活及行为方式对出生缺陷发生风险的影响", "孤独症儿童临床问题与父母心理健康状况的相关性研究", "注意缺陷多动障碍与抽动障碍共病儿童的行为特征研究", "ADHD与TD共病儿童家庭环境特征及与个性自我意识的相关性", "饮食治疗的苯丙酮尿症患儿智力发育分析", "孤独症儿童的饮食行为问题与血矿物质元素水平分析", "苯丙酮尿症儿童饮食治疗中蛋白质脂类的研究", "城区婴幼儿肥胖综合干预研究", "注意缺陷多动障碍与抽动障碍共病患儿家庭环境特征研究", "唐氏综合征孕中期多指标联合筛查方案适用性评估", "Evaluation of Down's syndrome screening methods using maternal serum biochemistry in the second trimester pregnancy"], "学术ID": ["CN-BS75ML8J"]}