{"机构": "哈尔滨工业大学能源科学与工程学院", "访问量": "3568", "被引量": "2256", "成果数": "182", "H_指数": "24", "G指数": "39", "期刊": "77.5%", "会议": "20.3%", "专著": "0%", "其他": "2.2%", "合作学者": {"钟北京": "清华大学航天航空学院", "葛阳": "清华大学", "侯凌云": "清华大学航天航空学院", "龚景松": "清华大学航天航空学院"}, "合作机构": {"清华大学航天航空学院": "75", "清华大学工程力学系": "69", "清华大学": "67", "清华大学汽车安全与节能国家重点实验室": "9", "河南省卫生防疫站": "3", "中国科学院力学研究所": "2", "清华大学工程力学系应用力学教育部重点实验室": "2", "清华大学力学系": "2", "清华大学热能工程系": "1", "哈尔滨工业大学能源科学与工程学院": "1"}, "文章title": ["直喷式柴油机中壁面催化重整反应对乳化油燃烧影响的数值研究", "The experimental study on the flow characteristics for a swirling gas-liquid spray atomizer", "柴油机燃用乳化油并在进气道喷乙醇的节油研究", "柴油机燃用乳化油时提高节油率的试验研究", "催化重整反应在乳化油着火过程中的研究", "乳化油柴油机中不存在微爆现象", "柴油掺混生物柴油的乳化油对柴油机性能的影响", "氢气对柴油机油耗的影响", "Fuel Consumption Study on Introducing Pyrolyzed DME or Ethanol into Diesel Engine", "大型褐煤锅炉煤粉再燃技术的数值模拟", "There is no micro-explosion in the diesel engines fueled with emulsified fuel", "TN型双通道燃烧器在燃用劣质煤锅炉中的应用", "柴油机燃用掺水燃料的节油机理的定量分析", "乳化油对柴油机油耗和环保性能影响的再研究", "A PUTTING FORWARD OF A NEW SPRAY ATOMIZER AND THE STUDY OF ITS FLOW CHARACTERISTICS", "Study on the mechanism of saving fuel consumption for emulsified fuel with wall catalytic reforming reaction", "二甲醚火焰传播速度的实验研究", "表面催化反应对空间预混气体着火影响的研究", "A study on effect of surface catalytic reaction on ignition of heterogeneous premixed gas", "氢气和水蒸气对甲烷/空气层流火焰传播速度的影响"], "学术ID": ["CN-BN74V0BJ"]}