{"机构": "中山大学附属第三医院", "访问量": "288", "被引量": "210", "成果数": "17", "H_指数": "7", "G指数": "14", "期刊": "70.6%", "会议": "29.4%", "专著": "0%", "其他": "0%", "合作学者": {"刘贤萍": "同济大学先进土木工程材料教育部重点实验室", "王培铭": "同济大学先进土木工程材料教育部重点实验室", "王萍": "中山大学附属第三医院"}, "合作机构": {"同济大学先进土木工程材料教育部重点实验室": "26", "中山大学附属第三医院": "1"}, "文章title": ["Accuracy of Image Analysis in Quantitative Study of Cement Paste", "粉煤灰粒径特征对水泥砂浆性能的影响", "低钙粉煤灰颗粒群粒径特征及组成特征", "用于背散射电子图像分析的水泥浆体抛光样品制备", "Sem-backscattered electron imaging and image processing for evaluation of unhydrated cement volume fraction in slag blended portland cement pastes", "用于背散射电子图像分析的水泥浆体抛光样品制备", "背散射电子图像分析在水泥基材料微观结构研究中的应用", "煤矸石对水泥熟料水化促进作用及机理(英文)", "Effect of gangue on hydration process of Portland cement", "煤矸石对水泥熟料水化促进作用及机理研究", "C_3S含量对水泥-煤矸石混合体系水化进程的影响", "高职建筑专业人才市场定位及培养", "热活化煤矸石促进水泥水化研究", "水泥-煤矸石复合体系水化进程研究", "不同活化方式煤矸石对水泥-煤矸石复合体系的影响研究", "水泥水化程度研究方法及其进展"], "学术ID": ["CN-BU74CZEJ"]}