{"机构": "潍柴动力股份有限公司", "访问量": "2237", "被引量": "1759", "成果数": "222", "H_指数": "22", "G指数": "30", "期刊": "87.8%", "会议": "6.3%", "专著": "0.5%", "其他": "5.4%", "合作学者": {"谭建荣": "浙江大学CADCG国家重点实验室", "高一聪": "浙江大学流体动力与机电系统国家重点实验室", "李中凯": "浙江大学CADCG国家重点实验室", "程锦": "浙江大学CADCG国家重点实验室"}, "合作机构": {"浙江大学CADCG国家重点实验室": "291", "浙江大学流体动力与机电系统国家重点实验室": "69", "浙江大学": "13", "大连理工大学管理学院": "13", "浙江大学现代制造工程研究所": "7", "中国计量学院机电工程学院": "6", "吉林大学交通学院": "5", "四川大学制造科学与工程学院": "4", "青岛理工大学计算机工程学院": "3", "潍柴动力股份有限公司": "3"}, "文章title": ["The Evolutionary Mechanism of Unit Cell: Parameterizations of Polyhedron Sandwich Structure Based on Rigid Origami", "The Evolutionary Mechanism of Unit Cell: Parameterizations of Polyhedron Sandwich Structure Based on Rigid Origami", "An Energy-Saving Optimization Method of Dynamic Scheduling for Disassembly Line", "Structural Optimization of a High-Speed Press Considering Multi-Source Uncertainties Based on a New Heterogeneous TOPSIS", "Thermo-Mechanical Coupling Analysis of the Actuating Mechanism in a High Speed Press", "Design of Distributed Cyber-Physical Systems for Connected and Automated Vehicles with Implementing Methodologies", "Target Disassembly Sequencing and Scheme Evaluation for CNC Machine Tools Using Improved Multiobjective Ant Colony Algorithm and Fuzzy Integral", "Multi-objective optimization of VBHF in sheet metal deep-drawing using Kriging, MOABC, and set pair analysis", "Data-driven customer requirements discernment in the product lifecycle management via intuitionistic fuzzy sets and electroencephalogram", "Sequence Planning for Selective Disassembly Aiming at Reducing Energy Consumption Using a Constraints Relation Graph and Improved Ant Colony Optimization Algorithm", "Environmentally Friendly MCDM of Reliability-based Product Optimisation Combining DEMATEL-based ANP, Interval Uncertainty and Vlse Kriterijumska Optimizacija Kompromisno Resenje (VIKOR)", "A Framework of Joint Energy Provisioning and Manufacturing Scheduling in Smart Industrial Wireless Rechargeable Sensor Networks", "Low Carbon-Oriented Optimal Reliability Design with Interval Product Failure Analysis and Grey Correlation Analysis", "Product quality improvement method in manufacturing process based on kernel optimisation algorithm", "Operation patterns analysis of automotive components remanufacturing industry development in China", "Anti-vibration optimization of the key components in a turbo-generator based on heterogeneous axiomatic design", "Simulation model of self-organizing pedestrian movement considering following behavior", "A TEL decision method of process parameters for smart energy efficient manufacturing", "正则多面体体胞结构创新设计与碰撞吸能特性分析"]}