{"机构": "广西大学土木建筑工程学院", "访问量": "20459", "被引量": "12956", "成果数": "685", "H_指数": "59", "G指数": "82", "期刊": "89.2%", "会议": "6.4%", "专著": "2.3%", "其他": "2.1%", "合作学者": {"周辉": "中国科学院武汉岩土力学研究所岩土力学与工程国家重...", "江权": "中国科学院武汉岩土力学研究所岩土力学与工程国家重...", "李邵军": "中国科学院武汉岩土力学研究所", "陈炳瑞": "中国科学院武汉岩土力学研究所岩土力学与工程国家重..."}, "合作机构": {"中国科学院武汉岩土力学研究所岩土力学与工程国家重点实验室": "570", "中国科学院武汉岩土力学研究所": "183", "东北大学资源与土木工程学院": "87", "东北大学": "83", "中国水电顾问集团华东勘测设计研究院": "38", "后勤工程学院军事土木工程系": "35", "华中科技大学土木工程与力学学院": "32", "河南理工大学土木工程学院": "26", "法国里尔科技大学": "20", "广西大学土木建筑工程学院": "17"}, "文章title": ["Chapter 9 – Microseismic Monitoring Method of the Rockburst Evolution Process", "Chapter 18 – Conclusions and Future Developments", "含天然硬性结构面大理岩破裂过程与机制研究", "Microseismic Monitoring Method of the Rockburst Evolution Process", "Contributors", "Study on crack initiation and damage stress in sandstone under true triaxial compression", "In Situ Observation of Hard Surrounding Rock Displacement at 2400-m-Deep Tunnels", "Brittle-ductile transition and failure mechanism of Jinping marble under true triaxial compression", "Chapter 13 – Avoiding High-Stress Concentrations by Reasonable Excavation Methods", "In situ observation and evaluation of zonal disintegration affected by existing fractures in deep hard rock tunneling", "Safety Analysis of the Left Bank Excavation Slopes of Baihetan Arch Dam Foundation Using a Discrete Element Model", "A Novel True Triaxial Apparatus for Studying the Time-Dependent Behaviour of Hard Rocks Under High Stress", "Feasibility Investigation of 3D Printing Technology for Geotechnical Physical Models: Study of Tunnels", "In Situ Observation of Rock Spalling in the Deep Tunnels of the China Jinping Underground Laboratory (2400 m Depth)", "Characteristic Stress Levels and Brittle Fracturing of Hard Rocks Subjected to True Triaxial Compression with Low Minimum Principal Stress", "抗剪强度分项系数的标准差反馈标定法", "分幅开挖方式下高应力硬岩地下洞室的微震特性及稳定性分析", "Efficient integration of crack singularities in the extended finite element method: Duffy-distance transformation and conformal preconditioning strategy", "锦屏深部地下实验室初始地应力测量实践", "Correction to: Study on coupled thermo-hydro-mechanical processes in column bentonite test"], "学术ID": ["CN-BB73XIRJ"]}