{"机构": "上海师范大学数理学院", "访问量": "83", "被引量": "11", "成果数": "24", "H_指数": "2", "G指数": "3", "期刊": "91.7%", "会议": "8.3%", "专著": "0%", "其他": "0%", "合作学者": {"陆惠卿": "上海大学物理系", "倪敏": "上海师范大学数理学院", "牟亚萍": "上海市教育考试院"}, "合作机构": {"上海大学物理系": "3", "上海市教育考试院": "1", "上海师范大学数理学院": "1"}, "文章title": ["算术基本定理与不尽根数的无理性", "同余关系和整除法则", "由祖暅公理推导椭圆的面积公式", "力的合成与倍角公式", "泊松括号与Noether定理", "数学物理中的变换群理论", "示性类的基本理论", "变分法的Euler—Lagrange方程及其应用", "非线性标量场为物质场的宇宙模型", "求解氢原子能级及其波函数的SO(4)群方法", "玻恩-英费尔德非线性标量场为物质场的量子宇宙模型", "辛几何引论", "Carathéodory变分方法与经典力学", "力学框架下的Noether定理", "磁单极的奇异势及其量子化条件的推广", "哈密顿正则方程、正则变换和泊松括号 (Ⅱ)哈密顿函数显含时间t的情", "哈密顿正则方程,正则变换和泊松括号（Ⅰ）：哈密顿函数不显含时间t的情况", "由五维理论得到一些新解", "姜-泰勒效应", "原子结构的准粒子方案中l=6时的约化矩阵元"], "学术ID": ["CN-B674RDAJ"]}