{"机构": "张家口教育学院中文系", "访问量": "140", "被引量": "61", "成果数": "21", "H_指数": "5", "G指数": "7", "期刊": "95.2%", "会议": "4.8%", "专著": "0%", "其他": "0%", "合作学者": {"王珍": "厦门外国语学校海沧附属学校", "姜云龙": "河北北方学院文学院", "胡桂红": "张家口教育学院中文系"}, "合作机构": {"厦门外国语学校海沧附属学校": "14", "河北北方学院文学院": "3", "张家口教育学院中文系": "1"}, "文章title": ["谈新媒体时代的电视语体与网络语体", "网络新闻跟帖评论语体初探", "浅析网络语言对留学生汉语习得的影响", "张家口市高校留学生汉语教学模式初探——以河北北方学院为例", "浅析“红段子”的文化内涵和形式特点", "“红段子”与网络时代的媒体语言研究", "语言学概论课双语教学初探", "英语教学与英语专业学生语用能力现状分析", "试论美国电影与美国民族性格", "试论电影语言与语境", "电影语言的情趣、韵趣和理趣", "浅谈电影语言中的隐性否定现象", "试论电影语言的含蓄美", "电影语言中的岐义现象解读", "浅析汉语交际中的隐性语用否定", "语文教学中的含蓄否定现象研究", "西方牌戏对英语习语的影响", "新词语与新观念", "英语被动句的汉译"], "学术ID": ["CN-BU74ANDJ"]}