{"机构": "北京中青俊升文化传媒有限公司", "访问量": "10972", "被引量": "7315", "成果数": "306", "H_指数": "45", "G指数": "73", "期刊": "97.4%", "会议": "1.6%", "专著": "0.7%", "其他": "0.3%", "合作学者": {"胡梦云": "湘潭大学法学院", "胡少波": "湘潭大学法学院", "付继存": "中国政法大学民商经济法学院", "冯晔": "湘潭大学法学院"}, "合作机构": {"湘潭大学法学院": "22", "中国政法大学": "6", "中国政法大学民商经济法学院": "4", "国家知识产权局": "2", "中国人民大学法学院": "1", "兰州大学法学院": "1", "湘潭大学科技处": "1", "上海交通大学科技处": "1", "北京中青俊升文化传媒有限公司": "1"}, "文章title": ["浏览器屏蔽视频网站广告行为性质研究——关于深圳市某计算机系统有限公司诉北京某科技有限责任公司不正当竞争纠纷案的思考", "知识产权综合管理改革的法治意义", "我国理工背景知识产权教育与人才培养模式探析", "《商标法》第三十二条“恶意抢注”认定研究——兼评“捕鱼达人”案", "网络游戏直播画面的作品属性及其相关著作权问题研究", "外观设计专利无效认定研究——以最高人民法院再审的一起典型案件为考察对象", "《民法总则》“知识产权条款”的评析与展望", "我国《商标法》第三十二条之在先权利保护研究——以“捕鱼达人”案为考察对象", "文化创新战略下著作权公共领域问题思考", "网络版权纠纷中“服务器标准”的适用与完善探讨", "聚合盗链行为侵权性及司法适用标准分析——兼议“腾讯诉快看影视”案", "我国知识产权学历教育及教学科研机构研究", "我国企业技术创新与知识产权战略实施的组织协同建设研究", "企业知识产权战略协同初论", "我国企业专利运营及其战略运作探析", "企业品牌建设及其战略运用研究"], "学术ID": ["CN-BG735C4J"]}