{"机构": "山东大学材料科学与工程学院", "访问量": "6852", "被引量": "4533", "成果数": "337", "H_指数": "34", "G指数": "53", "期刊": "84.3%", "会议": "8.9%", "专著": "0.9%", "其他": "5.9%", "合作学者": {"陆小华": "南京工业大学化学化工学院", "杨祝红": "南京工业大学化学化工学院", "刘畅": "南京工业大学化学化工学院", "史以俊": "南京林业大学理学院"}, "合作机构": {"南京工业大学化学化工学院": "667", "南京林业大学理学院": "124", "南京化工大学化工学院": "78", "东北石油大学化学化工学院": "59", "南京工业大学材料化学工程国家重点实验室": "49", "海南省人民医院": "14", "南京大学": "14", "南京化工大学化学工程系": "14", "南京工业大学材料科学与工程学院": "13", "山东大学材料科学与工程学院": "11"}, "文章title": ["Synthesis of hollow fullerene-like molybdenum disulfide/reduced graphene oxide nanocomposites with excellent lubricating properties", "受限界面处流体分子行为的调控及相关分子热力学模型初探：基于高比表面氧化钛的研究进展", "CuO nanosheets produced in graphene oxide solution: An excellent anti-wear additive for self-lubricating polymer composites", "Turning the solubility and lubricity of ionic liquids by absorbing CO 2", "Confinement Phenomenon Effect on the CO2 Absorption Working Capacity in Ionic Liquids Immobilized into Porous Solid Supports.", "CO2 influence on amino acid based ionic liquids as lubricating additives", "CO/Nseparation performance of supported ionic liquid membrane fabricated by [Choline][Pro]/RTILs", "Tribological Properties of Porous PEEK Composites Containing Ionic Liquid under Dry Friction Condition", "Enriching Hetero-elements in Lignin as Lubricating Additives for Bio-Ionic Liquids", "Tribological behaviors of carbon series additions reinforced CF/PTFE composites at high speed", "基于Excel的超临界蒸汽动力循环工艺计算程序", "基于CYCLEPAD的单级回热循环最优回热点的快速分析", "CO2/N2 separation using supported ionic liquid membranes with green and cost-effective [Choline][Pro]/PEG200 mixtures", "Thermodynamic modeling and experimental verification for ion-exchange synthesis of K2O??6TiO2 and TiO2 fibers from K2O??4TiO2", "Mesoporous composite titania and preparing method thereof", "Mesoporous Composite Titanium Oxide and a Preparation Method", "Halogen-free ionic liquids as excellent lubricants for PEEK-stainless steel contacts at elevated temperatures"], "学术ID": ["CN-BD745QSJ"]}