{"机构": "南京师范大学学生工作部", "访问量": "13501", "被引量": "7549", "成果数": "371", "H_指数": "42", "G指数": "74", "期刊": "96.8%", "会议": "2.7%", "专著": "0%", "其他": "0.5%", "合作学者": {"祝爱武": "南京师范大学教育科学学院", "严从根": "南京师范大学道德教育研究所", "胡金木": "南京师范大学道德教育研究所", "王庆文": "浙江大学"}, "合作机构": {"南京师范大学道德教育研究所": "9", "南京师范大学教育科学学院": "5", "浙江大学": "2", "河南安阳幼儿师范学校": "2", "马鞍山市教育局": "1", "南京师范大学研究生院": "1", "黄淮学院": "1", "北京师范大学发展心理研究所": "1", "安徽师范大学教育科学学院": "1", "南京师范大学学生工作部": "1"}, "文章title": [], "学术ID": ["CN-BV73WISJ"]}