{"机构": "红河学院生命科学与技术学院", "访问量": "7251", "被引量": "5838", "成果数": "252", "H_指数": "42", "G指数": "66", "期刊": "95.2%", "会议": "4%", "专著": "0%", "其他": "0.8%", "合作学者": {"安黎哲": "兰州大学生命科学学院", "王勋陵": "兰州大学生物系", "徐世健": "兰州大学生命科学学院", "陈拓": "中国科学院寒区旱区环境与工程研究所冰冻圈科学国家..."}, "合作机构": {"兰州大学生命科学学院": "383", "敦煌研究院保护研究所": "78", "兰州大学生物系": "67", "中国科学院寒区旱区环境与工程研究所冰冻圈科学国家重点实验室": "53", "西北民族大学生命科学与工程学院": "40", "兰州大学": "33", "兰州交通大学化学与生物工程学院": "29", "中国科学院寒区旱区环境与工程研究所冻土工程国家重点实验室": "28", "中国科学院寒区旱区环境与工程研究所沙漠与沙漠化重点实验室": "14", "红河学院生命科学与技术学院": "12"}, "文章title": ["Anthropogenic disturbance equalizes diversity levels in arbuscular mycorrhizal fungal communities", "Differences of Microbial Community on the wall paintings preserved in situ and ex situ of the Tiantishan Grottoes, China", "黄帚橐吾种群扩张对土壤理化特性与微生物功能多样性的影响", "A cold-induced pectin methyl-esterase inhibitor gene contributes negatively to freezing tolerance but positively to salt tolerance in Arabidopsis", "Realization of biodeterioration to cultural heritage protection in China", "Identification of root-colonizing AM fungal communities and their responses to short-term climate change and grazing on Tibetan plateau", "Description of Naumannella cuiyingiana sp. nov., isolated from a ca. 1500-year-old mural painting, and emended description of the genus Naumannella", "浅谈馆藏生物标本在生物学实验本科教学中的作用", "适应拔尖学生培养目标的分子生物学实验教学体系的探索", "生物化学实验慕课建设的初步探索与实践", "遗传学实验教学改革的探索与实践", "The phylogenetic structure of AMF communities shifts in response to gradient warming with and without winter grazing on the Qinghai-Tibet Plateau", "不同剂量中子辐射胡麻种子的M和M代生物学效应研究", "Study on Mand Mgeneration effect of different dosages of neutron radiation on flax seed", "The microbial community characteristics of ancient painted sculptures in Maijishan Grottoes, China", "Supplementary Material (2/2) Ma et al SBB 2016", "Supplementary material (1/2) Ma et al SBB 2016", "Characterization of the prokaryotic diversity through a stratigraphic permafrost core profile from the Qinghai-Tibet Plateau", "智能手机在生物学野外实习中的应用", "高校生物学学科核心能力与实践探讨"]}