{"机构": "南开大学商学院", "访问量": "2710", "被引量": "2299", "成果数": "513", "H_指数": "21", "G指数": "32", "期刊": "58.5%", "会议": "25.1%", "专著": "10.7%", "其他": "5.7%", "合作学者": {"李晓红": "天津大学电子信息工程学院", "陈世展": "天津大学计算机科学与技术学院", "饶国政": "天津大学计算机科学与技术学院", "王鑫": "天津大学计算机科学与技术学院"}, "合作机构": {"天津大学计算机科学与技术学院": "323", "天津大学电子信息工程学院": "106", "广东交通职业技术学院": "36", "天津大学": "19", "北京邮电大学泛网无线通信教育部重点实验室": "13", "中国医学科学院北京协和医院": "10", "中国地质大学计算机学院": "6", "中国林业科学研究院林产化学工业研究所": "5", "北京邮电大学电信工程学院": "5", "南开大学商学院": "4"}, "文章title": ["PROSE: A Plugin-Based Framework for Paraconsistent Reasoning on Semantic Web", "Socially-Aware Multiagent Learning: Towards Socially Optimal Outcomes.", "Dynamically analyzing cell interactions in biological environments using multiagent social learning framework", "Defending Against Man-In-The-Middle Attack in Repeated Games", "Robust Visual Tracking via Multi-Scale Spatio-Temporal Context Learning", "An Improved Android Collusion Attack Detection Method Based on Program Slicing", "E-SSL: An SSL Security-Enhanced Method for Bypassing MITM Attacks in Mobile Internet", "An Improved Android Collusion Attack Detection Method Based on Program Slicing", "MP-MID", "Semantic-Aware Partitioning on RDF Graphs", "A Prediction and Learning Based Approach to Network Selection in Dynamic Environments", "Optimal Personalized Defense Strategy Against Man-In-The-Middle Attack", "Intelligent RDD Management for High Performance In-Memory Computing in Spark", "An automatic self‐adaptation framework for service‐based process based on exception handling", "Semantic-Aware Partitioning on RDF Graphs", "TT-XSS: A novel taint tracking based dynamic detection framework for DOM Cross-Site Scripting", "Timely Detection of Temporal Relations in RDF Stream Processing Scenario", "Universal Analysis and Detection Framework for Location Aided Routing", "Formal Modeling and Verification of Security Protocols on Cloud Computing Systems Based on UML 2.3", "Learning to Predict Severity of Software Vulnerability Using Only Vulnerability Description"]}