{"机构": "北京内燃机总厂", "访问量": "229", "被引量": "122", "成果数": "10", "H_指数": "3", "G指数": "0", "期刊": "90%", "会议": "10%", "专著": "0%", "其他": "0%", "合作学者": {"寇玉民": "北京联合大学", "涂承媛": "北京工业大学机械工程与应用电子技术学院", "李永霞": "北京联合大学自动化学院", "李家彪": "国家海洋局"}, "合作机构": {"北京联合大学自动化学院": "5", "国家海洋局": "3", "北京联合大学": "2", "北京工业大学机械工程与应用电子技术学院": "2", "北京工业大学电子工程学系": "1", "北京内燃机总厂": "1"}, "文章title": ["“单片机原理及应用”课程教学改革的探讨", "自主机器人指定颜色形状属性物体的识别方法", "A Method of Recognizing Objects Specified by Color and Shape in Autonomous ROBOT", "基于电荷耦合器件的雷达视频积累电路", "基于CPLD的CCD图像传感器时序设计", "大陆张裂三维有限元的数值模拟", "海底地震仪及其国内外发展现状", "无刷电机控制器的设计", "基于仿生进化的自动控制系统", "基于规则自适应的转速控制系统"], "学术ID": ["CN-BT743P0J"]}