{"机构": "中国石油大学(北京)工商管理学院", "访问量": "3328", "被引量": "2094", "成果数": "163", "H_指数": "19", "G指数": "41", "期刊": "65.6%", "会议": "26.4%", "专著": "4.3%", "其他": "3.7%", "合作学者": {}, "合作机构": {"清华大学土木工程系": "164", "清华大学土木工程系土木工程安全与耐久性教育部重点实验室": "9", "清华大学建筑设计研究院": "8", "华东建筑设计研究院有限公司": "8", "烟台大学土木工程学院": "7", "国家工业建筑诊断与改造工程技术研究中心": "6", "海南大学土木建筑工程学院": "6", "清华大学": "5", "国家建材局": "4", "中国石油大学(北京)工商管理学院": "3"}, "文章title": ["Composite actions within steel-FRP composite beam systems with novel blind bolt shear connections", "Buckling of piecewise member composed of steel and high-strength materials in axial compression", "Axial compressive behavior of seawater coral aggregate concrete-filled FRP tubes", "Buckling behavior of CFRP-aluminum alloy hybrid tubes in axial compression", "Joint capacity of bonded sleeve connections for tubular fibre reinforced polymer members", "材料、构件、结构的“屈服点”定义与讨论", "website", "Mechanical Behavior and Design of FRP Structural Members at High and Low Service Temperatures", "Load-Strain Model for Steel-Concrete-FRP-Concrete Columns in Axial Compression", "Compressive bearing capacity of CFRP–aluminum alloy hybrid tubes", "缝高比对FRP拉挤型材软化关系的影响", "Bilinear softening model and double K fracture criterion for quasi-brittle fracture of pultruded FRP composites", "Perforated FRP Ribs for Shear Connecting of FRP-Concrete Hybrid Beams/Decks", "Study of GFRP Steel Buckling Restraint Braces", "Mechanical properties of structures 3D printed with cementitious powders", "复合材料胶栓混合连接机理的试验研究", "FRP增强3D打印构件的力学性能试验", "Mechanical behavior of concrete-filled square steel tube with FRP-confined concrete core subjected to axial compression", "大尺寸FRP排烟内筒的受力性能试验"], "学术ID": ["CN-B174M2TJ"]}