{"机构": "中国科学技术大学经济技术学院", "访问量": "5235", "被引量": "3167", "成果数": "358", "H_指数": "25", "G指数": "45", "期刊": "79.3%", "会议": "17%", "专著": "0.6%", "其他": "3.1%", "合作学者": {"江朝晖": "中国科学技术大学电子科学与技术系", "周荷琴": "中国科学技术大学自动化系", "李骜": "中国科学技术大学电子科学与技术系", "王明会": "中国科学技术大学电子科学与技术系"}, "合作机构": {"中国科学技术大学电子科学与技术系": "445", "中国科学技术大学自动化系": "102", "中国科学技术大学": "93", "安徽中医学院第一附属医院": "44", "中国科学技术大学生物医学工程研究所": "27", "安徽大学计算智能与信号处理教育部重点实验室": "22", "浙江工商大学信息与电子工程学院": "18", "西南科技大学信息工程学院": "14", "中国科学技术大学火灾科学国家重点实验室": "12", "中国科学技术大学经济技术学院": "10"}, "文章title": ["Detection of copy number variants and loss of heterozygosity from impure tumor samples using whole exome sequencing data", "Prognosis prediction of human breast cancer by integrating deep neural network and support vector machine: Supervised feature extraction and classification for breast cancer prognosis prediction", "Identification of driver network modules in protein-protein interaction network using patient mutation profiles", "NTSMDA: prediction of miRNA-disease associations by integrating network topological similarity.", "Classifying ECoG/EEG-Based Motor Imagery Tasks", "Heterogeneous network-based propagation algorithm for discovering bladder cancer-related genes", "TAFFYS: An Integrated Tool for Comprehensive Analysis of Genomic Aberrations in Tumor Samples.", "Comparison of genotyping signals between Affymetrix and Illumina platform.", "A novel method for predicting protein phosphorylation via site-modification network profiles.", "Comparison of results for lung tumor H1395 by different methods.", "A novel framework for analyzing somatic copy number aberrations and tumor subclones for paired heterogeneous tumor samples", "Study on deformation law of longitudinal seam between shield tunnel segments under staggered seam assembling", "Extracting LncRNA-protein Interactions from Literature Using a Text Feature-based Approach", "整合序列与蛋白相互作用特征的亚细胞定位预测", "A Novel Kinase-substrate Relation Prediction Method Based on Substrate Sequence Similarity and Phosphorylation Network", "Prediction of protein kinase-specific phosphorylation sites in hierarchical structure using functional information and random forest", "基于贝叶斯决策理论的磷酸化位点蛋白激酶识别算法", "Genome-Wide Identification of Somatic Aberrations from Paired Normal-Tumor Samples", "Identification of homozygous deletion in ADAM3A gene for tumor 7207.", "Comprehensive study of tumour single nucleotide polymorphism array data reveals significant driver aberrations and disrupted signalling pathways in human hepatocellular cancer"], "学术ID": ["CN-BN74YVTJ"]}