{"机构": "北京大学精神卫生研究所", "访问量": "266", "被引量": "206", "成果数": "26", "H_指数": "8", "G指数": "14", "期刊": "69.2%", "会议": "30.8%", "专著": "0%", "其他": "0%", "合作学者": {"贾竑晓": "首都医科大学附属北京安定医院", "苗迎春": "北京中医药大学东直门医院", "田金洲": "北京中医药大学东直门医院", "时晶": "北京中医药大学东直门医院"}, "合作机构": {"首都医科大学附属北京安定医院": "31", "北京中医药大学东直门医院": "15", "北京安定医院": "4", "中国中医科学院广安门医院": "4", "河南省洛阳荣康医院": "1", "上海中医药大学": "1", "湖北省植保总站": "1", "河北省中医院": "1", "北京医科大学精神卫生研究所": "1", "北京大学精神卫生研究所": "1"}, "文章title": ["治疗精神类疾病引起的睡眠障碍中医有妙方", "中医药治疗精神疾病遇到的问题", "中医视野下的精神药物不良反应", "抑郁症的中医证候特征研究", "15196例抑郁症中医证候及证候要素特点的文献研究", "“脉象预测”与抑郁症及其复发的关系探讨", "抑郁症相关情绪疾病中医证候要素与症状相关性的古代文献研究", "中医药治疗抗精神病药副作用", "抑郁症相关情绪疾病中医证候要素特征古代文献研究", "时间生物学在精神科中的应用", "浅谈药物与人体生物钟的相互作用", "抑郁症晨重夜轻节律的理论探讨及临床意义", "抗精神病药物所致闭经的中医辨证论治体会", "运用中医时间生物医学调整睡眠节律", "药物性闭经中医药周期性治疗", "A randomized, crossover comparison of herbal medicine and bromocriptine against risperidone-induced hyperprolactinemia in patients with schizophrenia.", "时间与精神分裂症相关问题初探", "九味虑平颗粒治疗广泛性焦虑症的临床疗效观察", "芍药甘草汤治疗高催乳素血症对照研究", "调整睡眠节律在精神障碍中的应用"], "学术ID": ["CN-BF74F5AJ"]}