{"机构": "中国科学院心理研究所", "访问量": "3071", "被引量": "1974", "成果数": "116", "H_指数": "21", "G指数": "42", "期刊": "81.9%", "会议": "16.4%", "专著": "0%", "其他": "1.7%", "合作学者": {"李红": "西南大学心理学院", "龙长权": "西南大学心理学院", "索涛": "西南大学心理学院", "陈安涛": "西南大学心理学院"}, "合作机构": {"西南大学心理学院": "164", "西南师范大学心理学院": "17", "认知与人格教育部重点实验室": "7", "福建中医药大学": "7", "中国科学院大学": "6", "认知与人格教育部重点实验室(西南大学)西南大学心理学院": "6", "认知与人格教育部重点实验室(西南大学)": "5", "香港中文大学心理系": "5", "贵州师范大学教育科学学院": "5", "中国科学院心理研究所": "4"}, "文章title": ["Prospective emotion enables episodic prospection to shift time preference", "预期想象影响延迟折扣的内在机制:情绪的作用——高、低冲动特质的分离效应", "“冷-热”与“热-冷”共情鸿沟效应的均衡性", "Physical similarity or numerical representation counts in same-different, numerical comparison, physical comparison, and priming tasks?", "调控方式影响跨期选择的神经基础：内侧前额叶的中介作用", "“先扬后抑”vs.“先抑后扬”：反馈顺序对决策信心建构的影响", "Neural circuitry involved in quitting after repeated failures: role of the cingulate and temporal parietal junction", "Identifying the Neural Substrates of Procrastination: a Resting-State fMRI Study:", "时间洞察力对跨期选择偏好的预测", "The Model of Procrastination on Time Orientation", "拖延行为的时间取向模型", "孤独症儿童共同注意的神经基础及早期干预", "Resting spontaneous activity in the default mode network predicts performance decline during prolonged attention workload", "决策信心对决策过程的调节作用", "风险对两类跨期选择的影响：一项ERP研究", "决策信心在信息化从众中的作用", "特质性焦虑对跨期选择影响的认知机制", "成瘾人群跨期选择的神经机制及干预方法", "不同预期情绪状态对跨期选择的影响:消极情绪启动"]}