{"机构": "清华大学化工系", "访问量": "1805", "被引量": "628", "成果数": "115", "H_指数": "14", "G指数": "20", "期刊": "92.2%", "会议": "7.8%", "专著": "0%", "其他": "0%", "合作学者": {"葛宁": "清华大学电子工程系", "唐昆": "清华大学电子工程系微波与数字通信技术国家重点实验室", "王一超": "清华大学电子工程系", "樊平毅": "清华大学电子工程系"}, "合作机构": {"清华大学电子工程系": "133", "清华大学电子工程系微波与数字通信技术国家重点实验室": "21", "清华大学": "6", "清华大学电子工程系微波与数字通信国家重点实验室": "6", "清华大学深圳研究生院": "5", "清华大学电子工程系通信与信息系统": "4", "北京清华大学电子工程系通信与信息系统": "2", "清华大学精密仪器系": "2", "南京邮电学院": "1", "清华大学化工系": "1"}, "文章title": ["CORBA/SNMP网关上增强的管理机制的实现", "自动协议转换的嵌入式SNMP委托代理系统", "CORBA/SNMP网关中事件管理的实现", "SystemC与SCP结合仿真多处理器嵌入式系统", "CORBA/SNMP网关上高效信息采集策略", "基于SystemC和汇编级TA的嵌入式系统协同仿真方法", "轮询与主动上报混合的网络管理通信系统设计与实现", "使用软硬件协同仿真技术的嵌入式系统开发工具包", "基于源代码分析的嵌入式软件高速仿真", "WDM网络组播连接保护切换时间分析", "WDM网络动态组播业务共享保护算法", "WDM网络动态组播业务管道失效保护", "SDH多业务传输平台（MSTP）路由算法", "Analysis of protection-switching time for multicast connections in WDM mesh network", "具有优先服务机制的嵌套式DRR算法", "WDM网络动态组播业务疏导算法", "共享存储器交换的排队模型", "基于测量的主动队列管理算法", "漏桶算法对输出业务流自相似特性的影响", "一种端口速率可变的共享存储器交换"], "学术ID": ["CN-BQ73XFEJ"]}