{"机构": "解放军260医院", "访问量": "452", "被引量": "204", "成果数": "89", "H_指数": "8", "G指数": "10", "期刊": "94.4%", "会议": "5.6%", "专著": "0%", "其他": "0%", "合作学者": {"王建华": "白求恩医务士官学校", "王惠萍": "白求恩军医学院计算机教研室", "张海龙": "中南大学药学院", "戚红军": "解放军白求恩军医学院计算机教研室"}, "合作机构": {"白求恩医务士官学校": "53", "白求恩军医学院计算机教研室": "50", "解放军白求恩军医学院计算机教研室": "35", "中南大学药学院": "35", "军械工程学院计算机工程系": "33", "白求恩军医学院": "17", "军械工程学院光学与电子工程系": "15", "解放军第260医院": "11", "军械工程学院": "10", "解放军260医院": "8"}, "文章title": ["单片机课程集体备课刍议", "浅谈PBL教学法在医学计算机基础教学中的应用", "交际教学法在医学英语教学中的应用", "计算机实操课教学如何发挥教师的主导作用", "Optimization of Nutrition Constituents for Xylanase Activity by Rhizopus stolonifer Under Solid-State Fermentation on Corncob", "Optimization of the nutrition for biodegradation of vinasse by Aspergillus oryzae using response surface methodology", "模块式单片机综合实验箱的设计", "Blind steganalysis algorithm for JPEG color images based on MCM and HVS", "Blind extraction algorithm of embedded messages based on CSR-ICA", "基于CSR-ICA模型的隐写信息盲提取算法", "基于MCM和HVS的彩色图像盲隐写分析算法", "非线性模型下的摄像机标定", "浅析高职院校计算机基础课程教学方法改良", "兴趣先导 增强教学效果", "计算机基础课程教学中如何发挥教师主导作用", "浅谈多媒体课件的设计与制作", "“理论”“实践”综合课型教学方法探讨与应用", "高校青年教师能力培养之浅见", "浅谈《计算机应用》课程教学组织的优化", "深化教学改革 强化两个作用"]}