{"机构": "河南工业大学信息科学与工程学院", "访问量": "6958", "被引量": "5462", "成果数": "399", "H_指数": "32", "G指数": "61", "期刊": "73.2%", "会议": "19.3%", "专著": "6.8%", "其他": "0.7%", "合作学者": {"马兆丰": "北京国泰信安科技有限公司", "朱利": "西安交通大学软件学院", "傅向华": "深圳大学计算机与软件学院", "何明": "解放军理工大学指挥自动化学院"}, "合作机构": {"西安交通大学电子与信息工程学院": "129", "西安交通大学计算机科学与技术系": "73", "西安交通大学计算机教学实验中心": "45", "西安交通大学软件学院": "44", "北京国泰信安科技有限公司": "38", "深圳大学计算机与软件学院": "31", "西安交通大学": "31", "西安理工大学计算机科学与工程学院": "27", "解放军理工大学指挥自动化学院": "24", "河南工业大学信息科学与工程学院": "19"}, "文章title": ["内容发布订阅系统路由算法和自配置策略研究", "基于动态许可证的信任版权安全认证协议", "ABox推理计算实体相似度", "基于性能预测的推测多线程循环选择方法", "A Study on Algorithm for Mining Subgraph in Thinking Maps", "IFSDA: An intuitionistic fuzzy set-based data aggregation approach for software maintainability evaluation", "Motif-Based Hyponym Relation Extraction from Wikipedia Hyperlinks", "A Novel Thread Partitioning Approach Based on Machine Learning for Speculative Multithreading", "A Novel Thread Partitioning Approach Based on Machine Learning for Speculative Multithreading", "计算机精品资源共享课建设与协同创新模式探索", "用研究与实践的创新成果,破解“增强计算思维能力培养”的难题——为《大学计算机——计算思维导论》作序", "DFT-extractor: a system to extract domain-specific faceted taxonomies from wikipedia", "DFT-extractor:a system to extract domain-specific faceted taxonomies from wikipedia", "Critical structure movement in cervix brachytherapy.", "An adaptive support vector regression based on a new sequence of unified orthogonal polynomials.", "A survey of faceted search", "A thread partitioning approach for speculative multithreading", "Generalized uniform Chebyshev polynomial kernel", "对国家精品课程转型升级与资源共享建设的认识与实践", "对于计算思维能力培养“落地”问题的探讨"]}