{"机构": "解放军总医院", "访问量": "3566", "被引量": "2788", "成果数": "242", "H_指数": "28", "G指数": "42", "期刊": "90.5%", "会议": "3.3%", "专著": "0.4%", "其他": "5.8%", "合作学者": {"江廷磊": "东北师范大学城市与环境科学学院", "孙克萍": "东北师范大学城市与环境科学学院", "李振新": "东北师范大学环境科学系", "张树义": "中国科学院动物研究所"}, "合作机构": {"东北师范大学城市与环境科学学院": "230", "东北师范大学环境科学系": "79", "中国科学院动物研究所": "49", "东北师范大学": "45", "东北师范大学城市与环境科学学院国家环境保护湿地生态与植被恢复重点实验室": "38", "中国科学院沈阳应用生态研究所": "24", "四川大学华西医院": "15", "中国医科大学附属第一医院": "12", "贵州师范大学生命科学学院": "12", "解放军总医院": "11"}, "文章title": ["Patterns of sexual size dimorphism in horseshoe bats: Testing Rensch’s rule and potential causes", "Molecular characterization of a novel bat-associated circovirus with a poly-T tract in the 3′ intergenic region", "Arms race of temporal partitioning between carnivorous and herbivorous mammals", "Stereotypy and variability of social calls among clustering female big-footed myotis (Myotis macrodactylus)", "Are aggressive vocalizations the honest signals of body size and quality in female Asian particoloured bats?", "Phylogenetic relationships and evolutionary history of the greater horseshoe bat in Northeast Asia", "大蹄蝠头骨形态地理变化", "动物发声学习研究进展", "蝙蝠传染病白鼻综合症研究进展", "The effects of cultural drift on geographic variation in echolocation calls of the Chinese rufous horseshoe bat (Rhinolophus sinicus)", "Social calls honestly signal female competitive ability in Asian particoloured bats", "Size and quality information in acoustic signals of Rhinolophus ferrumequinum in distress situations", "Polymorphism in the major histocompatibility complex (MHC class II B) genes of the Rufous-backed Bunting (Emberiza jankowskii)", "Characterization of the complete mitochondrial genome of the Rhinolophus sinicus sinicus (Chiroptera: Rhinolophidae) from Central China", "Autumn flight activity of the greater horseshoe bat at hibernacula", "Data from: Using sounds for making decisions: greater tube-nosed bats prefer antagonistic calls over non-communicative sounds when feeding", "Pioglitazone, a Peroxisome Proliferator-Activated Receptor γ Agonist, Ameliorates Chronic Kidney Disease by Enhancing Antioxidative Capacity and Attenuating Angiogenesis in the Kidney of a 5/6 Neph...", "Phylogenetic relationships and evolutionary history of the greater horseshoe bat,Rhinolophus ferrumequinum, in Northeast Asia"], "学术ID": ["CN-BE7483WJ"]}