{"机构": "青岛大学医学院附属医院", "访问量": "3336", "被引量": "2959", "成果数": "192", "H_指数": "25", "G指数": "49", "期刊": "88.5%", "会议": "9.9%", "专著": "0%", "其他": "1.6%", "合作学者": {"许晓群": "山东省医学科学院基础医学研究所", "张运": "山东大学齐鲁医院", "张建华": "华中科技大学同济医学院附属同济医院", "王荣": "山东大学齐鲁医院"}, "合作机构": {"山东大学齐鲁医院": "398", "山东省医学科学院基础医学研究所": "110", "山东大学第二医院": "28", "教育部和卫生部心血管重构和功能研究重点实验室山东大学齐鲁医院": "24", "山东大学附属省立医院": "23", "华中科技大学同济医学院附属同济医院": "20", "解放军总医院": "17", "山东省立医院": "15", "中国科学技术大学生命科学学院免疫学研究所": "12", "青岛大学医学院附属医院": "11"}, "文章title": ["Development and evaluation of novel tumor-targeting paclitaxel-loaded nano-carriers for ovarian cancer treatment: in vitro and in vivo", "Folate-conjugated polymeric micelle HB-loaded on targeting effect by intraperitoneal to ovarian cancer in vitro and in vivo.", "Hypocrellin B‐loaded, folate‐conjugated polymeric micelle for intraperitoneal targeting of ovarian cancer in vitro and in vivo", "HPV Status and Its Correlation with BCL2, p21, p53, Rb, and Survivin Expression in Breast Cancer in a Chinese Population", "Association of serum levels of AngII, KLK1, and ACE/KLK1 polymorphisms with acute myocardial infarction induced by coronary artery stenosis", "慢病毒介导的hTERT-shRNA联合光动力治疗对宫颈癌细胞SiHa的影响", "光动力疗法对子宫内膜癌Ishikawa细胞系细胞周期和凋亡的影响", "Gax inhibits perivascular preadipocyte biofunction mediated by IGF-1 induced FAK/Pyk2 and ERK2 cooperative pathways", "ALDH2 genetic polymorphism and the risk of type 2 diabetes mellitus in CAD patients", "Small interfering RNA targeting nuclear factor kappa B to prevent vein graft stenosis in rat models.", "Cellular & Molecular Immunology 63 Type Two Cytokines Predominance of Human Lung Cancer and Its Reverse by Traditional Chinese Medicine TTMP", "Detection of high-risk human papillomaviruses in fresh breast cancer samples using the hybrid capture 2 assay", "cyclinD1在卵巢癌裸鼠移植瘤组织中的表达及意义", "Role of aldehyde dehydrogenase 2 Glu504lys polymorphism in acute coronary syndrome", "Angiotensin-Converting Enzyme (ACE) 2 Overexpression Ameliorates Glomerular Injury in a Rat Model of Diabetic Nephropathy: A Comparison with ACE Inhibition", "RhoBTB2 (DBC2) functions as tumor suppressor via inhibiting proliferation, preventing colony formation and inducing apoptosis in breast cancer cells", "Dynamic expression of Qa-2 during acute graft rejection.", "Induction of G1 cell cycle arrest and apoptosis by berberine in bladder cancer cells", "心肝宝胶囊对阿霉素肾病大鼠的肾脏保护作用"]}