{"机构": "山东体育学院日照校区运动系", "访问量": "564", "被引量": "288", "成果数": "58", "H_指数": "9", "G指数": "14", "期刊": "89.7%", "会议": "8.6%", "专著": "0%", "其他": "1.7%", "合作学者": {"冯晓丽": "山西师范大学体育学院", "黄玉斌": "中国体操队", "张秀丽": "华南师范大学体育学院", "郭瑞华": "周口师范学院体育系"}, "合作机构": {"山西师范大学体育学院": "4", "中国体操队": "3", "周口师范学院体育系": "3", "郑州大学体育系": "3", "华南师范大学体育学院": "2", "河南职业技术学院": "1", "菏泽学院体育系": "1", "山东体育学院民族传统体育系": "1", "山东理工大学体育学院": "1", "山东体育学院日照校区运动系": "1"}, "文章title": ["FIG有氧踏板成套动作分析与研究——以2016亚洲体操节为例", "山西师范大学体育学院2011级顶岗实习现状及对策研究", "体育院系与非体育院系学生反应时的对比研究——以忻州师范学院学生为例", "高校学生网球运动损伤的特点、原因及预防策略", "新机遇下校园足球发展策略研究", "农村中学体育教育存在的问题及对策研究--以野川中学为例", "核心力量训练在高校网球运动员训练中的实验研究", "山西师范大学体育学院健美操“以赛代考”改革情况调查研究", "肚皮舞之健身功效探究", "第13届世界健美操锦标赛中国代表队成绩分析", "政府与体育社会组织合作关系研究——基于澳大利亚“National Compact”的经验借鉴", "体育迷的身份认同维度研究", "关于头手倒立2种技术的比较分析", "竞技体操后备人才培养现状及对策研究", "山西师范大学体育学院健美操专修学生运动损伤情况的调查分析", "论中国竞技体操制胜因素——力", "中西部中小学骨干教师国培计划调查研究以山西师范大学初中体育培训班为例", "豫南地区中学体育教学现状分析", "我国体育健身网站使用人群的现状特征研究", "探骊中国竞技体操制胜因素——“力”"], "学术ID": ["CN-BR746PPJ"]}