{"机构": "西安交通大学第一医院", "访问量": "1984", "被引量": "1125", "成果数": "139", "H_指数": "17", "G指数": "27", "期刊": "84.9%", "会议": "13.7%", "专著": "0%", "其他": "1.4%", "合作学者": {"丁寅": "第四军医大学口腔医学院正畸科", "林珠": "第四军医大学口腔医学院正畸科", "段银钟": "第四军医大学口腔医学院正畸科", "陈富林": "第四军医大学口腔医学院"}, "合作机构": {"第四军医大学口腔医学院正畸科": "178", "第四军医大学口腔医学院": "64", "第四军医大学口腔医院": "24", "第四军医大学口腔医学院颌面外科": "11", "北京大学口腔医院": "7", "兰州大学口腔医学院": "6", "清华大学化学系": "5", "兰州军区兰州总医院": "5", "第四军医大学生物化学与分子生物学教研室": "5", "西安交通大学第一医院": "4"}, "文章title": ["特发性髁突吸收患者髁突形态特征的CBCT研究", "Effects of low-intensity pulsed electromagnetic fields on bone microarchitecture, mechanical strength and bone turnover in type 2 diabetic db/db mice", "Cyclic stretch promotes osteogenesis-related gene expression in osteoblast-like cells through a cofilin-associated mechanism", "Orthodontic Management with Traction and Asymmetric Extraction for Multiple Impacted Permanent Maxillary Teeth – A Case Report", "双钥匙曲整体内收上前牙的三维有限元研究", "Role of the Wnt/-catenin signaling pathway in the response of chondrocytes to mechanical loading", "Wnt信号通路在牵张力作用下软骨细胞中的作用机制研究", "氧化钛纳米管对即刻种植骨结合影响的实验研究", "微种植体支抗内收及压低上前牙的有限元研究", "应用种植体支抗辅助上颌前方牵引时颅颌面骨缝应力特征的三维有限元分析", "口腔正畸学本科教学改革的探索和体会", "mTOR信号通路在应力调控牙周膜细胞能量代谢中的作用", "微种植体支抗整体内收及压低上颌前牙的三维有限元分析", "不同部位植入微种植钉进行前方牵引时上颌骨旋转趋势", "影响上颌埋伏尖牙导萌疗程的因素分析", "Akt/mTOR/p70s6k信号通路在应力调控人成骨样细胞分化中的作用", "Cyclic stretch enhances bone morphogenetic protein-2-induced osteoblastic differentiation through the inhibition of Hey1", "Miniscrew anchorage for the correction of midline discrepancies", "口腔正畸学研究生临床创新思维能力培养的探讨", "口腔正畸学本科教学改革初探"]}