{"机构": "华中科技大学同济医学院附属同济医院", "访问量": "1979", "被引量": "1822", "成果数": "185", "H_指数": "21", "G指数": "32", "期刊": "95.7%", "会议": "2.7%", "专著": "0%", "其他": "1.6%", "合作学者": {"陈晓鸣": "中国林业科学研究院资源昆虫研究所", "何钊": "中国林业科学研究院资源昆虫研究所", "孙龙": "中国林业科学研究院资源昆虫研究所", "张弘": "中国林业科学研究院资源昆虫研究所"}, "合作机构": {"中国林业科学研究院资源昆虫研究所": "425", "中国林业科学研究院资源昆虫研究所国家林业局": "46", "国家林业局": "22", "新疆医科大学第一附属医院": "10", "吉林大学超分子结构与材料教育部重点实验室": "5", "解放军总医院": "4", "华南理工大学轻工与食品学院": "4", "昆明理工大学化学工程学院": "3", "中南大学湘雅医院": "3", "华中科技大学同济医学院附属同济医院": "3"}, "文章title": ["Establishment and characterization of cell clones from the Papilio cell line RIRI-PaDe-3 by a high-efficiency clonal method.", "Establishment of an embryonic cell line from the American cockroach Periplaneta americana (Blattaria: Blattidae) and a preliminary study of telomerase activity changes during the culturing process.", "美洲大蠊油脂对过氧化氢诱导SH-SY5Y细胞氧化损伤的保护作用", "Expression of three reporter genes in four cell lines developed from Papilio demoleus Linnaeus (Lepidoptera: Papilionidae)", "余甘原汁中多酚的大孔树脂提取分离及其抗氧化活性", "地鳖虫HPLC指纹图谱研究", "Edible insects in China: Utilization and prospects", "药用昆虫九香虫HPLC指纹图谱研究", "Hair growth promoting effect of white wax and policosanol from white wax on the mouse model of testosterone-induced hair loss", "白蜡及白蜡高级烷醇对人真皮乳头细胞生长的影响", "Correlations between Antioxidant Activity and Alkaloids and Phenols of Maca (Lepidium meyenii)", "6种常见食用蜻蜓稚虫含油率与脂肪酸组成分析", "Separation and Purification of α-Linolenic Acid from Phyllanthus emblica L. Seed Oil by Silver Iron Complexation", "Effect of White Wax and Policosanol from White Wax Tween Aqueous Solution on HFDPCS", "Transcriptomic and proteomic analyses on the supercooling ability and mining of antifreeze proteins of the Chinese white wax scale insect", "美洲大蠊油脂的提取及性质分析", "白蜡虫雄虫真蛹转录组分析", "Microencapsulation Process of Phyllanthus emblica L. Fruits Juice"], "学术ID": ["CN-BD74NTEJ"]}