{"机构": "中国科学院计算技术研究所信息智能与信息安全研究中心", "访问量": "6343", "被引量": "4099", "成果数": "376", "H_指数": "33", "G指数": "48", "期刊": "61.2%", "会议": "29.8%", "专著": "7.2%", "其他": "1.8%", "合作学者": {"方滨兴": "哈尔滨工业大学计算机科学与工程系", "张永铮": "中国科学院研究生院", "王树鹏": "中国科学院计算技术研究所", "张宏莉": "哈尔滨工业大学计算机科学与技术学院"}, "合作机构": {"哈尔滨工业大学计算机科学与工程系": "155", "中国科学院研究生院": "100", "哈尔滨工业大学计算机网络与信息安全技术研究中心": "99", "中国科学院计算技术研究所": "90", "哈尔滨工业大学计算机科学与技术学院": "88", "国家计算机网络应急技术处理协调中心": "34", "哈尔滨工程大学信息安全研究中心": "32", "哈尔滨工业大学": "16", "哈尔滨工程大学计算机科学与技术学院": "16", "中国科学院计算技术研究所信息智能与信息安全研究中心": "10"}, "文章title": ["A Hypervisor Level Provenance System to Reconstruct Attack Story Caused by Kernel Malware", "MSTM: A novel map matching approach for low-sampling-rate trajectories", "Modeling Social Engineering Botnet Dynamics across Multiple Social Networks.", "Bidirectional Active Learning: A Two-Way Exploration Into Unlabeled and Labeled Data Set", "Discovering Malicious Domains through Alias-Canonical Graph", "Efficient Data Blocking and Skipping Framework Applying Heuristic Rules", "Rethinking Robust and Accurate Application Protocol Identification", "NetworkTrace: Probabilistic Relevant Pattern Recognition Approach to Attribution Trace Analysis", "Mining Users’ Important Locations and Semantics on Cellular Network Data", "How to Automatically Identify the Homology of Different Malware", "A Hypervisor Level Provenance System to Reconstruct Attack Story Caused by Kernel Malware", "Introspection-Based Memory Pruning for Live VM Migration", "Fast Reused Function Retrieval Method Based on Simhash and Inverted Index", "SMS Worm Propagation Over Contact Social Networks: Modeling and Validation", "NOR: Towards Non-intrusive, Real-Time and OS-agnostic Introspection for Virtual Machines in Cloud Environment", "<Emphasis FontCategory=\"SansSerif\">NOR: Towards Non-intrusive, Real-Time and OS-agnostic Introspection for Virtual Machines in Cloud Environment", "NSIM: A robust method to discover similar trajectories on cellular network location data", "Towards Robust and Accurate Similar Trajectory Discovery: Weak-Parametric Approaches", "Supporting Real-Time Analytic Queries in Big and Fast Data Environments", "A Nonparametric Approach to the Automated Protocol Fingerprint Inference"]}