{"机构": "内蒙古大学物理系", "访问量": "1422", "被引量": "653", "成果数": "125", "H_指数": "13", "G指数": "21", "期刊": "94.4%", "会议": "4.8%", "专著": "0%", "其他": "0.8%", "合作学者": {"荣建红": "内蒙古大学物理科学与技术学院", "周文平": "内蒙古大学理工学院", "白宇浩": "内蒙古大学物理科学与技术学院", "梁希侠": "内蒙古大学物理学系"}, "合作机构": {"内蒙古大学物理科学与技术学院": "33", "内蒙古大学理工学院": "31", "内蒙古大学物理学系": "19", "内蒙古农业大学理学院": "11", "内蒙古大学物理科学技术学院": "10", "内蒙古师范大学物理与电子信息学院": "9", "山西大同大学 物电学院": "6", "内蒙古大学固体物理研究室": "6", "包头医学院医学技术学院": "5", "内蒙古大学物理系": "3"}, "文章title": ["Spin wave resonance in symmetrical/asymmetrical bilayer ferromagnetic films", "磁场及体各向异性对面心立方双层铁磁薄膜能带的影响", "Axial buckling and transverse vibration of ultrathin nanowires: low symmetry and surface elastic effect", "双层磁性薄膜系统中铁磁共振性质", "The variation of linewidth in exchange coupled bilayer films with stress anisotropy", "Axial buckling and transverse vibration of ultrathin nanowires: Low symmetry and surface elastic effect", "Ferromagnetic resonance in exchange coupled bilayer films with stress anisotropy", "Elasticity theory of ultrathin nanofilms", "AB_(3.8)型La_(0.75)Mg_(0.25)Ni_(3.3)Co_(0.5)储氢合金颗粒度对其电化学性能的影响", "面心立方双层铁磁薄膜中界面模的存在条件", "Elasticity theory of ultrathin nanofilms", "Equilibrium piezoelectric potential of a bent ZnO nanowire based upon stress consistency assumption", "纳米薄膜尺度依赖的杨氏模量及表面应力导致的弯曲", "Size-dependent Young's modulus and surface stress-induced bending of nanofilms", "Preparation and electrochemical properties of La–Mg–Ni-based La0.75Mg0.25Ni3.3Co0.5multiphase hydrogen storage alloy as negative material of Ni/MH battery", "Effects of rotating noncircular scatterers on spin-wave band gaps of two-dimensional magnonic crystals", "Surface Effects on the Buckling of Nanowires Based on Modified Core-Shell Model", "Effects of point defect shapes on defect modes in two-dimensional magnonic crystals", "In situ co-assembly synthesis of zinc oxide encapsulated in mesoporous silica", "Existing form of zinc oxide and phase transformation for zinc oxide encapsulated in mesoporous silica"], "学术ID": ["CN-BP74UACJ"]}