{"机构": "北京师范大学环境科学研究所", "访问量": "38468", "被引量": "23330", "成果数": "283", "H_指数": "76", "G指数": "150", "期刊": "89%", "会议": "9.2%", "专著": "0.7%", "其他": "1.1%", "合作学者": {"李迪华": "北京大学景观设计学研究院", "袁弘": "北京大学景观设计学研究院", "王思思": "北京大学景观设计学研究院", "刘向军": "北京土人景观与建筑规划设计研究院"}, "合作机构": {"北京大学景观设计学研究院": "122", "北京土人景观与建筑规划设计研究院": "31", "北京大学景观规划设计中心": "17", "北京土人景观规划设计研究所": "15", "北京大学城市与环境学院": "7", "国家开放大学教育研究院生态体验文化与网络社会研究部室": "6", "清华大学建筑学院": "6", "成都理工大学工程技术学院": "5", "南京师范大学地理科学学院": "4", "北京师范大学环境科学研究所": "4"}, "文章title": ["释放城市里的大地之美", "Spatio-temporal relational evaluation of the Beijing water crisis and planning implementation from 1949 to 2013", "“新上山下乡运动”与遗产村落保护及复兴——徽州西溪南村实践", "农民、城里人和土地:城头山遗址外围景观再现", "给中国城市治病:我的18年自白", "论生态治水:“海绵城市”与“海绵国土”", "Urban green spaces, their spatial pattern, and ecosystem service value: The case of Beijing", "“海绵城市”解读", "缓解内涝需营造“海绵城市”", "山水之上:衢州鹿鸣公园", "城市设计需要一场“大脚革命”——三亚的城市“双修”实践", "陂塘景观研究进展与评述", "海绵城市的三大关键策略：消纳、减速与适应", "“海绵城市”理论与实践", "让水流慢下来:六盘水明湖湿地公园", "古代“海绵城市”思想——水适应性景观经验启示", "要粗野的有用,还是高雅的无用?", "水生态基础设施构建关键技术", "美丽中国的水生态基础设施:理论与实践"], "学术ID": ["CN-B87410PJ"]}