{"机构": "第四军医大学唐都医院", "访问量": "3276", "被引量": "1718", "成果数": "173", "H_指数": "24", "G指数": "35", "期刊": "81.5%", "会议": "16.8%", "专著": "0.6%", "其他": "1.1%", "合作学者": {"杨军": "空军航空医学研究所", "吴锋": "空军航空医学研究所", "成奇明": "空军航空医学研究所", "周玉彬": "空军航空医学研究所"}, "合作机构": {"空军航空医学研究所": "256", "山东大学控制科学与工程学院": "30", "第四军医大学生物医学工程系医学电子工程教研室": "17", "空军总医院": "16", "第四军医大学生物医学工程系": "11", "军事医学科学院卫生装备研究所": "10", "航空医学研究所": "9", "空军杭州航空医学鉴定训练中心": "7", "解放军总医院": "7", "第四军医大学唐都医院": "6"}, "文章title": ["Analysis of Heart Rate Variability between Rest and Exercise States in Hypoxic Environment Using Fuzzy Measure Entropy", "量化“象思维”：睡眠过程参数中医解读的探索", "多参数监护中睡眠呼吸事件信息的提取", "量化“象思维”:睡眠过程参数中医解读的探索", "心电信号中伪差检测的方法研究", "Research on Rapid Initial Adaption to the Environment of a Plateau", "Reflective oxygen saturation monitoring at hypothenar and its validation by human hypoxia experiment", "做一名践行“健康医学模式”的好医生--用系统论解读疾病与健康", "关于健康医学模式的思考与解读", "Linear and nonlinear dynamics of heart rate variability in the process of exposure to 3600 m in 10 min", "A pilot application of Korotkoff sound delay time in evaluating cardiovascular status", "智能头带式高原生理信息监测系统", "人体状态感知与辨识:量化\"象思维\"的挑战", "Detection of genioglossus myoelectric activity using ICA of multi-channel mandible sEMG", "低氧环境下血氧序列的多尺度熵分析", "帽式可穿戴生理信息监测系统", "系统观下的健康工程", "Cardiac Autonomic Nervous Activity during Ascent from Sea Level to 3000m in 10 Minutes and Then Back to Sea Level Using the Same Time", "Sample Entropy Analysis of Heart Rate Variability during Rest and Exercise in Hypoxia", "自然睡眠测量技术发展和信息挖掘"], "学术ID": ["CN-B075LVWJ"]}