{"机构": "同济大学化学系", "访问量": "2512", "被引量": "1643", "成果数": "272", "H_指数": "20", "G指数": "30", "期刊": "93.8%", "会议": "3.3%", "专著": "0.7%", "其他": "2.2%", "合作学者": {"马兴孝": "中国科学技术大学化学物理系", "陈从香": "中国科学技术大学化学物理系", "张允武": "中国科学技术大学国家同步辐射实验室", "张立敏": "中国科学技术大学化学物理系"}, "合作机构": {"中国科学技术大学化学物理系": "493", "中国科学技术大学国家同步辐射实验室": "145", "中国科学技术大学": "51", "中国科学技术大学化学系": "47", "中国科学技术大学应用化学系": "36", "江苏大学附属医院": "33", "中国科学技术大学近代化学系": "24", "厦门大学化学系": "24", "中国科学院化学研究所分子反应动力学国家重点实验室": "22", "同济大学化学系": "20"}, "文章title": ["TPGS2k/PLGA Nanoparticles for Overcoming Multidrug Resistance by Interfering Mitochondria of Human Alveolar Adenocarcinoma Cells", "Food Emulsifier Polysorbate 80 Increases Intestinal Absorption of di-(2-ethylhexyl) phthalate in Rats.", "Association between neck circumference,insulin resistance and highly sensitive C-reactive protein in newly diagnosed type 2 diabetes patients with metabolic syndrome", "Association between retinol-binding protein 4 and polycystic ovary syndrome: A meta-analysis", "Safety and efficacy of sitagliptin in combination with transient continuous subcutaneous insulin infusion (CSII) therapy in patients with newly diagnosed type 2 diabetes", "Increased Circulating Levels of Betatrophin in Newly Diagnosed Type 2 Diabetic Patients", "Decreased Circulating Levels of Oxytocin in Obesity and Newly Diagnosed Type 2 Diabetic Patients", "Gu-4 Suppresses Affinity and Avidity Modulation of CD11b and Improves the Outcome of Mice with", "A Laser Flash Photolysis Study of Amino Acids and Dipeptides Using 4-Nitro-Quinoline 1-Oxide as a Photosensitizer: the ph dEpendence", "平均键能方法现在还值得推荐吗?", "Studies on Photoinduced Electron and Proton Transfer Reactions of Nucleic Acid and Aromatic Ketone", "Efficient Photosensitized Splitting of Thymine Dimer by a Covalently Linked Tryptophan in Solvents of High Polarity (p1097-1106)", "核苷酸和芳香酮的电子转移和质子转移反应研究", "光诱导芴酮和胺电子转移反应的溶剂效应", "Low-Potential Detection of Endogenous and Physiological Uric Acid at Uricase−Thionine−Single-Walled Carbon Nanotube Modified Electrodes", "Solvent effects of photoinduced electron transfer reactions of triplet fluorenone with amines", "CO2+经由(C)2∑g+←(B)2∑u+/(A)2Πu←(X)2Πg,1/2跃迁的光解离谱研究", "The 1+1 two-photon dissociation spectra of C O 2 + via ( υ 1 υ 2 0)← (000) transitions", "Observation of the 5p Rydberg states of sulfur difluoride radical by resonance-enhanced multiphoton ionization spectroscopy", "The 1+1 two-photon dissociation spectra of CO(2)(+) via (A)over-tilde (2)Pi(u,1/2)(nu(1 nu 2)0)<-(X)over-tilde (2)Pi(g,1/2)(000) transitions"]}