{"机构": "东南大学建筑学院", "访问量": "338", "被引量": "185", "成果数": "26", "H_指数": "8", "G指数": "13", "期刊": "61.5%", "会议": "34.6%", "专著": "0%", "其他": "3.9%", "合作学者": {"韩慧卿": "清华大学建筑学院", "秦佑国": "清华大学建筑学院", "钱强": "东南大学建筑学院", "叶财华": "东南大学建筑学院"}, "合作机构": {"清华大学建筑学院": "4", "东南大学建筑学院": "2"}, "文章title": ["当代建筑数字图解的交互叙事性及其应用解析", "媒介的转换:\"数字影像建筑\"设计课题的解读与反思", "新叙事·新空间——叙事文本与建筑空间的比较阅读", "从图解到影像——当代数字媒介对建筑设计表现的影响及其应用", "开放兼容集约高效——镇江南徐新城区行政中心规划与设计回顾", "序列的重组·空间的幻化——试分析比较电脑游戏空间与实体空间的超链接特性", "网络媒介影响下建筑相关问题初探", "我们为什么要如此建造?——数字技术时代建筑的新叙事方式", "建筑信息模型游戏系统——一种促进可持续性设计和教学的新尝试", "手段与方法的取合和定位——再谈设计媒介的变迁对建筑教育的影响", "内容·方法·手段——设计与建造的数字化融合及其对建筑数字技术教学的影响", "走向可持续发展时代的大学校园规划——湖北美术学院新校区规划设计", "布尔逻辑与数字化思维——试论数字化条件下建筑设计思维特征的转化", "计算机集成建筑系统(CIBS)的构想", "界限的消融——试论数字化时代建筑设计及其表现关系的嬗变", "从历史的演变谈起——再议当代建筑师的角色分化与价值回归", "计算机集成建筑系统(CIBS)的构想", "界限的消融——试论数字化时代建筑设计及其表现关系的嬗变", "在形式之外——试论数字化时代建筑内涵的变化"], "学术ID": ["CN-BP75I1LJ"]}