{"机构": "北京大学第一医院", "访问量": "9334", "被引量": "7076", "成果数": "782", "H_指数": "39", "G指数": "57", "期刊": "82%", "会议": "15.9%", "专著": "0.5%", "其他": "1.6%", "合作学者": {"彭歆": "北京大学口腔医学院口腔颌面外科", "毛驰": "北京大学口腔医学院口腔颌面外科", "郭传瑸": "北京大学口腔医学院口腔颌面外科", "黄敏娴": "北京大学口腔医学院口腔颌面外科"}, "合作机构": {"北京大学口腔医学院口腔颌面外科": "912", "北京医科大学口腔医学院": "249", "北京大学口腔医学院口腔医院": "175", "北京大学医学部生理学与病理生理学系": "146", "浙江大学医学院附属邵逸夫医院": "105", "北京大学口腔医学院·口腔医院": "105", "北京大学口腔医学院": "102", "北京大学口腔医院": "75", "首都医科大学附属北京同仁医院": "64", "北京大学第一医院": "52"}, "文章title": ["Disruption of endothelial barrier function is linked with hyposecretion and lymphocytic infiltration in salivary glands of Sjögren's syndrome", "β-adrenoceptor activation increased VAMP-2 and syntaxin-4 in secretory granules are involved in protein secretion of submandibular gland through the PKA/F-actin pathway.", "内镜辅助导管改道术治疗唾液腺导管重度狭窄", "Expression patterns of tight junction proteins in porcine major salivary glands: a comparison study with human and murine glands.", "Management of duct obstruction in transplanted submandibular glands.", "Autonomic reinnervation and functional regeneration in autologous transplanted submandibular glands in patients with severe keratoconjunctivitis sicca", "[A 20-year study on microvascular autologous transplantation of submandibular gland for treatment of severe dry eye]", "血管化自体下颌下腺移植治疗重症干眼20年研究", "The role of 125 I interstitial brachytherapy for inoperable parotid gland carcinoma", "Mandibular growth in survivors of pediatric parotid gland carcinoma treated with interstitial brachytherapy.", "Ca2+-CaMKKβ pathway is required for adiponectin-induced secretion in rat submandibular gland", "Decreased interaction between ZO-1 and occludin is involved in alteration of tight junctions in transplanted epiphora submandibular glands.", "Muscarinic acetylcholine receptor-mediated tight junction opening is involved in epiphora in late phase of submandibular gland transplantation", "High-throughput RNA sequencing reveals distinct gene signatures in active IgG4-related disease", "Development and validation of the Chinese version of dry eye related quality of life scale", "数字化外科技术在上颌骨缺损修复重建中的应用", "Three-Dimensional Image Fusion of 18F-Fluorodeoxyglucose–Positron Emission Tomography/Computed Tomography and Contrast-Enhanced Computed Tomography for Computer-Assisted Planning of Maxillectomy of...", "[Surgical reconstruction of maxillary defects using a computer-assisted techniques].", "要重视下颌下腺功能器官的保护"]}