{"机构": "重庆医药高等专科学校", "访问量": "187", "被引量": "115", "成果数": "27", "H_指数": "6", "G指数": "10", "期刊": "40.7%", "会议": "51.9%", "专著": "0%", "其他": "7.4%", "合作学者": {"任心欣": "深圳市城市规划设计研究院有限公司", "丁年": "深圳市城市规划设计研究院", "杜雁": "深圳市城市规划设计研究院", "张武强": "深圳市城市规划设计研究院"}, "合作机构": {"深圳市城市规划设计研究院": "7", "吉林大学畜牧兽医学院": "5", "清华大学环境科学与工程系": "3", "深圳市城市规划设计研究院有限公司": "3", "吉林大学人兽共患病研究所": "1", "西安建筑科技大学环境与市政工程学院": "1", "重庆医药高等专科学校": "1"}, "文章title": ["METHOD FOR EARLY WARNING ANALYSIS OF EUTROPHICATION OF DESIGNED ARTIFICIAL WATER BODY", "北方滨水城市海绵城市建设策略研究——以济宁市为例", "滨海地区海绵城市规划探索——以深圳坝光地区为例", "遗产观视角下的城市特色复苏——以嵩明文化遗产保护利用规划为例", "建设海绵城市促进生态文明", "Early warning analysis method for eutrophication of planned artificial body of water", "辅助排水防涝规划编制的设计降雨雨型研究", "基于历史内涝调查的深圳市海绵城市建设策略", "海绵城市在热带滨河景观规划中的应用初探——以琼海为例", "基于国内外实践比较的低碳城市规划思考", "健康城市导向下的危险废物处理规划方法——以深圳市为例", "GIS空间分析在城市排水防涝规划中的应用", "滨海旅游城市规划中关键生态问题与对策探讨——以北戴河为例", "基于风环境模拟的城市更新规划方案优化研究——以深圳上步一单元为例", "生态导向的城市空间规划及其生态效益评价——以湖南省长沙市苏圫垸为例", "基于低影响开发模式的流域水污染治理思路--以深圳坪山河流域为例", "城市公园中低冲击设施规划布局探讨", "绿洲城市生态敏感性分析在总体规划中的应用——以新疆喀什市为例", "绿洲城市形态与空间布局的生态安全格局--以新疆喀什为例", "The effects of telocinobufagin isolated from Chan Su on the activation and cytokine secretion of immunocytes in vitro"], "学术ID": ["CN-BZ74J2BJ"]}