{"机构": "第二炮兵工程学院", "访问量": "8748", "被引量": "6724", "成果数": "290", "H_指数": "39", "G指数": "72", "期刊": "78.6%", "会议": "9.7%", "专著": "11%", "其他": "0.7%", "合作学者": {"范文": "长安大学地质工程与测绘工程学院", "王延斌": "西安交通大学建筑工程与力学学院", "胡小荣": "南昌大学建筑工程学院", "强洪夫": "西安交通大学建筑工程与力学学院"}, "合作机构": {"西安交通大学建筑工程与力学学院": "112", "长安大学地质工程与测绘工程学院": "35", "长安大学建筑工程学院": "34", "西安建筑科技大学土木工程学院": "33", "南昌大学建筑工程学院": "19", "长沙理工大学土木与建筑学院": "17", "长安大学公路学院": "16", "西安交通大学土木工程系": "12", "西安理工大学岩土工程研究所": "11", "第二炮兵工程学院": "10"}, "文章title": ["Parametric study of a loess slope based on unified strength theory", "考虑剪胀及软化的洞室围岩弹塑性分析的统一解", "New strength formulae for rock surrounding a circular opening", "Generalized nonlinear unified strength theory of rock", "岩石广义非线性统一强度理论", "Miscellaneous Issues: Ancient Structures, Propellant of Solid Rocket, Parts of Rocket and Generator", "Slope stability analysis using unified strength theory", "Computational Plasticity", "Transfer matrix method for analysis of stepped circular water tank", "Advances in Unified Strength Theory and its Generalization", "Geomaterials: their application to environmental remediation", "新土力学大纲", "Frequency and vehicle-bridge vibrating analysis of skewed bridges considering shear deformation effect", "基于统一强度理论的生态复合墙体等效斜压杆宽度计算", "The width of equivalent oblique compression strut of ecological composite wall based on twin shear unified strength theory", "Theorems of Limit Analysis", "Yield Condition", "Projectile Penetration into Semi-infinite Target", "Plastic Limit Analysis of Pressure Vessels", "Vibrating characteristics of skew bridge"], "学术ID": ["CN-BC74TLXJ"]}