{"机构": "天津大学精密测试技术及仪器国家重点实验室", "访问量": "2814", "被引量": "1947", "成果数": "263", "H_指数": "19", "G指数": "39", "期刊": "66.2%", "会议": "33.8%", "专著": "0%", "其他": "0%", "合作学者": {"杜权": "杭州市第一人民医院", "车志豪": "杭州市第一人民医院", "董晓巧": "杭州市第一人民医院", "朱强": "杭州市第一人民医院"}, "合作机构": {"杭州市第一人民医院": "983", "苏州大学附属第一医院": "65", "徐州医学院附属连云港医院": "19", "天津中医药大学第一附属医院": "19", "浙江大学医学院附属邵逸夫医院": "18", "南京医科大学附属无锡第二医院": "14", "解放军总医院": "10", "中国传媒大学媒体信息技术研究所": "10", "成都电子机械高等专科学校网络中心": "7", "天津大学精密测试技术及仪器国家重点实验室": "6"}, "文章title": ["FTY720对蛛网膜下腔出血大鼠海马神经元凋亡的抑制作用", "弥散张量成像在三叉神经痛的应用研究进展", "芬戈莫德改善蛛网膜下腔出血大鼠认知功能及其机制研究", "静脉相关型三叉神经痛术后面部麻木的研究分析", "三叉神经感觉根梳理术和半月节射频术治疗原发性三叉神经痛的临床疗效比较", "脑胶质瘤组织时钟基因启动子区甲基化状态及意义", "Long-term outcome of percutaneous balloon compression for trigeminal neuralgia patients elder than 80 years: A STROBE-compliant article", "后组脑神经间隙入路在显微血管减压术治疗椎-基底动脉扩张延长症合并面肌痉挛中的应用", "Serum thioredoxin and in-hospital major adverse events after traumatic brain injury", "Suprafloccular approach via the petrosal fissure and venous corridors for microvascular decompression of the trigeminal nerve: technique notes and clinical outcomes", "Serum periostin concentrations and outcomes after severe traumatic brain injury.", "Serum macrophage migration inhibitory factor concentrations correlate with prognosis of traumatic brain injury", "射频热疗联合替莫唑胺在高级别脑胶质瘤患者术后治疗中的效果", "腰大池置管引流治疗开颅术后脑脊液切口漏合并颅内感染", "Primary extramedullary spinal germinoma: case report and review of the literature", "经小脑岩裂及静脉间隙入路在三叉神经痛显微血管减压术中的应用", "经乙状窦后入路在切除桥小脑角脑膜瘤中的应用", "FTY720对蛛网膜下腔出血大鼠神经功能的作用及机制"], "学术ID": ["CN-B7739L8J"]}