{"机构": "清华大学计算机科学与技术系", "访问量": "2471", "被引量": "1219", "成果数": "100", "H_指数": "15", "G指数": "33", "期刊": "77%", "会议": "23%", "专著": "0%", "其他": "0%", "合作学者": {"陈奇": "浙江大学人工智能研究所", "何志均": "浙江大学人工智能研究所", "胡朝晖": "浙江大学计算机系", "杨枨": "浙江大学人工智能研究所"}, "合作机构": {"浙江大学人工智能研究所": "100", "浙江大学": "16", "浙江大学计算机系": "8", "浙江大学计算机科学与技术学院": "7", "南京审计学院计算机科学与技术系": "5", "浙江金融职业学院": "4", "杭州大学计算机系": "2", "浙江大学宁波理工学院": "1", "宁波大学信息科学与工程学院": "1", "清华大学计算机科学与技术系": "1"}, "文章title": ["一种挖掘关联规则的高效增量式更新算法", "A Refined-match Method Based on Fuzzy Reasoning", "序列模式增量式更新的快速算法", "Tree-matching object concept assignment to support program comprehension", "A Structural Fuzzy K-prototypes Clustering Algorithm结构化模糊K—prototypes聚类算法", "Job-shop调度问题的一种遗传算法表示方法", "ONet对象数据库管理系统架构设计", "Extract candidates of support vector from training set", "一种有效的自组织数据缩减算法", "面向分类数据的自组织神经网络", "VISMiner:一个交互式可视化数据挖掘原型系统", "一种基于CORBA和XML的OA系统的实现", "XML与CORBA的结合：提高分布式系统的可扩展性", "金融业战略信息系统的构造", "ODMG对象操纵语言的改进和实现", "设计地理信息系统的空间索引体系", "一种新的自组织神经网络动态生成算法", "基于XML的股票资金帐户和银行帐户的转帐系统协议的设计和实现", "基于对象的消息传递", "面向对象的中间件技术实现基于服务的网络集成"], "学术ID": ["CN-BB75HRXJ"]}