{"机构": "青岛化工学院自动化系", "访问量": "10642", "被引量": "7147", "成果数": "510", "H_指数": "45", "G指数": "66", "期刊": "72.7%", "会议": "24.3%", "专著": "2.5%", "其他": "0.5%", "合作学者": {"刘士荣": "杭州电子科技大学自动化研究所", "陈国初": "上海电机学院电气学院", "蒋慰孙": "华东化工学院自动化研究所", "华向明": "华东理工大学自动化研究所"}, "合作机构": {"华东理工大学自动化研究所": "193", "上海电机学院电气学院": "53", "华东理工大学信息科学与工程学院": "49", "杭州电子科技大学自动化研究所": "43", "华东化工学院自动化研究所": "41", "华东理工大学": "41", "上海电机学院": "20", "嘉兴学院机电工程学院": "12", "华东理工大学自动化系": "11", "青岛化工学院自动化系": "10"}, "文章title": ["Oxidation of protein-bound methionine in Photofrin-photodynamic therapy-treated human tumor cells explored by methionine-containing peptide enrichment and quantitative proteomics approach.", "Development of a multiplexed LC-MRM/MS method for evaluation of salivary proteins as oral cancer biomarkers.", "Super-SILAC mix coupled with SIM/AIMS assays for targeted verification of phosphopeptides discovered in a large-scale phosphoproteome analysis of hepatocellular carcinoma", "Particle Swarm Optimization Algorithm", "Identification and Characterization of Potential Biomarkers by Quantitative Tissue Proteomics of Primary Lung Adenocarcinoma.", "In-depth Proteomic Analysis of Six Types of Exudative Pleural Effusions for Nonsmall Cell Lung Cancer Biomarker Discovery.", "Quantitative proteomics reveals a novel role of karyopherin alpha 2 in cell migration through the regulation of vimentin-pErk protein complex levels in lung cancer.", "Comparative Tissue Proteomics of Microdissected Specimens Reveals Novel Candidate Biomarkers of Bladder Cancer", "Overexpression of BST2 is associated with nodal metastasis and poorer prognosis in oral cavity cancer.", "The V-val subtype Epstein-Barr virus nuclear antigen 1 promotes cell survival after serum withdrawal.", "Localization of the complex spectrum: The S transform", "Targeted proteomics pipeline reveals potential biomarkers for the diagnosis of metastatic lung cancer in pleural effusion.", "The Hsp90-dependent proteome is conserved and enriched for hub proteins with high levels of protein-protein connectivity.", "Salivary auto-antibodies as noninvasive diagnostic markers of oral cavity squamous cell carcinoma.", "Site-specific separation and detection of phosphopeptide isomers with pH-mediated stacking capillary electrophoresis-electrospray ionization-tandem mass spectrometry", "Identification of potential bladder cancer markers in urine by abundant-protein depletion coupled with quantitative proteomics", "Low-molecular-mass secretome profiling identifies C–C motif chemokine 5 as a potential plasma biomarker and therapeutic target for nasopharyngeal carcinoma", "Identification of the lamin A/C phosphoepitope recognized by the antibody P-STM in mitotic HeLa S3 cells", "Decoding the disease-associated proteins encoded in the human chromosome 4."], "学术ID": ["CN-BQ73PGLJ"]}