{"机构": "南京航空航天大学能源与动力学院", "访问量": "134", "被引量": "71", "成果数": "7", "H_指数": "3", "G指数": "0", "期刊": "71.4%", "会议": "14.3%", "专著": "0%", "其他": "14.3%", "合作学者": {"朱荻": "南京航空航天大学机电学院", "曾永彬": "南京航空航天大学机电学院", "刘勇": "南京航空航天大学直升机旋翼动力学国家重点实验室", "于宏兵": "南开大学环境科学与工程学院"}, "合作机构": {"南京航空航天大学机电学院": "11", "南京航空航天大学直升机旋翼动力学国家重点实验室": "3", "南开大学环境科学与工程学院": "1", "南京航空航天大学能源与动力学院": "1"}, "文章title": ["多阶柱状微电极加工模型及试验研究", "Development of microelectrodes for electrochemical micromachining", "Experimental Investigation on Complex Structures Machining by Electrochemical Micromachining Technology", "复杂结构的微细电解加工实验研究(英文)", "镍基高温合金微细电解铣削加工试验研究", "镍基高温合金微细电解铣削加工实验研究", "镍基高温合金的微细电解加工工艺研究"], "学术ID": ["CN-B174EADJ"]}