{"机构": "广东教育学院生物系", "访问量": "4671", "被引量": "2905", "成果数": "138", "H_指数": "30", "G指数": "47", "期刊": "96.4%", "会议": "2.9%", "专著": "0%", "其他": "0.7%", "合作学者": {"王永繁": "中山大学生命科学学院", "郭泺": "中央民族大学生命与环境科学学院", "王本洋": "华南农业大学林学院", "刘蔚秋": "中山大学生命科学学院"}, "合作机构": {"中山大学生命科学学院": "100", "中央民族大学生命与环境科学学院": "15", "华南农业大学林学院": "15", "中国林业科学研究院森林生态环境与保护研究所": "10", "广东药学院中药学院": "9", "中山大学环境科学与工程学院": "7", "东莞市植物园": "6", "深圳市仙湖植物园": "6", "东莞植物园": "6", "广东教育学院生物系": "6"}, "文章title": ["A comparison of mangrove community distribution and landscape pattern between Futian and Maipo Nature Reserve at Shenzhen Bay", "定量评价人类活动对净初级生产力的影响", "深圳福田与香港米埔红树林群落分布与景观格局比较", "Long-range Dependence Characteristics of Forest Biological Disasters in China against the Background of Climate Change", "Arbuscular mycorrhizal fungi counteract the Janzen-Connell effect of soil pathogens", "Phylogenetic congruence between subtropical trees and their associated fungi:", "Conspecific negative density dependence decreases with increasing species abundance", "Adult trees cause density-dependent mortality in conspecific seedlings by regulating the frequency of pathogenic soil fungi.", "Positive effects of neighborhood complementarity on tree growth in a Neotropical forest", "Experimental evidence for an intraspecific Janzen‐Connell effect mediated by soil biota", "基于高分辨率遥感影像的广州城市土地覆被分类系统", "Tree aboveground carbon storage correlates with environmental gradients and functional diversity in a tropical forest", "Soil-borne pathogens restrict the recruitment of a subtropical tree: a distance-dependent effect", "中山大学“生物学野外实习”课程的现状和发展趋势", "Interspecific Neighbor Interactions Promote the Positive Diversity-Productivity Relationship in Experimental Grassland Communities", "Density dependence in forests is stronger in tropical and subtropical climates among closely related species", "中山大学生态学本科专业建设和课程改革的探索", "Elevational variation in density dependence in a subtropical forest", "Allelopathic effects of Eucalyptus on native and introduced tree species.", "Heavy metals in plants and substrate from simulated extensive green roofs"]}