{"机构": "浙江大学机械系", "访问量": "2832", "被引量": "1478", "成果数": "48", "H_指数": "20", "G指数": "38", "期刊": "91.7%", "会议": "4.2%", "专著": "0%", "其他": "4.1%", "合作学者": {"战洪飞": "宁波大学机械工程与力学学院", "祁国宁": "浙江大学现代制造工程研究所", "顾新建": "浙江大学现代制造工程研究所", "杨剑军": "宁波大学机械工程与力学学院"}, "合作机构": {"浙江大学现代制造工程研究所": "34", "宁波大学机械工程与力学学院": "28", "宁波大学工学院": "9", "浙江大学": "5", "浙江理工大学机械与自动控制学院": "4", "杭州汽轮动力(集团)有限公司": "2", "中国科学院软件研究所工业管理与设计中心": "1", "济南大学机械工程学院": "1", "中国科学院软件研究所": "1", "浙江大学机械系": "1"}, "文章title": ["宁波市注塑机企业集群空间集聚特征分析", "面向业务问题求解的知识模块建模方法研究", "面向知识管理的企业业务问题求解方案管理系统研究", "基于因子分解机与情景感知的企业知识推荐方法研究", "面向企业知识推荐的知识情景建模方法研究", "数据驱动的业务执行过程中人员行为差异性研究", "面向业务问题求解的知识资源特定领域建模方法", "面向知识资源配置的网络知识市场研究", "面向业务问题求解的知识资源建模", "产品可靠性与供应链集成优化设计研究", "面向创新服务的企业知识资源协作网络研究", "企业业务问题解决方案的建模方法研究", "基于NSGAⅡ的齿轮减速器多目标优化研究", "面向知识资源配置服务的特定领域建模方法", "基于特定领域建模元模型的知识建模方法", "复杂产品族零部件关系网络研究", "基于Web的产业集群产品信息共享平台开发", "知识传播复杂网络的鲁棒性研究", "基于业务案例的知识模块分析"]}