{"机构": "广东省疾病预防控制中心", "访问量": "533", "被引量": "450", "成果数": "85", "H_指数": "11", "G指数": "18", "期刊": "88.2%", "会议": "7.1%", "专著": "0%", "其他": "4.7%", "合作学者": {"赵天兰": "蚌埠医学院附属医院", "伍丽君": "苏州大学附属第二医院", "谢晓明": "苏州大学附属第二医院", "陈琦": "苏州大学附属第二医院"}, "合作机构": {"苏州大学附属第二医院": "216", "蚌埠医学院附属医院": "89", "苏州大学附属第一医院": "4", "贵阳医学院附属医院": "3", "第二军医大学解剖学教研室": "2", "北京黄寺美容外科医院": "1", "四川大学华西医院": "1", "密山市医院": "1", "安徽医科大学第一附属医院": "1", "广东省疾病预防控制中心": "1"}, "文章title": []}