{"机构": "西藏交通公路勘察设计院", "访问量": "8635", "被引量": "5788", "成果数": "424", "H_指数": "34", "G指数": "63", "期刊": "89.6%", "会议": "8.5%", "专著": "0.5%", "其他": "1.4%", "合作学者": {"丁发兴": "中南大学土木建筑学院", "蒋丽忠": "中南大学土木建筑学院", "刘鹏": "济南大学材料科学与工程学院", "国巍": "中南大学土木工程学院"}, "合作机构": {"中南大学土木建筑学院": "371", "中南大学土木工程学院": "55", "济南大学材料科学与工程学院": "36", "中国建筑设计研究院": "25", "湖南大学土木工程学院": "21", "扬州大学建筑科学与工程学院": "17", "中南大学铁道校区土木建筑学院": "11", "武汉科技大学城市建设学院": "10", "北京大学化学与分子工程学院": "9", "西藏交通公路勘察设计院": "9"}, "文章title": ["“房桥合一”铁路客站抗震计算的快速高效多维虚拟激励法", "concrete", "Comparative study of square stirrup-confined concrete-filled steel tubular stub columns under axial loading", "Behaviour of CFRP-confined concrete-filled circular steel tube stub columns under axial loading", "Experimental investigation on hysteretic behavior of simply supported steel-concrete composite beam", "基于分离迭代和耦合时变的列车—轨道—桥梁耦合系统高效动力分析混合算法", "多种垂向轮轨关系的对比及改进的车-线-桥系统迭代模型的建立", "Behaviors of axially loaded square concrete-filled steel tube (CFST) Stub columns with notch in steel tube", "混凝土确定性及随机性损伤本构模型研究进展", "A general spectral difference method for calculating the minimum safety distance to avoid the pounding of adjacent structures during earthquakes", "制动工况下\"站桥合一\"客站纵向动力研究", "Probability Analysis of Train-track-bridge Interactions using a Random Wheel/rail Contact Model", "制动工况下高墩铁路桥梁纵向动力响应研究", "基于随机振动模型的重载铁路拱桥吊杆应力冲击系数研究", "多动力作用下高速铁路轨道-桥梁结构体系动力学及关键技术研究", "Mechanical behavior of elliptical concrete-filled steel tubular stub columns under axial loading", "Preparation of hydrophobic organic-silicanano composites"], "学术ID": ["CN-B075DJVJ"]}