{"机构": "山西省肿瘤医院", "访问量": "73", "被引量": "3", "成果数": "20", "H_指数": "1", "G指数": "1", "期刊": "30%", "会议": "70%", "专著": "0%", "其他": "0%", "合作学者": {"张华": "山西医科大学第一医院", "张跃珍": "山西医科大学第一医院", "杨祺": "山西医科大学第一医院", "李树金": "焦作市焦煤集团中央医院"}, "合作机构": {"山西医科大学第一医院": "6", "山东省立医院": "2", "山西省人民医院": "2", "焦作市焦煤集团中央医院": "1", "山西医科大学第二医院": "1", "山西省肿瘤医院": "1"}, "文章title": ["山西影像技术工作小结", "急诊CT检查", "急诊CT检查基本原则", "儿科CT检查特点", "实习带教规范化管理的体会", "对CT技师工作模式转变的思考", "腹部CT增强扫描中触发阈值的设定", "山西省医学会影像技术专业委员会发展史", "MR磁敏感成像在脑部血管畸形中的应用", "冠脉CTA的体会", "CT双窗技术在诊断小肠急腹症的价值分析", "肝脏CT增强扫描中各期相时间的选择", "肝脏CT增强扫描中动脉期时间的选择", "加强对CT检查患者辐射剂量的管理", "国内PACS系统浅析", "临床实习设置编排最优化的探讨", "冷冻治疗的一种新型制冷系统", "对我院HIQX—CT机的评价", "原发性脑干出血CT表现与预后", "腰腿痛CT图像分析诊断系统中主要数学分析"], "学术ID": ["CN-BB74GDZJ"]}