{"机构": "重庆医科大学病理生理教研室", "访问量": "891", "被引量": "427", "成果数": "54", "H_指数": "13", "G指数": "18", "期刊": "92.6%", "会议": "3.7%", "专著": "0%", "其他": "3.7%", "合作学者": {"周岐新": "重庆医科大学药理教研室", "杨俊卿": "重庆医科大学药理教研室", "杨文青": "重庆医科大学生理教研室神经科学研究中心", "马晶": "三六三医院"}, "合作机构": {"重庆医科大学药理教研室": "24", "重庆医科大学生物化学与分子生物学教研室": "16", "第三军医大学大坪医院": "14", "重庆医科大学附属儿童医院": "7", "重庆医科大学基础医学院生理教研室": "6", "重庆医科大学生理教研室神经科学研究中心": "6", "三六三医院": "5", "第四军医大学实验动物中心": "3", "重庆医科大学分子医学与肿瘤研究中心": "3", "重庆医科大学病理生理教研室": "3"}, "文章title": ["以器官系统整合课程为基础,全面推进医学才培养模式的改革", "Berberine is a potent agonist of peroxisome proliferator activated receptor alpha", "在法医学专业开设学科整合型PBL课程的实践与探索", "浅谈医教协同导向下整合课程管理", "链脲佐菌素致阿尔茨海默病模型大鼠脑内mTOR/P70S6K/IRS-1信号通路的变化", "培养生理学专业研究生理论教学的体会", "生理学教学中实行PBL教学的可行性调查和分析", "“以器官系统为中心”的人体机能学教学改革初步探索与实践", "Effect of naringenin on brain insulin signaling and cognitive functions in ICV-STZ induced dementia model of rats", "Hippocampal neuronal metal ion imbalance related oxidative stress in a rat model of chronic aluminum exposure and neuroprotection of meloxicam.", "表皮神经嵴干细胞移植对大鼠脊髓损伤后GDNF表达的影响及意义", "表皮神经嵴干细胞移植对大鼠损伤脊髓组织中脑源性神经营养因子表达的影响", "柚皮素对阿尔茨海默病模型大鼠学习记忆能力的影响", "侧脑室注射链脲佐菌素致大鼠脑内胰岛素通路障碍和认知水平降低", "罗格列酮调节IDE和GSK-3β的活性改善阿尔茨海默病动物认知能力", "柚皮素改善阿尔茨海默病模型大鼠的认知能力及其机制研究", "Establishment and Biochemical Characteristics Study of Cell Line with Stable Silencing of Bmi-1 Gene", "咖啡酸对慢性应激大鼠的抗抑郁作用", "“中西医结合”在生理学教学中的运用", "Expression Pattern of Peroxisome Proliferator-Activated Receptors in Rat Hippocampus following Cerebral Ischemia and Reperfusion Injury."]}