{"机构": "北京师范大学出版社", "访问量": "10475", "被引量": "5536", "成果数": "152", "H_指数": "31", "G指数": "73", "期刊": "98%", "会议": "2%", "专著": "0%", "其他": "0%", "合作学者": {"王永": "山东农业大学动物科技学院", "洪明": "福建师范大学教育科学与技术学院", "连榕": "福建师范大学教育科学与技术学院", "安桂清": "华东师范大学课程与教学研究所"}, "合作机构": {"福建师范大学教育科学与技术学院": "8", "山东农业大学动物科技学院": "7", "华东师范大学课程与教学研究所": "1", "兰乔艺术教育中心": "1", "中国矿业大学": "1", "福建师范大学教育学院": "1", "芮城五中": "1", "福建师范大学基础教育课程研究中心": "1", "北京师范大学出版社": "1"}, "文章title": ["简论素养的意义", "论学科核心素养形成的机制", "怎么使知识的学习成为素养?", "能力导向的课堂有效教学", "核心素养的实践意蕴", "论情境教学的教学论意义、类型及创设要求", "从三维目标走向\"核心素养\"是课改深化的标志", "正确认识教材在教学中的地位和作用", "从三维目标走向核心素养", "做一个目中有人的教师", "核心素养的教学意义及其培育", "核心素养的内涵与意蕴", "打开专业成长的“天眼”", "教学主张:打开专业成长的“天眼”", "先学后教：中国本土的教育学", "论名师的教学主张及其研究——以福建省为例", "教学主张:名师专业发展的生长点", "改革开放35年来我国中小学教学改革模式评析", "关于教学改革的原点思考", "有效教学的实践反思"], "学术ID": ["CN-BD742VFJ"]}