{"机构": "天津市第三医院", "访问量": "1658", "被引量": "780", "成果数": "118", "H_指数": "14", "G指数": "24", "期刊": "77.1%", "会议": "19.5%", "专著": "0.8%", "其他": "2.6%", "合作学者": {"唐祯安": "大连理工大学电子工程系", "魏广芬": "山东工商学院信息与电子工程学院", "黄正兴": "大连理工大学电子系", "张凤田": "中国工程物理研究院电子工程研究所"}, "合作机构": {"大连理工大学电子工程系": "94", "山东工商学院信息与电子工程学院": "28", "大连理工大学电子系": "21", "大连理工大学电信学院": "13", "中国工程物理研究院电子工程研究所": "12", "大连理工大学电子科学与技术学院": "11", "大连理工大学": "11", "中国科学院半导体研究所": "10", "中国科学院长春光学精密机械研究所": "9", "天津市第三医院": "8"}, "文章title": ["Substrate effects on the thermal performance of in-plane graphene/ hexagonal boron nitride heterostructures", "用于气体传感器的微热板工艺流程与性能对比", "Thermal boundary resistance between the polycrystalline graphene and the amorphous SiO 2 substrate", "A comparison between the mechanical and thermal properties of single-walled carbon nanotubes and boron nitride nanotubes", "氧化锡气敏薄膜的喷墨打印技术研究", "A novel dictionary learning method for gas identification with a gas sensor array", "高性能集成锁相环中低失配电荷泵的设计", "Interfacial thermal resistance of 2D and 1D carbon/hexagonal boron nitride van der Waals heterostructures", "Potentiometric hydrogen sensors based on yttria-stabilized zirconia electrolyte (YSZ) and CdWO4 interface", "电阻应变式称重传感器在实验教学中的应用", "比较法研究微细尺度氮化硅表面自然对流换热", "Short-Time Fourier Transform and Decision Tree-Based Pattern Recognition for Gas Identification Using Temperature Modulated Microhotplate Gas Sensors", "Driver circuit system for temperature control of micro-hotplates: Measurement and strategy", "面向微热板气体传感器的控温采集无线节点设计", "The rainstorm comprehensive economic loss assessment based on CGE model: using a July heavy rainstorm in Beijing as an example", "Hydrogen sensing of the mixed-potential-type MnWO4/YSZ/Pt sensor", "A Method for Selecting Optimal Number of Sensors to Improve the Credibility", "一种压电能量收集与管理电路?", "An Uncooled Infrared Microbolometer Array for Low-Cost Applications"], "学术ID": ["CN-B575EPJJ"]}