{"机构": "长沙理工大学科技与社会发展研究所", "访问量": "375", "被引量": "112", "成果数": "83", "H_指数": "5", "G指数": "7", "期刊": "98.8%", "会议": "1.2%", "专著": "0%", "其他": "0%", "合作学者": {"陈志良": "中国人民大学哲学系", "张进蒙": "中国人民大学哲学院", "董立清": "北京交通大学人文学院", "龚群": "中国人民大学哲学院"}, "合作机构": {"中国人民大学哲学系": "20", "中国人民大学哲学院": "10", "北京交通大学人文学院": "4", "长沙理工大学科技与社会发展研究所": "2"}, "文章title": ["似是而非:现代形而上学的“是”", "大数据时代的实践论转向", "供给侧结构性改革的政治经济学新方法", "供给侧结构性改革的哲学新思维", "现代性政治话语的本质——论对语言的控制就是对思维的控制", "大数据时代的形而上学基础", "论改革攻坚期中国经济矛盾治理的机制创新", "现代技术溢出的女性“增量自由”", "后现代语境下的现代性语言法则——铭写现代形而上学的隐蔽与放纵", "“诱惑”的滥觞与勾兑--西方现代性批判的历程与范式", "论马克思“公人”概念——兼析《马克思恩格斯全集》中文1版和2版译文的差异", "“中国道路”的概念世界与事物世界——基于马克思与施蒂纳关于中国民族性的论争", "“中国道路”的概念世界与事物世界——基于马克思与施蒂纳关于“中国民族性”的异论", "现代性概念辨析——基于马克思主义政治哲学勘释", "非政治介入的政治哲学式微——兼论马克思政治哲学特质", "论“善”的规定性——接叙尼采对西方传统“善”径的异解", "后哲学的思想之刃", "裂变于柏拉图主义与黑格尔主义的终结处——尼采与马克思的哲学对话", "“回到马克思”的问题、方法与原则——兼评若干英美马克思主义学者的文本演绎"], "学术ID": ["CN-B574CHPJ"]}