{"机构": "湖南泰格湘雅药物研究有限公司", "访问量": "2504", "被引量": "1190", "成果数": "72", "H_指数": "19", "G指数": "32", "期刊": "91.7%", "会议": "6.9%", "专著": "0%", "其他": "1.4%", "合作学者": {"郭澄": "上海交通大学附属第六人民医院", "韩永龙": "上海交通大学附属第六人民医院", "李颜": "上海交通大学附属第六人民医院", "万丽丽": "上海交通大学附属第六人民医院"}, "合作机构": {"上海交通大学附属第六人民医院": "185", "中南大学药学院": "42", "中南大学药学院药物代谢与药物动力学研究所": "20", "福建医科大学附属协和医院": "18", "河南中医学院第一附属医院": "18", "中南大学药学院生物药剂学教研室": "14", "河南省人民医院": "10", "第二军医大学药学院生化药学教研室": "9", "中国医科大学附属第一医院": "9", "湖南泰格湘雅药物研究有限公司": "8"}, "文章title": ["A sensitive and high-throughput LC-MS/MS method for inhibition assay of seven major cytochrome P450s in human liver microsomes using an in vitro cocktail of probe substrates.", "NMR-based metabolomics reveals distinct pathways mediated by curcumin in cachexia mice bearing CT26 tumor", "Stereoselective metabolism of donepezil and steady-state plasma concentrations of S-donepezil based on CYP2D6 polymorphisms in the therapeutic responses of Han Chinese patients with Alzheimer’s dis...", "中医不同治法方药对CT26结肠腺癌诱导小鼠恶病质肌肉萎缩的影响", "放射治疗前后食管癌患者外周血miR-21的动态观测及意义", "消癌平注射液等4种抗肿瘤中药注射剂对人肝微粒体中CYP450酶7种亚型的体外抑制作用研究", "10种心血管类中药注射剂对人细胞色素P_(450)7种亚型的体外抑制作用", "常用中药单体及其制剂对CYP3A活性的体外抑制作用研究", "二甲双胍的临床应用新进展", "四君子汤对结肠腺癌荷瘤小鼠癌性恶病质的影响", "Baicalin, a component of Scutellaria baicalensis, alleviates anorexia and inhibits skeletal muscle atrophy in experimental cancer cachexia", "Serum Metabolic Profiles Reveal Contribution of Formoterol to Cachexia in a Tumor-bearing mouse", "基于代谢组学方法揭示肿瘤恶病质过程中姜黄素特异性的代谢通路研究", "Steady‐State Plasma Concentration of Donepezil Enantiomers and Its Stereoselective Metabolism and Transport In Vitro", "ABCB1-overexpressing MG63/DOX cell xenograft model: Maintain the MDR phenotype in vivo", "Serum metabolic profiles reveal the effect of formoterol on cachexia in tumor-bearing mice", "In vitro permeability analysis, pharmacokinetic and brain distribution study in mice of imperatorin, isoimperatorin and cnidilin in Radix Angelicae Dahuricae", "Evaluation of the pharmacokinetics and cardiotoxicity of doxorubicin in rat receiving nilotinib", "Parthenolide from Parthenium integrifolium reduces tumor burden and alleviate cachexia symptoms in the murine CT-26 model of colorectal carcinoma", "黄连解毒汤对人细胞色素P450酶6个亚型的体外抑制作用研究"], "学术ID": ["CN-B675EPZJ"]}