{"机构": "中山大学附属第三医院", "访问量": "1187", "被引量": "759", "成果数": "111", "H_指数": "13", "G指数": "25", "期刊": "59.5%", "会议": "30.6%", "专著": "5.4%", "其他": "4.5%", "合作学者": {"张宏莉": "哈尔滨工业大学计算机科学与技术学院", "云晓春": "哈尔滨工业大学计算机网络与信息安全技术研究中心", "方滨兴": "哈尔滨工业大学计算机科学与工程系", "王树鹏": "中国科学院计算技术研究所"}, "合作机构": {"哈尔滨工业大学计算机科学与技术学院": "56", "哈尔滨工业大学计算机网络与信息安全技术研究中心": "43", "哈尔滨工业大学计算机科学与工程系": "29", "中国科学院计算技术研究所": "20", "哈尔滨工业大学计算机网络与信息安全研究中心": "15", "中北大学电子测试国家重点实验室": "5", "哈尔滨工业大学": "5", "国家计算机网络应急技术处理协调中心": "5", "江苏省苏北人民医院": "3", "中山大学附属第三医院": "2"}, "文章title": ["Robust Feature Selection for IM Applications at Early Stage Traffic Classification Using Machine Learning Algorithms", "A Metadata-Based Representation Method of the Internet of Things", "An Efficient Security System for Mobile Data Monitoring", "Security Mechanisms to Defend against New Attacks on Software-Defined Radio", "Network Traffic Classification techniques and comparative analysis using Machine Learning algorithms", "A Preamble Mining Algorithm Oriented to Binary Protocol Using Random Probes", "轨迹隐私保护研究综述", "Network Traffic Classification Using Machine Learning Algorithms", "Multiple Mix-Zones Deployment for Continuous Location Privacy Protection", "LPPS: Location privacy protection for smartphones", "网络空间安全人才培养的规划建议", "Cyberspace Security Competition and Talent Management", "大数据安全高效搜索与隐私保护机制展望", "面向DaaS应用的数据集成隐私保护机制研究", "A Template Independent Approach for Web News and Blog Content Extraction", "Privacy-Aware Information Sharing in Location-Based Services: Attacks and Defense", "F-Seeker:基于重匿名的粒度化好友搜索架构", "Audit meets game theory: Verifying reliable execution of SLA for compute-intensive program in cloud", "An Asynchronous Periodic Sequential Pattern Mining Algorithm with Multiple Minimum Item Supports for Ad Hoc Networking"]}