{"机构": "湘潭大学法学院", "访问量": "2100", "被引量": "946", "成果数": "71", "H_指数": "16", "G指数": "28", "期刊": "84.5%", "会议": "15.5%", "专著": "0%", "其他": "0%", "合作学者": {"廖丽": "武汉大学国际法研究所", "唐旗": "武汉大学法学院", "王追林": "武汉大学WTO学院", "陈喜峰": "厦门大学法学院"}, "合作机构": {"武汉大学国际法研究所": "10", "武汉大学法学院": "8", "武汉大学WTO学院": "4", "厦门大学法学院": "3", "武汉大学中国边界与海洋研究院": "2", "湘潭大学法学院": "1"}, "文章title": ["南海仲裁案所涉历史性权利问题裁决的国际法批判", "从外部基准看中国补贴领域的超WTO义务", "试论贸易政策合规性审查的方法", "论21世纪以来中国国际法的新发展与新挑战", "认真对待WTO对中国原材料案裁决的长远不利影响", "评美国指责中国在南海的权利主张妨碍航行自由的无理性", "国际法学研究要以运用国际法能力建设为重心", "中国入世十年,开我国国际争端解决先河", "《反假冒贸易协定》的出台及其对国际知识产权执法的影响", "简评TRIPS-Plus知识产权执法及其合法性", "遵循WTO规则,应对绿色壁垒", "论国际法在中国的发展走向", "知识产权边境保护——现状、趋势与对策", "WTO与全球贸易治理:演变、成就与挑战", "中国参与WTO争端解决活动评述", "能源安全观的变迁与国际能源机制的演进", "欧盟贸易壁垒条例保护知识产权的法律与实践——以\"美国音乐作品许可案\"为例", "评美国向WTO“影响知识产权保护和实施的措施案”", "欧盟《知识产权执法指令》述评"], "学术ID": ["CN-BM74OX6J"]}