{"机构": "第三军医大学西南医院", "访问量": "593", "被引量": "292", "成果数": "56", "H_指数": "10", "G指数": "14", "期刊": "94.6%", "会议": "3.6%", "专著": "0%", "其他": "1.8%", "合作学者": {"卢广文": "南方医科大学生物医学工程学院", "彭达明": "第一军医大学南方医院", "李喆": "南方医科大学生物医学工程学院", "陈光杰": "第一军医大学生物医学工程系"}, "合作机构": {"南方医科大学生物医学工程学院": "47", "第一军医大学生物医学工程系": "16", "第一军医大学南方医院": "12", "南方医科大学南方医院": "5", "南方医科大学珠江医院": "5", "第一军医大学教育技术中心": "1", "安徽医科大学卫生管理学院": "1", "广州惠桥计算机科技有限公司": "1", "中国科学院福建物质结构研究所": "1", "第三军医大学西南医院": "1"}, "文章title": ["Calculating the Mean Amplitude of Glycemic Excursions from Continuous Glucose Data Using an Open-Code Programmable Algorithm Based on the Integer Nonlinear Method", "PBL在“医学电子仪器”实验教学中的应用", "面向“卓越工程师教育培养计划”的生物医学工程实践教学改革探讨", "生物医学工程专业《医学检验仪器》课程改革的思考", "基于非线性整数规划的平均血糖波动幅度自动计算算法研究", "改进PSO-BP算法的压力导丝温度及非线性补偿研究", "基于DirectShow的人工流产视频采集系统设计", "基于近红外光的人工流产手术系统设计", "基于Android的无线血流储备分数实时测量系统设计", "输液监测系统的设计与应用", "基于ZigBee技术的输液监测系统设计", "基于激光共聚焦显微镜图像的黑色素瘤计算机辅助诊断算法研究", "几种机器学习方法在黑色素瘤计算机辅助诊断中的性能比较", "经皮药物导入系统设计与实现", "基于STC12C5S60S2单片机经皮给药系统的设计", "基于Biztalk服务器实现异构医疗信息系统数据集成", "血液冷链分布式无线多点温度监测系统设计", "基于方向Snake模型的心脏磁共振图像左心室内外膜分割", "基于加性算子分割的快速静磁场主动轮廓模型", "基于步进电动机的试管自动贴标系统研制"], "学术ID": ["CN-BK75INLJ"]}