{"机构": "四川大学华西医院", "访问量": "1626", "被引量": "1105", "成果数": "133", "H_指数": "17", "G指数": "28", "期刊": "98.5%", "会议": "1.5%", "专著": "0%", "其他": "0%", "合作学者": {"陈梓宏": "广东医学院附属医院", "杨志雄": "广东医学院附属医院", "王镇南": "广东医学院附属医院", "梁荣": "广东医学院附属医院"}, "合作机构": {"广东医学院附属医院": "277", "广东省茂名市人民医院": "14", "华中科技大学同济医学院附属同济医院": "12", "中山大学附属肿瘤医院": "11", "广东医学院": "10", "广东医学院病理学教研室": "10", "中山大学肿瘤医院": "8", "广州军区广州总医院": "8", "广东药学院生命科学与生物制药学院": "6", "四川大学华西医院": "5"}, "文章title": ["唑来膦酸联合放疗在恶性肿瘤骨转移治疗中研究进展", "Matrine suppresses the migration and invasion of NSCLC cells by inhibiting PAX2-induced epithelial-mesenchymal transition", "T-钙黏蛋白基因对人鼻咽癌CNE-2细胞增殖以及凋亡的影响", "氯硝柳胺对肺癌细胞株顺铂敏感性的影响", "藤黄酸的抗肿瘤机制", "含替吉奥化疗方案治疗晚期食管癌的研究进展", "鼻咽癌综合治疗患者预后影响因素分析", "Ku蛋白在肿瘤DNA损伤修复中作用", "Combination of gambogic acid with cisplatin enhances the antitumor effects on cisplatin-resistant lung cancer cells by downregulating MRP2 and LRP expression", "Antisense oligonucleotides targeting human telomerase mRNA increases the radiosensitivity of nasopharyngeal carcinoma cells", "氯硝柳胺在肿瘤治疗中机制研究进展", "65例可切除老年胃癌临床病理特征和预后分析", "老年与中青年胃癌临床病理特征和预后影响因素的差异", "Phase II trial of recombinant human endostatin in combination with concurrent chemoradiotherapy in patients with stage III non-small-cell lung cancer.", "鼻咽癌转移相关分子标志物的研究进展", "同期放化疗联合辅助化疗治疗鼻咽癌患者的临床观察", "氯硝柳胺抗肿瘤作用的研究进展", "Application of Hilbert–Huang Transform to acoustic emission signal for burn feature extraction in surface grinding process", "A non-destructive surface burn detection method for ferrous metals based on acoustic emission and ensemble empirical mode decomposition: from laser simulation to grinding process"]}