{"机构": "华中师范大学电子与计算机研究所", "访问量": "548", "被引量": "253", "成果数": "44", "H_指数": "10", "G指数": "13", "期刊": "86.4%", "会议": "13.6%", "专著": "0%", "其他": "0%", "合作学者": {"李义兵": "咸宁学院生物医学工程系", "邢国泉": "咸宁学院生物医学工程系", "王能河": "湖北科技学院", "林家瑞": "华中理工大学生物工程系"}, "合作机构": {"咸宁学院生物医学工程系": "45", "湖北科技学院": "4", "华中理工大学生物工程系": "3", "咸宁医学院": "2", "湖北省襄阳市中心医院": "2", "咸宁医学院附属第一医院": "1", "湖南理工学院信息与通信工程学院": "1", "华中师范大学电子与计算机研究所": "1"}, "文章title": ["浅析如何设计多媒体课件", "医学影像工程专业培养目标与课程设置的探讨", "狠抓实践教学环节 提高学生动手能力", "医学影像工程专业人才需求分析与培养模式的探讨", "藻红蓝蛋白裂合酶F亚基中色氨酸残基的化学修饰", "改革医学物理学教学,培养高素质医学人才", "超声图像的加权平均非线性Laplacian边缘检测算法", "计算机在医学超声成像中的应用", "狠抓实践教学环节,提高学生动手能力", "医疗设备档案及其管理系统的设计与开发", "医疗设备档案管理信息系统的设计与开发", "咸宁学院生物医学工程专业毕业生质量的社会评价", "医疗设备折旧方法的研究", "医疗设备档案管理系统的设计方案", "小波变换在医学图像压缩中的应用研究", "计算机在超声医学图像处理中的应用", "超声治疗的物理学机理与临床应用", "“三维融合”复合三维超声成像"], "学术ID": ["CN-BD74ZXYJ"]}