{"机构": "温州市疾病预防控制中心", "访问量": "1716", "被引量": "1070", "成果数": "89", "H_指数": "17", "G指数": "29", "期刊": "95.5%", "会议": "3.4%", "专著": "0%", "其他": "1.1%", "合作学者": {"罗同勇": "武汉市疾病预防控制中心", "陈邦华": "武汉市疾病预防控制中心", "胡权": "武汉市疾病预防控制中心", "周敦金": "武汉市疾病预防控制中心"}, "合作机构": {"武汉市疾病预防控制中心": "240", "武汉市疾病预防控制中心病毒科": "18", "中国疾病预防控制中心传染病预防控制所": "12", "武汉市卫生防疫站": "11", "湖北省宜昌市疾病预防控制中心": "11", "南京军区南京总医院": "11", "中国疾病预防控制中心传染病预防控制所传染病预防控制国家重点实验室": "9", "武汉大学公共卫生学院": "8", "中国农业科学院郑州果树研究所": "7", "温州市疾病预防控制中心": "5"}, "文章title": ["High-order orbital angular momentum mode generator based on twisted photonic crystal fiber", "Orbital Angular Momentum Mode Converter Based on Helical Long Period Fiber Grating Inscribed by Hydrogen–Oxygen Flame", "Diversity, evolution and population dynamics of avian influenza viruses circulating in the live poultry markets in China", "Application of seasonal auto-regressive integrated moving average model in forecasting the incidence of hand-foot-mouth disease in Wuhan, China", "Initiation of Electronic Cigarette Use by Age Among Youth in the U.S.", "武汉市2005-2016年未分型肝炎报告病例的流行特征分析", "2006-2014年武汉市肺结核流行特征分析及发病预测研究", "Extensive Diversity of Rickettsiales Bacteria in Ticks from Wuhan, China", "Diversity and evolution of avian influenza viruses in live poultry markets, free-range poultry and wild wetland birds in China", "Circulation of human metapneumovirus among children with influenza-like illness in Wuhan, China", "Current patterns of marijuana use initiation by age among US adolescents and emerging adults: implications for intervention", "Path Analysis of Acculturative Stress Components and Their Relationship with Depression Among International Students in China", "[Epidemiological characteristics of human coronaviruses among children in Wuhan, 2008-2013]", "Constructs, concept mapping, and psychometric assessment of the concise scale of individualism-collectivism", "A Comparison of the Number of Men Who Have Sex with Men among Rural-To-Urban Migrants with Non-Migrant Rural and Urban Residents in Wuhan, China: A GIS/GPS-Assisted Random Sample Survey Study", "2008-2013年武汉市某医院就诊儿童人冠状病毒感染情况", "求和自回归移动平均模型在武汉市手足口病疫情预测预警中的应用", "Reemergence and Autochthonous Transmission of Dengue Virus, Eastern China, 2014.", "Re-emergence and autochthonous dengue virustransmission, Wenzhou and Wuhan, China, 2014.", "A tick-borne segmented RNA virus contains genome segments derived from unsegmented viral ancestors."], "学术ID": ["CN-B274MRRJ"]}