{"机构": "四川大学华西医院", "访问量": "987", "被引量": "1042", "成果数": "143", "H_指数": "17", "G指数": "27", "期刊": "74.8%", "会议": "12.6%", "专著": "0%", "其他": "12.6%", "合作学者": {"邵诗颖": "华中科技大学同济医学院附属协和医院", "马德琳": "华中科技大学同济医学院附属同济医院", "杜婷婷": "华中科技大学同济医学院附属同济医院", "张木勋": "华中科技大学同济医学院附属同济医院"}, "合作机构": {"华中科技大学同济医学院附属同济医院": "201", "华中科技大学同济医学院附属协和医院": "31", "华中科技大学同济医学院": "16", "石河子大学医学院第一附属医院": "8", "同济医科大学附属同济医院": "5", "哈尔滨轻工建设集团有限公司": "5", "湖北省新华医院": "4", "重庆医科大学附属第一医院": "4", "南京军区福州总医院": "4", "四川大学华西医院": "3"}, "文章title": []}