{"机构": "国家教委", "访问量": "3540", "被引量": "1873", "成果数": "86", "H_指数": "22", "G指数": "42", "期刊": "89.5%", "会议": "10.5%", "专著": "0%", "其他": "0%", "合作学者": {"张俊茹": "北京电子科技职业学院", "荀莉": "教育部职业技术教育中心研究所", "于红军": "中国化工教育协会", "史晓鹤": "北京市商业学校"}, "合作机构": {"北京电子科技职业学院": "4", "教育部职业技术教育中心研究所": "3", "常州市教育局": "1", "中华职业教育社研究部": "1", "天津市教育委员会": "1", "北京市商业学校": "1", "北京师范大学": "1", "宁波市教育局": "1", "中国化工教育协会": "1", "国家教委": "1"}, "文章title": ["汽车维修行业职业教育贵在细深实(下)——谈校企合作产业文化育人", "职业教育中工作价值观教育和产业文化育人的研究与教改实践", "增强职教与市场的吻合度", "护理文化教育的探讨", "从《如何成为主厨》看产业文化育人", "职业教育校企合作中工业文化对接的新动向", "校企合作中工业文化对接研究的新成果", "“对接”闲话——有感于《2009年高职高专毕业生就业统计调查报告》", "新《中等职业学校专业目录》对优化结构、提高质量的预期作用", "把先进工业文化引进职业院校的校园", "把先进工业文化引进职业院校的校园", "《职业教育学——原理与应用》第十五章(摘编) 职业教育的服务体系", "先进工业文化进入职业院校校园的研究", "职业教育校企合作的政策担当", "职业教育的吸引力——问题与对策", "职业教育校企合作的机制研究", "提高职业教育与社会需求吻合度", "提高职业教育发展与社会需求的吻合度", "价值观教育在高职选修课中的实践——《学会做事》选修课的探索与实践", "建立职业教育校企合作长效机制的进展、问题及其完善"], "学术ID": ["CN-BU74XRMJ"]}