{"机构": "中国测试技术研究院", "访问量": "197", "被引量": "177", "成果数": "36", "H_指数": "7", "G指数": "11", "期刊": "97.2%", "会议": "0%", "专著": "0%", "其他": "2.8%", "合作学者": {"杜柳青": "重庆理工大学机械工程学院", "殷国富": "四川大学制造科学与工程学院", "罗辑": "重庆工学院", "郝建军": "重庆理工大学汽车零部件制造及检测技术教育部重点实验室"}, "合作机构": {"重庆理工大学机械工程学院": "31", "四川大学制造科学与工程学院": "8", "重庆工学院": "6", "重庆理工大学汽车零部件制造及检测技术教育部重点实验室": "3", "重庆理工大学重庆汽车学院": "2", "重庆理工大学汽车学院": "1", "陕西科技大学电气与信息工程学院": "1", "重庆大学工业自动化仪表研究所": "1", "重庆大学": "1", "中国测试技术研究院": "1"}, "文章title": ["《伺服驱动与控制技术》课程教学改革", "基于改进SURF算法的柔性装夹机器人快速工件匹配方法", "基于能量中心匹配的射线实时成像铸件缺陷自动三维定位方法", "基于多元混沌时间序列的数控机床运动精度预测", "基于案例导学的《伺服驱动与控制技术》课程教学", "基于深度学习特征的铸件缺陷射线图像动态检测方法", "基于深度学习特征匹配的铸件微小缺陷自动定位方法", "基于混沌相空间重构的数控机床运动精度预测", "基于视觉显著度的射线图像微小缺陷提取方法", "基于混沌相空间重构的数控机床运动精度演化分析", "以培养学生工程设计能力为目标的机械工程系列核心课程教学改革研究", "磁瓦片选及自适应规格系统设计", "Machine Vision Inspection of Surface Defect for Arc Magnet", "气瓶螺纹接口加工自适应规格系统设计", "基于OPC数据的数控机床精度状态实时测评方法", "基于图形识别的数控机床运动误差溯因方法", "磁瓦表面缺陷机器视觉检测与识别方法", "基于深度学习网络的射线图像缺陷识别方法", "一种基于混沌特性的磁瓦表面缺陷视觉提取方法", "焊缝缺陷X射线图像微弱信号识别方法"], "学术ID": ["CN-BA75LE8J"]}