{"机构": "兰州理工大学土木工程学院", "访问量": "5340", "被引量": "3373", "成果数": "261", "H_指数": "28", "G指数": "48", "期刊": "88.5%", "会议": "10.3%", "专著": "0.4%", "其他": "0.8%", "合作学者": {"孙伟": "东南大学材料科学与工程系", "麻海燕": "南京航空航天大学土木工程系", "吴成友": "中国科学院青海盐湖研究所", "李颖": "沈阳建筑工程学院材料科学与工程系"}, "合作机构": {"南京航空航天大学土木工程系": "153", "东南大学材料科学与工程系": "90", "中国科学院青海盐湖研究所": "44", "沈阳建筑工程学院材料科学与工程系": "40", "沈阳建筑大学材料科学与工程学院": "39", "厦门理工学院建筑工程系": "22", "江苏省交通科学研究院股份有限公司": "16", "南京航空航天大学航空宇航学院": "11", "江苏省建筑科学研究院有限公司": "11", "兰州理工大学土木工程学院": "9"}, "文章title": ["无缓凝剂磷酸镁修补砂浆的力学性能实验研究", "制备高纯碱式碳酸镁和氧化镁的热解及煅烧条件", "Research on compression behavior of coral aggregate reinforced concrete columns under large eccentric compression loading", "基于室内外相关性方法的混凝土氯离子扩散性研究", "钢筋碱式硫酸镁水泥混凝土柱受压性能试验研究", "Study of using light-burned dolomite ores as raw material to produce magnesium oxysulfate cement", "机场道面抗冻性与冻融介质的相关性", "Performance evaluation of solidification of Cr3+ or Ni2+ in industrial wastewater with Sorrel’s cement", "暴露和浸泡混凝土氯离子结合能力相关性研究", "外加剂和粉煤灰对碱式硫酸镁水泥混凝土性能影响研究", "玻璃纤维增强碱式硫酸镁水泥制备工艺研究", "Durability of concrete structures in tropical atoll environment", "Experimental research on whole stress-strain curves of coral aggregate seawater concrete under uniaxial compression", "Microstructural Evolution of Concrete under the Attack of Chemical, Salt Crystallization, and Bending Stress", "Study on the micro-crack evolution of concrete subjected to stress corrosion and magnesium sulfate", "煤渣粉掺量对再生混凝土氯离子扩散系数的影响", "The hydration mechanism and performance of Modified magnesium oxysulfate cement by tartaric acid", "Freeze-thaw durability of air-entrained concrete under various types of salt lake brine exposure", "Research on A3 steel corrosion behavior of basic magnesium sulfate cement"], "学术ID": ["CN-BK74ON8J"]}