{"机构": "中国人民大学法学院", "访问量": "44", "被引量": "20", "成果数": "5", "H_指数": "2", "G指数": "4", "期刊": "80%", "会议": "0%", "专著": "0%", "其他": "20%", "合作学者": {"王欣新": "中国人民大学法学院"}, "合作机构": {"中国人民大学法学院": "1"}, "文章title": ["论破产程序中待履行合同的处理方式及法律效果", "论知识产权人单方拒绝技术许可的反垄断法规制——兼论《反垄断法》第55条的规定", "论知识产权人单方拒绝技术许可的反垄断法规制——兼论反垄断法55条规定", "论隐名合伙制度的特征", "论证券投资者保护基金公司对破产证券公司的权利性质"], "学术ID": ["CN-BL75DN3J"]}