{"机构": "国家农作物基因资源与基因改良重大科学工程农业部作物遗传育种重点开放实验室中国农业科学院作物科学研究所", "访问量": "111", "被引量": "104", "成果数": "42", "H_指数": "6", "G指数": "9", "期刊": "92.9%", "会议": "2.4%", "专著": "0%", "其他": "4.7%", "合作学者": {"曲延英": "新疆农业大学农学院", "陈全家": "新疆农业大学农学院", "倪志勇": "新疆农业科学院核技术生物技术研究所", "高文伟": "新疆农业大学农学院"}, "合作机构": {"新疆农业大学农学院": "71", "新疆农业科学院核技术生物技术研究所": "18", "中国农业科学院作物育种栽培研究所": "6", "新疆农业职业技术学院": "5", "中国农业科学院作物科学研究所国家农作物基因资源和基因改良重大科学工程农业部作物遗传改良与育种重点开放实验室": "3", "南京农业大学作物遗传与种质创新国家重点实验室": "3", "中国农业科学院作物科学研究所": "2", "新疆农业科学院经济作物研究所": "2", "北京中医药大学": "2", "国家农作物基因资源与基因改良重大科学工程农业部作物遗传育种重点开放实验室中国农业科学院作物科学研究所": "2"}, "文章title": ["大豆F-box基因Glyma08g11030启动子克隆及植物表达载体构建", "转基因植物发根农杆菌研究的进展及应用", "海岛棉GbTCP5基因的克隆与表达分析", "拟南芥rd29A启动子的克隆及植物表达载体构建", "棉花GhMYB146基因克隆及亚细胞定位分析", "海岛棉GbHCT基因克隆及生物信息学分析", "大豆GmNAC115基因克隆及特征分析", "Isolation of Promoter from and Construction of Its Plant Expression Vectors", "大豆GmF-box基因植物表达载体的构建及转化拟南芥", "大豆 gma-miR169c 启动子的克隆及植物表达载体构建", "《遗传学》课程建设与优化初探", "大豆GmNF-YA3基因结构及原核表达分析", "新疆小麦过氧化物酶活性基因TaPod-A1等位变异检测及其分布规律", "棉花转录因子基因GhMYB的克隆及特征分析", "大豆gma-miR1508a靶基因鉴定及植物表达载体构建", "大豆gma-miR160o启动子的克隆及植物表达载体构建", "教师“拼盘式”教学模式在《种子贮藏与加工》课程中的应用", "农科类本科生遗传学教学改革的探讨——以提升自主学习能力为目的的遗传学教学", "采用多媒体教学手段 提高《遗传学》实验教学质量"]}