{"机构": "黑龙江中医药大学附属医院", "访问量": "633", "被引量": "461", "成果数": "25", "H_指数": "13", "G指数": "21", "期刊": "76%", "会议": "16%", "专著": "0%", "其他": "8%", "合作学者": {"程艳红": "北京市中西医结合医院", "李伟": "北京市中西医结合医院", "丁舟": "北京市中西医结合医院", "王浩": "中国医学科学院北京协和医学院阜外心血管病医院"}, "合作机构": {"北京市中西医结合医院": "21", "北京中医药大学东直门医院": "3", "北京中医药大学附属护国寺中医医院": "2", "中国中医科学院中医临床基础医学研究所": "2", "中国医学科学院北京协和医学院阜外心血管病医院": "2", "北京市展览路医院": "2", "首都医科大学宣武医院": "2", "北京市西城区展览路社区卫生服务中心": "2", "北京中医药大学东方医院": "2", "黑龙江中医药大学附属医院": "1"}, "文章title": ["针刺治疗卒中后中枢性疼痛的随机对照研究", "头穴针刺治疗卒中后中枢性疼痛的临床观察", "Effect of penetrating needling at head acupoints on perennial allergic rhinitis", "头穴透刺对常年性变应性鼻炎的影响", "Observation on therapeutic effect of acupuncture combined with medicine on mild cognition disorders in patients with post-stroke", "三步针法对缺血性脑卒中二级预防的疗效", "三步针法对缺血性脑卒中二级预防的疗效观察", "以针刺督脉经穴为主治疗缺血性脑卒中后轻度认知功能障碍的临床观察", "\"夹脊穴深刺法\"治疗腰椎间盘突出症的临床观察", "“三步针法”治疗周围性面神经炎的临床观察", "针刺穴位注射配合推拿复位治疗腰椎间盘突出症临床观察", "血管性痴呆患者体质调查", "血管性痴呆患者证候学研究", "“三步针法”治疗周围性面神经炎的临床观察", "安神解郁汤治疗脑卒中后抑郁症", "针刺对急性脑出血大鼠TNF-α的影响", "安神解郁汤治疗中风后抑郁症28例", "三步针法治疗中风偏瘫的疗效观察", "安神解郁汤治疗中风后抑郁证45例临床分析"], "学术ID": ["CN-BO74SL8J"]}