{"机构": "北京协和医学院中国医学科学院阜外心血管病医院", "访问量": "4891", "被引量": "903", "成果数": "90", "H_指数": "15", "G指数": "28", "期刊": "90%", "会议": "5.6%", "专著": "0%", "其他": "4.4%", "合作学者": {"靳立军": "广东省心血管病研究所", "林曙光": "广东省人民医院", "董太明": "广东省人民医院", "刘国仗": "中国医学科学院中国协和医科大学心血管病研究所阜外..."}, "合作机构": {"广东省人民医院": "173", "广东省心血管病研究所": "32", "河南省人民医院": "21", "中国医学科学院中国协和医科大学心血管病研究所阜外心血管病医院": "19", "中国医学科学院阜外心血管病医院": "15", "中山大学中山医学院病理生理学教研室": "11", "上海交通大学医学院附属瑞金医院": "10", "中山大学附属第一医院": "8", "广州医学院生理学教研室": "6", "北京协和医学院中国医学科学院阜外心血管病医院": "6"}, "文章title": ["A single-center observational study on the efficacy of percutaneous coronary intervention for ischemic heart failure: A cohort study.", "Relationship between genetic variants of ACE2 gene and circulating levels of ACE2 and its metabolites.", "TLR4/NF-κB/Ceramide signaling contributes to Ox-LDL-induced calcification of human vascular smooth muscle cells", "南方青年人中原发性高血压与肾动脉狭窄的比较研究", "Angiotensin-Converting Enzyme 2 Ameliorates Renal Fibrosis by Blocking the Activation of mTOR/ERK Signaling in Apolipoprotein E-Deficient Mice.", "Curcumin attenuates osteogenic differentiation and calcification of rat vascular smooth muscle cells", "Ascending aortic adventitial remodeling and fibrosis are ameliorated with Apelin-13 in rats after TAC via suppression of the miRNA-122 and LGR4-β-catenin signaling", "The Prognostic Value of ADP-Induced Platelet Aggregation for Bleeding Complications in Low - Intermediate Risk Patients with Acute Coronary Syndrome Taking Clopidogrel After Percutaneous Coronary I...", "The Application of Rotational Atherectomy in PCI of Coronary Chronic Total Occlusions", "Impact of ACE2 gene polymorphism on antihypertensive efficacy of ACE inhibitors", "[Acute coronary syndrome in women below 50 years of age: risk factors and clinical and angiographic features]", "The Research Progress of Monogenic Inherited Hypertension", "Association between circulating levels of ACE2-Ang-(1–7)-MAS axis and ACE2 gene polymorphisms in hypertensive patients:", "原发性高血压患者血管紧张素转换酶2-血管紧张素-(1～7)-Mas轴水平的性别差异研究", "血管紧张素转换酶抑制剂对高血压患者血浆肾素水平的影响", "穿微导管技术在逆向经皮冠状动脉介入治疗中的应用", "The ACE2/Apelin Signaling, MicroRNAs, and Hypertension"]}