{"机构": "中国石油大学化学科学与工程学院", "访问量": "10736", "被引量": "8673", "成果数": "288", "H_指数": "49", "G指数": "77", "期刊": "92.7%", "会议": "6.3%", "专著": "0.7%", "其他": "0.3%", "合作学者": {"马骁飞": "天津大学理学院", "高建平": "天津大学理学院", "王书军": "天津大学药物科学与技术学院", "田汝川": "天津大学化学系"}, "合作机构": {"天津大学理学院": "231", "天津大学化学系": "62", "天津大学药物科学与技术学院": "42", "天津大学化工学院": "25", "郑州轻工业学院食品与生物工程学院": "21", "北京理工大学化工与环境学院": "20", "华北煤炭医学院药学系": "14", "郑州大学化学系": "12", "天津大学": "11", "中国石油大学化学科学与工程学院": "9"}, "文章title": ["Graft copolymerization of starch-AN initiated by potassium permanganate", "Preparation and properties of chitosan‐graft‐poly(methyl methacrylate) nanoparticles using potassium diperiodatocuprate (III) as an initiator", "Study on degradation mechanism of polyethylene films containing additives with metal ions at a simulated composting temperature", "The accelerated degradation of aqueous polyacrylamide at low temperature", "Biodegradable thermoplastic starch", "Strange Words: Autistic Traits and the Processing of Non-Literal Language", "A Study on the Properties of Starch/Glycerine Blend", "Pea Starch Annealing: New Insights", "ChemInform Abstract: Multicomponent Reaction for Synthesis of 2‐(Indol‐3‐yl)pyridine Derivatives under Microwave Irradiation.", "Plasticized Starch", "Effect of carboxylate multi-walled carbon nanotubes on the performance of thermoplastic starch nanocomposites", "Polysaccharides as stabilizers for the synthesis of magnetic nanoparticles", "Multicomponent Reaction for Synthesis of 2-(Indol-3-yl)pyridine Derivatives Under Microwave Irradiation", "Preparation of porous starch and its use as a structure-directing agent for production of porous zinc oxide", "Preparation and properties of halloysite nanotubes/plasticized Dioscorea opposita Thunb. starch composites", "Influence of cultivated landscape composition on variety resistance: an assessment based on wheat leaf rust epidemics", "Characterization of magnetic soluble starch-functionalized carbon nanotubes and its application for the adsorption of the dyes", "GSK3beta mediates the induced expression of synaptic acetylcholinesterase during apoptosis.", "Synthesis and properties of polyurethane resins based on liquefied wood", "The fabrication and the properties of pretreated corn starch laurate"], "学术ID": ["CN-BO74190J"]}