{"机构": "中山大学城市与区域研究中心", "访问量": "5260", "被引量": "2880", "成果数": "112", "H_指数": "32", "G指数": "51", "期刊": "85.7%", "会议": "12.5%", "专著": "0.9%", "其他": "0.9%", "合作学者": {"顾朝林": "南京大学城市与资源学系", "吴志强": "同济大学建筑与城市规划学院", "吴泓": "东华大学旅游系", "吴唯佳": "清华大学建筑与城市研究所"}, "合作机构": {"南京大学城市与资源学系": "41", "同济大学建筑与城市规划学院": "13", "清华大学建筑与城市研究所": "12", "东华大学旅游系": "11", "中国科学院南京地理与湖泊研究所": "10", "清华大学建筑学院": "9", "南京大学": "4", "南京大学建筑与城市规划学院": "4", "苏州工业园区规划建设局": "3", "中山大学城市与区域研究中心": "2"}, "文章title": ["空间秩序重构下的国家纪念地研究——以美国为例", "人居环境的优化提质问题", "公共经济学视角下的京津冀区域协同研究", "城市公共服务设施空间布局优化模型研究", "\"十三五\"时期中国城市发展和规划变革思考——基于经济危机与新自由主义视角的审视", "简政放权背景下中国区域规划事权交易制度", "单中心还是多中心:北京城市就业次中心研究", "中国县域城镇化质量与水平研究", "国外大城市地区就业区位空间模型研究综述", "中国大城市中心城区人口老龄化空间特征与规划应对", "中国巨型城市地区:发展变化与规划思考", "2000年以来首都经济圈区域结构与变迁研究", "从速度到质量:京津冀地区城镇化发展战略思考", "特大型城市发展和功能演进规律研究——伦敦、东京、纽约的国际案例比较", "多核心城市网络研究进展及对上海大都市囤的思考借鉴", "中国城市老龄化空间特征及相关因素分析——基于“五普”和“六普”人口数据的分析", "京津复合经济走廊功能格局与态势", "“北京2049”:学科群与跨学科研究平台", "中国城市增长:2000～2010", "中国城市人口流动增长的空间类型及影响因素"], "学术ID": ["CN-BZ74Z2YJ"]}