{"机构": "南京师范大学计算机科学系", "访问量": "1159", "被引量": "580", "成果数": "57", "H_指数": "13", "G指数": "22", "期刊": "78.9%", "会议": "15.8%", "专著": "1.8%", "其他": "3.5%", "合作学者": {"陈波": "南京师范大学计算机系", "肖军模": "解放军理工大学通信工程学院", "吉根林": "南京师范大学计算机系", "宋如顺": "南京师范大学数学与计算机科学学院"}, "合作机构": {"南京师范大学计算机系": "59", "解放军理工大学通信工程学院": "7", "南京师范大学数学与计算机科学学院": "3", "南京农业大学农业部动物疫病诊断与免疫重点开放实验室": "1", "南京师范大学": "1", "昆明理工大学信息工程与自动化学院": "1", "中海石油(中国)有限公司": "1", "南京师范大学计算机科学系": "1"}, "文章title": ["恶意社交机器人检测技术研究", "The construction of teaching interaction platform and teaching practice based on SPOC mode", "基于手机微信的信息安全翻转实验课堂教学实践", "认知负荷理论指导下的并行计算实验教学探究", "微博僵尸粉演化特征实证研究", "Ji yu yin han ge jie gou ABE suan fa de yi dong zun chu jie zhi qing jing fang wen kong zhi", "基于胜任力模型的社交网络意见领袖识别方法", "基于隐含格结构ABE算法的移动存储介质情境访问控制", "意见领袖筛选方法研究", "Context-Aware Access Control for Resources in the Ubiquitous Learning System Using Ciphertext-Policy Attribute-based Encryption", "Cloud licensing model for .NET software protection", "A Secure Access Authentication Scheme for Removable Storage Media", "泛在媒体环境下的网络舆情传播控制模型", "面向下一代网络的内容安全网关设计", "Analysis of Web Security Comprehensive Evaluation Tools", "Analysis of Web Security Comprehensive Evaluation Tools", "多策略的工作流管理系统访问控制模型", "Cultivating the ability of security coding for undergraduates in programming teaching", "基于改进军用安全模型的sJava语言"], "学术ID": ["CN-B773SDPJ"]}