{"机构": "吉林工业大学材料科学与工程学院", "访问量": "5157", "被引量": "3239", "成果数": "273", "H_指数": "30", "G指数": "44", "期刊": "92.7%", "会议": "4.8%", "专著": "0.7%", "其他": "1.8%", "合作学者": {"刘耀辉": "吉林大学汽车材料教育部重点实验室", "何镇明": "吉林工业大学", "朱先勇": "吉林大学材料科学与工程学院", "张新平": "华南理工大学材料科学与工程学院"}, "合作机构": {"吉林大学汽车材料教育部重点实验室": "122", "吉林大学材料科学与工程学院": "107", "吉林工业大学": "94", "华南理工大学材料科学与工程学院": "51", "吉林大学": "40", "吉林大学地面机械仿生技术教育部重点实验室": "39", "重庆大学化学化工学院": "31", "哈尔滨工业大学": "13", "吉林大学机械科学与工程学院": "13", "吉林工业大学材料科学与工程学院": "11"}, "文章title": ["锌基体疏液表面的制备及润湿行为", "Al含量对漂珠/镁合金可溶复合材料组织与性能的影响", "Fabrication and theoretical explanation of the superhydrophobic Cu[sbnd]Zn coating with dandelion-like CuO microstructure", "提高石油类高校材料工程领域专业硕士培养质量探讨——以中国石油大学(华东)材料工程专业为例", "X90管线钢表面CuO超疏水涂层的制备和性能", "漂珠/AZ91D复合材料微观组织与性能", "漂珠/AZ91D复合材料界面断裂数值模拟预测", "粗轧模拟轧制系统在实验教学中的应用", "A stable hierarchical superhydrophobic coating on pipeline steel surface with self-cleaning, anticorrosion, and anti-scaling properties", "粉煤灰漂珠粒径对粉煤灰漂珠/AZ91D镁合金复合材料阻尼性能的影响", "颗粒增强镁基复合材料的研究现状及发展趋势", "A Simple Method for Fabrication of Bionic Superhydrophobic Zinc Coating with Crater-like Structures on Steel Substrate", "氧化石墨烯/环氧树脂复合材料的制备与性能", "漂珠/AZ91D镁合金复合材料的显微组织与力学性能", "Fabrication of superhydrophobic and oleophobic surface on zinc substrate by a simple method", "Fractal characteristics and wettability ofNano-Al 2", "物联网技术在特种设备检验检测系统中的应用", "Design of submicron structures with superhydrophobic and oleophobic properties on zinc substrate", "Microstructure and wear resistance of electrodeposited Ni-SiO 2"], "学术ID": ["CN-BT75CJ8J"]}