{"机构": "德克萨斯南方大学", "访问量": "4004", "被引量": "3465", "成果数": "461", "H_指数": "30", "G指数": "43", "期刊": "57%", "会议": "24.9%", "专著": "3.3%", "其他": "14.8%", "合作学者": {"宋国华": "北京交通大学交通运输学院", "陈旭梅": "北京交通大学交通运输学院", "郭继孚": "北京交通发展研究中心", "郝艳召": "北京交通大学交通运输学院"}, "合作机构": {"北京交通大学交通运输学院": "379", "北京交通发展研究中心": "103", "美国休斯顿": "17", "北京交通大学城市交通复杂系统理论与技术教育部重点实验室": "16", "北京交通大学": "11", "中国城市规划设计研究院": "11", "天津市城市规划设计研究院": "9", "第二军医大学免疫学教研室": "8", "北京市科技发展委员会": "5", "德克萨斯南方大学": "5"}, "文章title": ["Multi-objective optimization model of intersection signal timing considering emission based on field data: a case study of Beijing", "Estimation of vehicle emission on mainline freeway under isolated and integrated ramp metering strategies", "Identifying Temporal and Spatial Characteristics of Residents’ Trips from Cellular Signaling Data: A Case Study of Beijing", "Methods of dropping auxiliary lanes at freeway weaving segments", "Characterizing Particulate Matter 2.5 Concentration Pattern within a Transportation Network: A Case Study in the Port of Houston Region", "Development of a Comprehensive Speed Correction Factor for Estimating Fuel Consumptions of Road Traffic Incorporating Vehicle Unit Weight", "Assessment of In-Vehicle Messages in the Advance Warning Area of a Work Zone", "Development and Application of an Online Dynamic Emission Model for Traffic Networks: A Case Study of Beijing", "Development of Key Indicator Systems for Performance Evaluation in Megalopolitan Transit System: A Structural Equation Modeling Approach", "Digital Signal Processing Approach to Identify the Boundary of Vehicle Idle Status During Operation", "Application and Evaluation of the Reinforcement Learning Approach to Eco-Driving at Intersections Under Infrastructure-to-Vehicle Communications", "Risk Assessment of In-vehicle Noise Pollution from Highways", "Development of a Local Emission Rate Model for Light-Duty Gasoline Vehicles Based on Limited Field Data of Beijing and Regular Patterns of Emission Rates in MOVES", "Modeling Vehicle Interior Noise Exposure Dose on Freeways Considering Weaving Segment Designs and Engine Operation", "Essential Tasks to Reduce Environmental Pollution in Urban Transportation Networks", "Validation of temporal and spatial consistency of facility- and speed-specific vehicle-specific power distributions for emission estimation: A case study in Beijing, China", "Challenges and Opportunities in Produced Water and Drilling Waste Treatment Techniques to Mitigate the Adverse Environmental Impacts", "Impact of Freeway Weaving Segment Design on Light-duty Vehicle Exhaust Emissions.", "Urban commuters’ valuation of travel time reliability based on stated preference survey: A case study of Beijing", "Analysis of Rainfall Effects on Road Travel Speed in Beijing, China"], "学术ID": ["CN-BF748OPJ"]}