{"机构": "军事医学科学院微生物流行病学研究所病原微生物生物安全国家重点实验室", "访问量": "392", "被引量": "455", "成果数": "54", "H_指数": "12", "G指数": "19", "期刊": "87%", "会议": "5.6%", "专著": "0%", "其他": "7.4%", "合作学者": {"陈薇": "军事医学科学院微生物流行病研究所病原微生物生物安...", "付玲": "军事医学科学院微生物流行病研究所病原微生物生物安...", "于长明": "军事医学科学院微生物流行病研究所", "易绍琼": "军事医学科学院微生物流行病研究所免疫室"}, "合作机构": {"军事医学科学院微生物流行病研究所病原微生物生物安全国家重点实验室": "121", "军事医学科学院微生物流行病研究所": "97", "北京微生物流行病研究所": "19", "军事医学科学院微生物流行病研究所免疫室": "17", "军事医学科学院生物工程研究所": "7", "军事医学科学院微生物学流行病学研究所": "6", "徐州医学院附属医院": "6", "空军总医院": "5", "山东大学齐鲁医院": "3", "军事医学科学院微生物流行病学研究所病原微生物生物安全国家重点实验室": "2"}, "文章title": ["Tetanus Neurotoxin Neutralizing Antibodies Screened from a Human Immune scFv Antibody Phage Display Library:", "PEGylated recombinant human interferon-omega as a long-acting antiviral agent: Structure, antiviral activity and pharmacokinetics", "Antiviral Res.", "Deletion mutant of recombinant human nerve growth factor, preparation method and use thereof", "Human Prostate Stem Cell Antigen and HSP70 Fusion Protein Vaccine Inhibits Prostate Stem Cell Antigen-Expressing Tumor Growth in Mice", "Monitoring luciferase-labeled human prostate stem cell antigen-expressing tumor growth in a mouse model", "[Preparation and biological activity analysis of chimeric antibody against capsular F1 antigen of Yersinia pestis]", "抗鼠疫耶尔森菌荚膜抗原F1嵌合抗体的制备及活性分析", "Prediction and identification of mouse cytotoxic T lymphocyte epitopes in Ebola virus glycoproteins", "通过共表达转铁蛋白和细胞周期蛋白D1改造CHO细胞株", "TF-1细胞增殖法测定神经生长因子生物学活性的建立与应用", "Establishment of tetracycline-inducible, survivin-expressing CHO cell lines by an optimized screening method.", "Overexpression of survivin and cyclin D1 in CHO cells confers apoptosis resistance and enhances growth in serum-free suspension culture", "Preparation of CHO cell-derived rhIFN-ω-Fc with improved pharmacokinetics", "A Conformational Change of C Fragment of Tetanus Neurotoxin Reduces Its Ganglioside-Binding Activity but Does Not Destroy Its Immunogenicity", "PSCA-HSP70融合蛋白在大肠杆菌中的表达与纯化", "Antiviral potential of exogenous human omega interferon to inhibit pandemic 2009 A (H1N1) influenza virus.", "基于活体成像的表达人PSCA抗原的小鼠肿瘤模型的建立", "Object tracking in the complex environment based on SIFT", "Vaccination with a DNA vaccine based on human PSCA and HSP70 adjuvant enhances the antigen-specific CD8+ T-cell response and inhibits the PSCA+ tumors growth in mice."]}