{"机构": "军事医学科学院微生物学流行病学研究所", "访问量": "1502", "被引量": "1159", "成果数": "122", "H_指数": "15", "G指数": "31", "期刊": "92.6%", "会议": "3.3%", "专著": "0%", "其他": "4.1%", "合作学者": {"陈薇": "军事医学科学院微生物流行病研究所病原微生物生物安...", "付玲": "军事医学科学院微生物流行病研究所病原微生物生物安...", "王海涛": "军事医学科学院微生物流行病研究所", "于婷": "军事医学科学院微生物流行病研究所病原微生物生物安..."}, "合作机构": {"军事医学科学院微生物流行病研究所病原微生物生物安全国家重点实验室": "205", "军事医学科学院微生物流行病研究所": "180", "北京微生物流行病研究所": "41", "军事医学科学院实验动物中心": "27", "军事医学科学院生物工程研究所": "22", "徐州医学院附属医院": "20", "军事医学科学院微生物流行病研究所免疫室": "15", "军事医学科学院疾病预防控制所": "13", "第四军医大学微生物学教研室": "11", "军事医学科学院微生物学流行病学研究所": "10"}, "文章title": ["马尔堡病毒糖蛋白GP1亚基的真核表达与纯化", "利用回归模型筛选出近天然的抗原-抗体对接模拟结构", "Protection against Staphylococcus aureus and tetanus infections by a combined vaccine containing SasA and TeNT‑Hc in mice", "HPV11 E6 mutation by overexpression of APOBEC3A and effects of interferon-ω on APOBEC3s and HPV11 E6 expression in HPV11.HaCaT cells", "Tetanus Neurotoxin Neutralizing Antibodies Screened from a Human Immune scFv Antibody Phage Display Library:", "Comparative Immunogenicity of the Tetanus Toxoid and Recombinant Tetanus Vaccines in Mice, Rats, and Cynomolgus Monkeys", "维和二级医院就诊军人患者发病情况分析", "Monoclonal Antibody Targeting Staphylococcus aureus Surface Protein A (SasA) Protect Against Staphylococcus aureus Sepsis and Peritonitis in Mice", "中试规模纯化重组鼠疫rF1-Ⅴ融合蛋白及其免疫原性分析", "Feasibility Study of Transthoracic Echocardiography for Coronary Slow Flow Phenomenon Evaluation: Validation by Coronary Angiography", "Identification and Functional Characterization of Glycosylation of Recombinant Human Platelet-Derived Growth Factor-BB in Pichia pastoris", "血小板衍生生长因子BB亚型在毕赤酵母中的表达及纯化", "鼠疫耶尔森菌F1-V融合蛋白改构体的构建、原核表达及纯化", "应用噬菌体随机肽库技术筛选鼠疫耶尔森菌F1抗原中和性表位", "PLATELET-DERIVED GROWTH FACTOR B MUTANT, PREPARATION METHOD THEREFOR, AND USE THEREOF", "PEGylated recombinant human interferon-omega as a long-acting antiviral agent: Structure, antiviral activity and pharmacokinetics", "CHO细胞表达的抗炭疽保护性抗原人源化抗体的纯化及质量控制分析", "Antiviral Res."]}