{"机构": "徐州医学院附属医院", "访问量": "375", "被引量": "417", "成果数": "154", "H_指数": "11", "G指数": "16", "期刊": "94.8%", "会议": "0.6%", "专著": "1.3%", "其他": "3.3%", "合作学者": {"丛海林": "北京大学化学与分子工程学院", "唐建国": "青岛大学杂化材料研究所纤维材料与现代纺织国家重点...", "陈鑫": "南通大学附属医院", "刘虎威": "北京大学化学与分子工程学院"}, "合作机构": {"北京大学化学与分子工程学院": "170", "青岛大学杂化材料研究所纤维材料与现代纺织国家重点实验室培育基地": "12", "南通大学附属医院": "8", "湖南科技大学化学化工学院": "3", "山东出入境检验检疫局": "3", "中国医学科学院中国协和医科大学整形外科医院": "2", "河南大学中药研究所": "2", "中南大学粉末冶金国家重点实验室": "2", "解放军总医院": "2", "徐州医学院附属医院": "1"}, "文章title": ["Current status and future developments in preparation and application of nonspherical polymer particles", "Preparation of morphology-controllable PGMA-DVB microspheres by introducing Span 80 into seed emulsion polymerization", "Novel triple responsive polybenzimidazole synthesized by amine-ene Michael additions", "Light-assisted preparation of vancomycin chiral stationary phase based on diazotized silica and its enantioseparation evaluation by high-performance liquid chromatography", "Alkylthienyl substituted asymmetric 2D BDT and DTBT-based polymer solar cells with a power conversion efficiency of 9.2%", "Preparation of Polymeric Janus Microparticles with Hierarchically Porous Structure and Enhanced Anisotropy", "Using ZIF−8 as Stationary Phase for Capillary Electrophoresis Separation of Proteins", "Photovoltaic materials", "Advanced Modified Polyacrylonitrile Membrane with Enhanced Adsorption Property for Heavy Metal Ions", "Fabrication and study of superficially porous core-shell SiO 2 @SiO 2 microspheres", "A low band gap diketopyrrolopyrrole-based polymer: Synthesis, thermal and optical properties", "Magnetic poly(PMMA-EGDMA) nanospheres prepared by miniemulsion polymerization", "Effection of pH and molar ratio of formaldehyde and urea on preparation of mesoporous SiO 2 microspheres with polymerization induced colloidal aggregation method", "Preparation of monodisperse cross-linked poly(glycidyl methacrylate)@Fe3O4@diazoresin magnetic microspheres with dye removal property", "Synthesis and application prospect of prussian blue coated with carboxyl chitosan hydrogel", "Preparation and application of multi-walled carbon nanotubes and metal cobalt nanoparticles composite carbon fiber electrodes", "Recent Advances of Low Biological Toxicity Ag2S QDs for Biomedical Application", "Preparation of diazoresin/poly(ethylene oxide) x - b -polystyrene- b -poly(ethylene oxide) x capillary coating for analysis of proteins by capillary electrophoresis", "The Effect of Different Porogens on Porous PMMA Microspheres by Seed Swelling Polymerization and Its Application in High-Performance Liquid Chromatography", "Preparation of Hierarchical Highly Ordered Porous Films of Brominated Poly(phenylene oxide) and Hydrophilic SiO2/C Membrane via the Breath Figure Method"], "学术ID": ["CN-BT75LHLJ"]}