{"机构": "遵义师范学院教育科学系", "访问量": "1797", "被引量": "804", "成果数": "53", "H_指数": "11", "G指数": "28", "期刊": "98.1%", "会议": "1.9%", "专著": "0%", "其他": "0%", "合作学者": {"靳玉乐": "西南大学教育学院", "田慧生": "中央教育科学研究所", "王文乔": "遵义师范学院初等教育系", "李森": "西南大学教育科学研究所"}, "合作机构": {"西南大学教育学院": "7", "中央教育科学研究所": "5", "遵义师范学院初等教育系": "2", "西南大学教科所": "1", "蚌埠学院": "1", "华南理工大学政治与公共管理学院": "1", "北京师范大学": "1", "西南大学教育科学研究所": "1", "遵义师范学院教育科学系": "1"}, "文章title": ["“古代笑话中的人物刻画”群文阅读教学设计与评析", "基于解放旨趣的教师专业发展路径研究", "不同成熟度小学数学教师的师生对话比较研究——基于课堂实录的分析", "建设促进学生核心素养生长的课程", "核心素养对课程意味着什么", "绘画教学的审美取向及美感生成场域的构建", "教师身份认同的历史流变——从先秦至清末", "群文阅读的内涵、精髓与核心价值", "教师共同体的泛化与反思", "美丽课堂:让学生“在场”", "论核心素养的课程价值", "群文阅读的课堂结构类型简析", "论自我统整的教师教育智慧生成机制", "论校长的文化自觉力和文化领导力——从学校文化建设的“浮光掠影”说起", "对区域整体化推进学校课程建设的理论思考", "中国教师的课程能力哪里去了", "区域整体化推进学校课程建设研究（笔谈）", "觉察力对教师教育智慧生成之研究"], "学术ID": ["CN-BI73WDVJ"]}