{"机构": "第四军医大学西京医院", "访问量": "1114", "被引量": "510", "成果数": "134", "H_指数": "13", "G指数": "17", "期刊": "77.6%", "会议": "22.4%", "专著": "0%", "其他": "0%", "合作学者": {"刘毅": "兰州军区兰州总医院", "朱云": "兰州军区兰州总医院", "张绪生": "兰州军区兰州总医院", "薛晓东": "甘肃省人民医院"}, "合作机构": {"兰州军区兰州总医院": "366", "兰州军区总医院": "98", "甘肃省人民医院": "36", "解放军总医院": "20", "甘肃省建筑职工医院": "9", "河南省人民医院": "8", "第三军医大学西南医院": "8", "华中科技大学同济医学院附属同济医院": "7", "武警甘肃总队兰州支队": "6", "第四军医大学西京医院": "5"}, "文章title": ["Global weak solution for a coupled compressible Navier-Stokes and Q-tensor system", "A field demonstration of the entropy-weighted fuzzy DRASTIC method for groundwater vulnerability assessment", "Multiwave interaction analysis of a coaxial Bragg structure with a localized defect introduced in sinusoidal corrugations", "Diffusion MRI in ischemic epiphysis of the femoral head: an experimental study.", "中药抗疲Ⅰ号对训练Wistar大鼠急进高原并运动力竭后血液流变学及运动能力的影响", "[Sodium valproate synergizes adriamycin to inhibit proliferation and induce apoptosis in myelodysplastic syndrome cell line]", "高原地区不同海拔高度大鼠严重烫伤延迟复苏心肌组织内皮素-1与降钙素基因相关肽的变化及意义", "中药抗疲Ⅰ号对雌性训练Wistar大鼠急进高原并运动力竭后性激素和卵巢的防护作用", "中药抗疲Ⅰ号对训练Wistar大鼠急进高原并运动力竭后肝脏组织及其酶谱的影响", "中药抗疲1号对训练Wistar大鼠急进高原并运动力竭后肝糖原分布及代谢功能的影响", "中药抗疲Ⅰ号对雄性训练 Wistar大鼠急进高原并运动力竭后性激素和睾丸的防护观察", "训练Wistar大鼠急进高原并运动力竭后血气变化与肺损伤的干预防护研究", "复方红景天对大鼠高原严重烧伤后早期小肠黏膜损伤的保护作用", "大鼠高原严重烧伤后早期肾组织损伤及复方红景天对其影响", "西部高海拔干燥地区严重烧伤后并发真菌感染的临床分析", "高原地区烧伤合并重度颅脑外伤的诊断与治疗", "不同海拔严重烫伤大鼠延迟复苏血浆降钙素基因相关肽含量的变化", "脂肪颗粒组织在不同冻存条件下低温保护剂的筛选", "西部高海拔干燥地区严重烧伤后并发真菌感染的临床分析"], "学术ID": ["CN-B674YGCJ"]}