{"机构": "解放军总医院", "访问量": "333", "被引量": "302", "成果数": "38", "H_指数": "9", "G指数": "16", "期刊": "86.8%", "会议": "7.9%", "专著": "0%", "其他": "5.3%", "合作学者": {"李海云": "首都医科大学生物医学工程学院", "杨新健": "北京市神经外科研究所", "王盛章": "复旦大学力学与工程科学系", "张莹": "首都医科大学附属北京同仁医院"}, "合作机构": {"首都医科大学生物医学工程学院": "55", "北京市神经外科研究所": "22", "复旦大学力学与工程科学系": "20", "首都医科大学附属北京天坛医院": "13", "首都医科大学附属北京同仁医院": "9", "首都医科大学宣武医院": "6", "昆明医学院第二附属医院": "5", "首都医科大学生物医学工程系": "4", "第四军医大学西京医院": "3", "解放军总医院": "2"}, "文章title": ["假肢矫形工程专业《电子技术基础》课程教学改革与实践", "An approach to quantitative assessment of hemodynamic differences between unruptured and ruptured ophthalmic artery aneurysms", "Virtual stenting workflow with vessel-specific initialization and adaptive expansion for neurovascular stents and flow diverters.", "A scaling aneurysm model-based approach to assessing the role of flow pattern and energy loss in aneurysm rupture prediction", "生物医学工程学科发展的思考", "A geometric scaling model for assessing the impact of aneurysm size ratio on hemodynamic characteristics", "Fast Virtual Stenting With Vessel-Specific Initialization and Collision Detection", "基于影像特征的颅内动脉瘤血流动力学建模及数值计算方法研究", "The Bene Israel Indian Jewish family in Transnational Context", "Influence of hemodynamics on recanalization of totally occluded intracranial aneurysms: a patient-specific computational fluid dynamic simulation study.", "未破裂颈内动脉侧方动脉瘤的血流动力学特点对比分析", "大型未破裂颅内动脉瘤的血流动力学特点分析", "High shear stress and flow velocity in partially occluded aneurysms prone to recanalization", "Hemodynamic analysis of intracranial aneurysms with daughter blebs", "3D Hemodynamic Numerical Simulation of an Intracranial Aneurysm Model before and after Embolism Treatment", "基于影像数据的三维颅内动脉瘤血流动力学数值:手术前后壁面切模拟对比", "颅内典型囊性动脉瘤的三维数值模拟及血流动力学分析", "带子瘤颅内动脉瘤的壁面切应力分析", "颅内分叶状动脉瘤的血流动力学数值模拟分析", "基于影像特征的颅内动脉瘤三维血流动力学模型建立方法"], "学术ID": ["CN-BC743VTJ"]}