{"机构": "舟山市普陀区中医院", "访问量": "273", "被引量": "134", "成果数": "75", "H_指数": "6", "G指数": "8", "期刊": "97.3%", "会议": "2.7%", "专著": "0%", "其他": "0%", "合作学者": {"姜林": "青岛市农业科学研究院", "刘方新": "青岛市农业科学研究院", "王正欣": "青岛市农业科学研究院", "张翠玲": "青岛市农业科学研究院"}, "合作机构": {"青岛市农业科学研究院": "237", "青岛市农业科学研究所": "5", "青岛国际种苗有限公司": "4", "山东省平度市云山镇林果站": "1", "山东省青岛市农业科学研究所": "1", "温州医学院附属第三医院": "1", "山东省青岛市农业科学研究院": "1", "舟山市普陀区中医院": "1"}, "文章title": ["不同砧木对甜樱桃幼树生长结果的影响", "乌克兰早熟甜樱桃品种维卡", "桃树不同整形方式对苗木类型的需求研究", "播种密度对桃树苗木生长量的影响", "晚熟甜樱桃品种‘宾库’的引种表现", "中国樱桃新品种‘中樱圆黄’的选育", "甜樱桃砧木的利用与发展建议", "播种深度对桃树出苗率的影响", "中国桃的育苗企业及发展建议", "不同嫁接高度和嫁接时期对桃树苗木生长的影响", "我国桃砧木的应用现状与发展建议", "苹果半矮化砧木新品种青矮2号", "不同疏花量对甜樱桃果实性状及产量的影响", "桃树育苗的施肥试验", "北方桃树栽植及管理技术", "矮化甜樱桃的树形比较试验简报", "早熟甜樱桃品种桑提娜", "A New Apple Dwarfing Rootstock Cultivar‘Qing’ai 1’", "A New Apple Semi-dwarfing Rootstock Cultivar ‘Qing Ai 3’", "苹果矮砧青矮1、2、3号的苗期形态特征及综合评价"]}