{"机构": "大连理工大学自动化系", "访问量": "305", "被引量": "162", "成果数": "6", "H_指数": "4", "G指数": "0", "期刊": "33.3%", "会议": "50%", "专著": "0%", "其他": "16.7%", "合作学者": {"张志君": "大连理工大学自动化系"}, "合作机构": {"大连理工大学自动化系": "1"}, "文章title": ["Predictive Control Based on Neural Networks of The Chemical Process", "Predictive Control Based on Neural Networks of The Chemical Process", "Design of multivariable self-organizing fuzzy decoupling controller based on neural-network", "基于神经网络的广义预测控制及在化学反应器中应用", "基于Internet的控制系统远程监控方案及实例", "Internet技术与控制系统的集成"], "学术ID": ["CN-BU75AGNJ"]}