{"机构": "山东中医药大学附属医院", "访问量": "474", "被引量": "507", "成果数": "102", "H_指数": "10", "G指数": "19", "期刊": "57.8%", "会议": "34.3%", "专著": "2%", "其他": "5.9%", "合作学者": {"赵跃进": "北京理工大学信息科学技术学院", "董立泉": "北京理工大学光电学院", "刘小华": "北京理工大学光电工程系", "张大成": "北京大学微电子学研究所"}, "合作机构": {"北京理工大学信息科学技术学院": "53", "北京大学微电子学研究所": "43", "北京理工大学光电学院": "35", "北京理工大学光电工程系": "30", "北京大学微电子学研究院微米纳米加工技术国家级重点实验室": "17", "鲁东大学数学与信息学院": "15", "北京大学": "14", "中国科学院西安光学精密机械研究所": "9", "中国航空无线电电子研究所": "8", "山东中医药大学附属医院": "8"}, "文章title": ["Biochemical Sensors Based on Piezoresistive Microcantilevers", "Metamaterial-integrated Non-electric Focal Plane Array for Real-time Terahertz Imaging", "Photomechanical meta-molecule array for real-time terahertz imaging", "电容式非制冷红外探测器的设计与热力学特性分析", "Reflective gradient metasurfaces for polarization-independent light focusing at normal or oblique incidence", "Diode-based microbolometer performance enhanced by a broadband metamaterial absorber", "Optical readout method based on time-discrete modulation for micro-cantilever array sensing", "Windowed XOR photography for optical readout cantilever FPA imaging", "Enhanced THz-to-IR emission from gas-surrounded metallic nanostructures by femtosecond laser irradiation", "A reflective mirror microcantilevers-based biosensor for biochemical detection", "Study on the MWIR imaging ability of optical readout bimaterial microcantilever FPA uncooled infrared imaging system", "Trace level detections of abrin with high SNR piezoresistive cantilever biosensor", "Influence of ground plane with variable conductivity on metamaterial absorption", "All-optical background subtraction readout method for bimaterial cantilever array sensing", "High-speed infrared imaging by an uncooled optomechanical focal plane array", "Performance enhancement of uncooled infrared focal plane array by integratingmetamaterial absorber", "Image quality improvement by the structured light illumination method in an optical readout cantilever array infrared imaging system", "PERFORMANCE ENHANCEMENT OF BIMATERIAL CANTILEVER FOCAL PLANEARRAY BY METAMATERIAL ABSORBER", "DESIGN AND FABRICATION OF A SANDWICH FRAMED FOCAL PLANE ARRAYFOR UNCOOLED INFRARED IMAGING"], "学术ID": ["CN-BV75GLHJ"]}