{"机构": "南京水利科学研究院", "访问量": "386", "被引量": "241", "成果数": "4", "H_指数": "2", "G指数": "0", "期刊": "50%", "会议": "50%", "专著": "0%", "其他": "0%", "合作学者": {"高俊合": "深圳市市政工程总公司", "赵维炳": "南京水利科学研究院", "唐华": "深圳市市政工程总公司"}, "合作机构": {"深圳市市政工程总公司": "4", "南京水利科学研究院": "2"}, "文章title": ["地铁迷流腐蚀及其防护技术", "土与混凝土接触面特性的大型单剪试验研究及数值模拟", "深基坑开挖有限元分析的若干问题研究", "环形圈梁-排桩深基坑支护技术"], "学术ID": ["CN-B874W3GJ"]}