{"机构": "军事医学科学院毒物药物研究所", "访问量": "3710", "被引量": "3507", "成果数": "318", "H_指数": "30", "G指数": "49", "期刊": "84.3%", "会议": "11.6%", "专著": "0.3%", "其他": "3.8%", "合作学者": {"刘士远": "第二军医大学附属长征医院", "肖湘生": "第二军医大学附属长征医院", "李惠民": "第二军医大学附属长征医院", "范丽": "第二军医大学附属长征医院"}, "合作机构": {"第二军医大学附属长征医院": "599", "黑龙江省医院": "65", "第二军医大学长征医院": "45", "山东省医学影像学研究所": "38", "第四军医大学西京医院": "13", "南京医科大学第一附属医院": "10", "上海长征医院": "10", "上海第二军医大学附属长征医院": "9", "上海交通大学附属胸科医院": "9", "军事医学科学院毒物药物研究所": "8"}, "文章title": ["New formula for predicting standard liver volume in Chinese adults", "PET/CT在小细胞肺癌分期与治疗中的价值", "小细胞肺癌影像表现及治疗进展", "串珠征在周围型小细胞肺癌中的诊断价值", "Diagnostic and Prognostic Value of Serum Angiopoietin-Like Protein 2 in Patients with Non-Small Cell Lung Cancer", "Clinicopathological features, diagnoses and treatments of 6 458 lung cancer patients", "Antiviral effects of IFIT1 in human cytomegalovirus-infected fetal astrocytes", "A non‐invasive magnetic resonance imaging‐based model predicts portal venous pressure", "薄层CT对具有COPD高危因素肺功能正常者的肺实质形态及量化评估", ">5mm肺部纯磨玻璃结节的MDCT表现与病理对照研究", "纯磨玻璃密度结节肺腺癌的CT三维定量分析", "CT 灌注成像参数评估孤立性肺结节的诊断价值--Meta 分析", "改变扫描野及矩阵对肺结节CT图像质量影响的体模研究", "CT图像纹理特征分析对肺部纯磨玻璃结节侵袭性的诊断价值", "Methods for preparation of human hair-follicle derived multipotent adult stem cells", "Photoluminescence properties of Tb3+ and Ce3+ co-doped Sr2MgSi2O7 phosphors for solid-state lighting", "Green synthesis of highly reduced graphene oxide by compressed hydrogen gas towards energy storage devices", "以粟粒样结节为主要表现的肺结节病和肺结核的 CT鉴别诊断", "CTA对慢性阻塞性肺疾病支气管动脉形态学变化的研究", "Prognostic Value of Tissue Inhibitor of Metalloproteinase-2 Expression in Patients with Non–Small Cell Lung Cancer: A Systematic Review and Meta-Analysis"], "学术ID": ["CN-BK75GX4J"]}