{"机构": "辽宁省瓦房店市中心医院", "访问量": "139", "被引量": "71", "成果数": "21", "H_指数": "5", "G指数": "8", "期刊": "81%", "会议": "0%", "专著": "0%", "其他": "19%", "合作学者": {"薛杭": "中国医科大学附属盛京医院", "赵平": "中国医科大学第二临床学院麻醉科", "龙波": "中国医科大学附属盛京医院", "柴军": "中国医科大学附属盛京医院"}, "合作机构": {"中国医科大学附属盛京医院": "16", "中国医科大学第二临床学院麻醉科": "5", "北京市朝阳区疾病预防控制中心": "1", "辽宁省瓦房店市中心医院": "1"}, "文章title": ["右美托咪定滴鼻用于小儿术前镇静的效果观察", "右美托咪定滴鼻在小儿麻醉中的应用进展", "Isoflurane postconditioning induces concentration- and timing-dependent neuroprotection partly mediated by the GluR2 AMPA receptor in neonatal rats after brain hypoxia-ischemia.", "异氟醚后处理对缺血缺氧性脑损伤新生大鼠远期认知功能的影响", "异丙酚对小儿七氟醚全麻苏醒期躁动的预防作用", "异氟醚后处理对缺血缺氧性脑损伤新生大鼠的长期脑保护作用及机制探讨", "咪达唑仑滴鼻用于小儿术前药的效果观察", "小儿全身麻醉苏醒期躁动的研究进展", "Effects of isoflurane postconditioning on mitochondrial permeability transition pore in brain tissues of neonatal rats with hypoxic-ischemic brain injury", "Effects of isoflurane postconditioning on long-term cognitive function of neonatal rats with hypoxic-ischemic brain injury", "Isoflurane postconditioning improved long-term neurological outcome possibly via inhibiting the mitochondrial permeability transition pore in neonatal rats after brain hypoxia-ischemia", "异氟醚后处理降低新生大鼠缺血缺氧后脑损伤的机制研究", "咪达唑仑滴鼻对小儿七氟醚麻醉苏醒期躁动的预防作用", "右美托咪定用于预防小儿全麻苏醒期躁动的应用进展", "右美托咪定滴鼻对小儿七氟醚麻醉围术期的镇静作用", "右美托咪定滴鼻对小儿苏醒期躁动的预防作用", "不同时机吸入异氟醚对新生大鼠缺氧缺血性脑损伤的影响", "Effects of inhalation of isoflurane at different time points on hypoxic-ischemic brain injury in neonatal rats", "感染性心内膜炎误诊1例", "卵巢癌病发小脑变性误诊1例分析"], "学术ID": ["CN-BG74XKCJ"]}