{"机构": "宁波市鄞州人民医院", "访问量": "4077", "被引量": "2944", "成果数": "185", "H_指数": "31", "G指数": "49", "期刊": "86.5%", "会议": "7.6%", "专著": "0.5%", "其他": "5.4%", "合作学者": {"马小军": "中国科学院大连化学物理研究所", "刘袖洞": "中国科学院大连化学物理研究所", "王为": "第四军医大学口腔医学院", "谢红国": "中国科学院大连化学物理研究所生物医学材料工程组"}, "合作机构": {"中国科学院大连化学物理研究所": "348", "中国科学院大连化学物理研究所生物医学材料工程组": "86", "中国科学院研究生院": "68", "第四军医大学口腔医学院": "59", "北京大学第一医院": "41", "北京中医药大学": "22", "大连大学环境与化学工程学院": "21", "昆明医学院第二附属医院": "20", "西北大学化工学院": "14", "宁波市鄞州人民医院": "11"}, "文章title": ["An improved pH-responsive carrier based on EDTA-Ca-Alginate for oral delivery of Lactobacillus rhamnosus", "Fabrication of stable galactosylated alginate microcapsules via covalent coupling onto hydroxyl groups for hepatocytes applications", "海藻酸盐基微囊膜的物质传递性能", "A self-healing hydrogel formation strategy via exploiting endothermic interactions between polyelectrolytes", "Fabrication of a tunable hydrogel membrane for constructing indirect cell coculture system", "An improved model for exploring the effect of physicochemical properties of alginate-based microcapsules on their fibrosis formation in vivo", "Insight of In Vitro Small-Interfering RNA Release From Chitosan Nanoparticles Under Enzymolysis With Förster Resonance Energy Transfer Analysis", "海藻酸钠纳米粒制备的研究进展?", "基于海藻酸钠羟基改性的MPEG原位共价修饰微胶囊及抗蛋白性能", "A crucial role for spatial distribution in bacterial quorum sensing:", "Alginate-based microcapsules with galactosylated chitosan internal for primary hepatocyte applications", "Comparative investigation of the binding characteristics of poly-L-lysine and chitosan on alginate hydrogel", "In situ grafting MPEG on the surface of cell-loaded microcapsules for protein repellency", "The cause and influence of sequentially assembling higher and lower deacetylated chitosans on the membrane formation of microcapsule", "Microfabrication of a tunable collagen/alginate-chitosan hydrogel membrane for controlling cell-cell interactions", "Culture of low density E. coli cells in alginate-chitosan microcapsules facilitates stress resistance by up-regulating luxS/AI-2 system.", "胶原/海藻酸钙互穿网络水凝胶的构建及其对细胞行为的影响", "Tuning the formation and stability of microcapsules by environmental conditions and chitosan structure", "壳聚糖/siRNA纳米粒的制备与性能研究", "Growth and production of microencapsulated recombinant CHO in a stirred tank bioreactor"], "学术ID": ["CN-BH74V64J"]}