{"机构": "西安理工大学水利水电学院", "访问量": "1157", "被引量": "596", "成果数": "90", "H_指数": "12", "G指数": "20", "期刊": "73.3%", "会议": "16.7%", "专著": "4.4%", "其他": "5.6%", "合作学者": {"焦建彬": "哈尔滨工业大学现代生产技术中心", "高国安": "哈尔滨工业大学现代生产技术中心", "叶齐祥": "中国科学院研究生院", "孔振宇": "哈尔滨工业大学"}, "合作机构": {"哈尔滨工业大学现代生产技术中心": "31", "哈尔滨工业大学": "21", "中国科学院研究生院": "19", "哈尔滨工业大学机电工程学院": "4", "中国科学院植物研究所植被数量生态学开放研究实验室": "2", "宁夏银川市妇幼保健院": "2", "佳木斯大学生命科学学院": "2", "中国科学院研究生院工程教育学院": "2", "中国科学院空间科学与应用研究中心": "1", "西安理工大学水利水电学院": "1"}, "文章title": ["An optimal approach for the critical node problem using semidefinite programming", "Variable selection using Mean Decrease Accuracy and Mean Decrease Gini based on Random Forest", "不确定条件下的山西省水资源调度规划研究", "有限资源下最大可靠性网络流中断模型", "深度学习中先验知识的应用", "The node importance in actual complex networks based on a multi-attribute ranking method", "山西大水网工程的网络拓扑性能分析", "基于社会力的应急疏散仿真模型应用研究", "Research on evacuation in the subway station in China based on the Combined Social Force Model", "Link Prediction Based on Sequential Bayesian Updating in a Terrorist Network", "A Novel Method of Centrality in Terrorist Network", "Study on Real-Time Vehicle Scheduling Problem to Rescue Victims in Chemical and Biological Terrorist Attacks", "Link Prediction Based on Sequential Bayesian Updating in a Terrorist Network", "Study on Real-Time Vehicle Scheduling Problem to Rescue Victims in Chemical and Biological Terrorist Attacks", "Evaluate the node importance for water network based on complex network theory", "The research of Bayesian method from small sample of high-dimensional dataset in poison identification", "Poison Identification Based on Bayesian Network: A Novel Improvement on K2 Algorithm via Markov Blanket", "Poison Identification Based on Bayesian Network: A Novel Improvement on K2 Algorithm via Markov Blanket", "Poison Identification Based on Bayesian Network: A Novel Improvement on K2 Algorithm via Markov Blanket", "Medical Treatment Capability Analysis using Queuing Theory in a Biochemical Terrorist Attack"], "学术ID": ["CN-B975AVDJ"]}