{"机构": "天津市人工细胞重点实验室", "访问量": "505", "被引量": "343", "成果数": "66", "H_指数": "9", "G指数": "16", "期刊": "89.4%", "会议": "10.6%", "专著": "0%", "其他": "0%", "合作学者": {"杜智": "天津市第三中心医院", "李彤": "天津市第三中心医院", "方淑昌": "天津市第三中心医院", "朱争艳": "天津市第三中心医院"}, "合作机构": {"天津市第三中心医院": "139", "南开大学高分子化学研究所": "8", "第四军医大学西京医院": "8", "天津社会科学院马克思主义研究所": "7", "北京医科大学药学院物理药学研究室": "6", "天津市第一中心医院": "4", "南开大学分子生物学研究所": "4", "首都医科大学附属北京友谊医院": "3", "天津复印技术研究所": "3", "天津市人工细胞重点实验室": "3"}, "文章title": ["HPLC法测定维生素A在健康受试者及肝硬化患者体内的血药浓度", "姜黄素固体脂质纳米粒干粉吸入剂的制备工艺研究", "植物多糖在皮肤伤口愈合中作用的实验研究现状", "三种温控脱细胞载体的制备与性能评估", "用于体外循环管材的新型醛基化海藻酸钠-地塞米松缓释涂层研究", "Preparation of sustained-release composite coating formed by dexamethasone and oxidated sodium alginate", "Reconstruction of orbital defects by implantation of antigen-free bovine cancellous bone scaffold combined with bone marrow mesenchymal stem cells in rats", "聚酸酐-全反式维甲酸长效缓释剂制备及体内外释药", "长效植入剂对膀胱肿瘤动物模型的抑制作用", "新型多醛基海藻酸钠-肝素复合涂层的制备和筛选", "醛基化海藻多糖复合材料作为人工肝载体的可行性", "医用聚碳酸酯的涂层修饰及生物相容性研究", "[Long-term anti-cancer implants inhibiting the activity of tumor growth in animal models].", "体外循环聚氯乙烯管路地塞米松涂层的性能", "长效抗癌植入剂抑制动物模型肿瘤生长活性研究", "氧化海藻酸钠应用于体外循环管路", "新型醛基化海藻酸钠-肝素复合涂层的制备及性能评价", "Sodium alginate/heparin composites on PVC surfaces inhibit the thrombosis and platelet adhesion: applications in cardiac surgery.", "新型醛基化海藻酸钠抗凝血涂层物制备及性能评价", "生物医学材料肝素涂层技术的应用及进展"], "学术ID": ["CN-BV75GRIJ"]}