{"机构": "首都医科大学附属北京妇产医院", "访问量": "1863", "被引量": "1326", "成果数": "61", "H_指数": "21", "G指数": "35", "期刊": "82%", "会议": "18%", "专著": "0%", "其他": "0%", "合作学者": {"陶忠": "福州大学土木建筑工程学院", "高献": "福州大学土木建筑工程学院", "韩林海": "福州大学土木建筑工程学院", "吴颖星": "福州大学土木工程学院"}, "合作机构": {"福州大学土木建筑工程学院": "57", "福州大学土木工程学院": "9", "上海交通大学医学院附属瑞金医院": "6", "深圳市市政设计研究院有限公司": "6", "福建工程学院土木工程学院": "4", "上海第二医科大学附属瑞金医院": "4", "兰州理工大学土木工程学院": "3", "香港理工大学": "3", "天津医科大学总医院": "2", "首都医科大学附属北京妇产医院": "1"}, "文章title": ["Axial compressive behaviour of concrete-filled double-tube stub columns with stiffeners", "Compressive behaviour of CFRP-confined rectangular concrete columns", "Behaviour of CFRP externally-reinforced circular CFST members under combined tension and bending", "Arsenic trioxide and bortezomib interact synergistically to induce apoptosis in chronic myelogenous leukemia cells resistant to imatinib mesylate through Bcr/Abl-dependent mechanisms", "[Clinical features and prognostic analysis of 75 primary myelofibrosis patients]", "Effect of preload on the axial capacity of CFST reinforced concrete columns", "初应力对钢管混凝土叠合柱轴压性能影响", "高层钢管混凝土框架-RC核心筒结构的弹塑性时程分析", "高层钢管混凝土框架-混凝土核心筒混合结构的竖向变形差分析", "Finite element modelling of concrete-filled steel stub columns under axial compression", "混凝土浇筑过程中方钢管柱的力学性能", "Residual bond strength in steel reinforced concrete columns after fire exposure", "Analysis and calculations of steel tube confined concrete (STCC) stub columns", "地下工程中钢管混凝土柱的抗火计算与实践", "地下工程中钢管混凝土柱-RC梁节点选型及力学性能研究", "钢管高性能混凝土偏心受压构件力学性能研究", "钢管混凝土框架中的空钢管施工受力分析", "Experimental behaviour of high performance concrete-filled steel tubular columns", "钢管约束混凝土纯弯构件抗弯力学性能研究", "FLEXURAL BEHAVIOR OF STEEL TUBE CONFINED CONCRETE MEMBERS UNDER PURE BENDING"], "学术ID": ["CN-BT75DF5J"]}