{"机构": "杭州市滨江区人民检察院", "访问量": "115", "被引量": "94", "成果数": "16", "H_指数": "6", "G指数": "9", "期刊": "81.3%", "会议": "12.5%", "专著": "0%", "其他": "6.2%", "合作学者": {"陈丽娜": "广东省中医院", "高维滨": "黑龙江中医药大学附属第二医院", "徐琳峰": "杭州市第一人民医院", "纵亚": "杭州市第一人民医院"}, "合作机构": {"杭州市第一人民医院": "20", "广东省中医院": "9", "黑龙江中医药大学附属第二医院": "5", "浙江大学医学院附属儿童医院": "2", "杭州市滨江区人民检察院": "1"}, "文章title": ["穴位埋线治疗单纯性肥胖的研究现状", "针刺项颈部腧穴和头穴丛刺长留针法治疗血管性痴呆的临床对照", "电项针和头穴丛刺长留针法治疗血管性痴呆的疗效观察", "头穴丛刺长留针法治疗血管性痴呆的临床观察", "穴位埋线疗法治疗单纯性肥胖研究进展", "头穴丛刺长留针法治疗血管性痴呆的临床对照", "运动训练对血管性痴呆大鼠学习记忆能力及大脑皮质区生长相关蛋白-43表达的影响", "运动训练对血管性痴呆大鼠学习记忆能力及海马GAP-43表达的影响", "电针次髎、中髎穴配合超短波治疗前列腺增生致尿潴留的临床观察", "康复训练对血管性痴呆大鼠学习记忆能力及海马区神经细胞黏附因子表达的影响", "电针次髎、中髎穴配合超短波治疗前列腺增生致尿潴留", "电针次髎和会阳穴结合感应电治疗前列腺增生尿潴留疗效观察", "神经肌肉电刺激治疗脑卒中后痉挛型构音障碍疗效观察", "神经肌肉电刺激治疗脑卒中后痉挛型构音障碍疗效观察", "针刺次髎、中髎穴治疗前列腺增生尿潴留的疗效观察", "电针治疗前列腺增生症的临床疗效观察"]}