{"机构": "北京工业大学建筑与城市规划学院", "访问量": "160", "被引量": "45", "成果数": "28", "H_指数": "3", "G指数": "4", "期刊": "96.4%", "会议": "3.6%", "专著": "0%", "其他": "0%", "合作学者": {"刘梅": "北京工业大学建筑与城市规划学院"}, "合作机构": {"北京工业大学建筑与城市规划学院": "2"}, "文章title": ["我国商务经济型主题酒店室内空间设计中的问题及对策研究", "北京市历史街区咖啡厅设计研究", "大型购物中心内部共享空间设计原则", "中国青年旅舍设计现状及趋势", "建筑入口的意境设计研究", "中国传统园林在现代住宅小区景观中的传承与发展--以北京顺义万科四季花城为例", "浅析商业综合体购物空间性别差异化设计原则", "小议品牌服装专卖店店面形象设计", "高速铁路车站区域景观设计研究", "现代园林景观中亭宇设计的发展", "建筑与时装的共通关系刍议", "浅谈室内设计融合室外空间的趋向", "现代封闭型专卖店室内空间视觉环境设计简析", "浅析汽车专卖店室内空间设计", "我国汽车专卖店室内空间设计初探", "大学校园广场空间景观环境设计初探", "中国园林石景与西方园林雕塑的文化身世及交融发展", "建筑室外环境景观人性化设计初探", "城市广场设计之艺术初探", "现代室内办公空间的人性化设计"], "学术ID": ["CN-B574CGDJ"]}