{"机构": "山东师范大学文学院", "访问量": "104", "被引量": "63", "成果数": "14", "H_指数": "5", "G指数": "7", "期刊": "85.7%", "会议": "14.3%", "专著": "0%", "其他": "0%", "合作学者": {"李大可": "山东师范大学文学院"}, "合作机构": {"山东师范大学文学院": "4"}, "文章title": ["幻灯片事件的诠释与翻译", "毛泽东《在延安文艺座谈会上的讲话》在1980年代韩国的译介", "与莫言获诺贝尔文学奖相关的几个问题", "文学与电影的互文性:《活着》和《红高粱》的电影改编", "对文学和电影的相互性：《活着》和《红高粱》的电影化考察", "韩中文学相遇的意义所在——第一届韩中作家论坛主题演讲稿", "《废都》分析与阐释", "从新阐释的观点看新潮文学", "文字文化和视觉文化：文化研究的鲁迅观一考察", "东亚现代的苦恼:同鲁迅的设想对话", "从东亚的角度看三篇《故乡》:契里珂夫,鲁迅,玄镇健", "中国的比较文学研究与东亚视角", "从东亚的角度看三篇《故乡》:契里珂夫·鲁迅·玄镇健", "“二十世纪中国文学论”批判"], "学术ID": ["CN-BL74SUNJ"]}