{"机构": "暨南大学光电工程研究所", "访问量": "2826", "被引量": "2054", "成果数": "138", "H_指数": "20", "G指数": "43", "期刊": "65.9%", "会议": "24.6%", "专著": "7.2%", "其他": "2.3%", "合作学者": {"丁永生": "东华大学信息科学与技术学院", "张向锋": "东华大学信息科学与技术学院", "郝矿荣": "数字化纺织服装技术教育部工程研究中心", "皋磊": "东华大学信息科学与技术学院"}, "合作机构": {"东华大学信息科学与技术学院": "211", "数字化纺织服装技术教育部工程研究中心": "22", "安徽师范大学数学计算机科学学院": "3", "山东师范大学": "2", "美国得克萨斯大学医学院": "2", "清华大学计算机科学与技术系": "1", "滁州学院计算机科学与技术系": "1", "清华大学计算机系": "1", "清华大学计算机系智能技术与系统国家重点实验室": "1", "暨南大学光电工程研究所": "1"}, "文章title": ["A prediction method using extreme learning machine with immune optimization", "A weighted Gaussian process regression for multivariate modelling", "Multi-model multivariate Gaussian process modelling with correlated noises", "An Intelligent Modeling Approach for LPV Systems based on Primary-secondary Response Mechanism of Immune System", "A weighted heteroscedastic Gaussian Process Modelling via particle swarm optimization", "Degeneration Recognizing Clonal Selection Algorithm for Multimodal Optimization", "A weighted heteroscedastic Gaussian process modeling via particle swarm optimization", "Nonlinear System Identification with Unknown Piecewise Time-Varying Delay", "An Immune System-Inspired Reconfigurable Controller", "An immune system-inspired rescheduling algorithm for workflow in Cloud systems", "Immune-inspired self-adaptive collaborative control allocation for multi-level stretching processes.", "An Endocrine System Inspired Behavior Selecting Algorithm for Moving Robot System.", "A dynamic SVR–ARMA model with improved fruit fly algorithm for the nonlinear fiber stretching process", "The Intrusion Detection Model of Multi-dimension Data Based on Artificial Immune System", "A NEW MUTUAL-COUPLED IMMUNE NETWORK BASED PEER TO PEER NETWORK MODEL WITH BALANCED TREE STRUCTURE", "Data-Driven Neuroendocrine Ultrashort Feedback-Based Cooperative Control System", "A multi-model identification method for the stretching process based on the EM algorithm"], "学术ID": ["CN-BQ735QEJ"]}