{"机构": "福州大学材料科学与工程学院", "访问量": "760", "被引量": "448", "成果数": "62", "H_指数": "11", "G指数": "19", "期刊": "95.2%", "会议": "4.8%", "专著": "0%", "其他": "0%", "合作学者": {"刘丽": "西南石油大学材料科学与工程学院", "刘道新": "西北工业大学腐蚀与防护研究室", "李铁虎": "西北工业大学材料科学与工程学院", "白真权": "中国石油天然气集团公司"}, "合作机构": {"西南石油大学材料科学与工程学院": "40", "中国石油天然气集团公司": "13", "西北工业大学腐蚀与防护研究室": "12", "西北工业大学材料科学与工程学院": "11", "西南石油学院": "8", "西北工业大学材料学院": "7", "西南石油大学石油工程学院": "7", "中国石油集团工程设计有限责任公司": "6", "新疆油田公司": "4", "福州大学材料科学与工程学院": "2"}, "文章title": ["新型铝合金化学抛光工艺研究", "油气管材应力诱导腐蚀电化学行为探讨", "O_2对CO_2环境中P110钢应力腐蚀开裂的影响", "激光表面处理技术在石油工业中的应用现状与发展趋势", "Effect of SO42- and HCO3- to the Electrochemical Protection of FeS1-x Scale to P110 Steel", "不同因素对X52管线钢氢渗透行为的影响", "Electrochemical behavior of tensile stressed P110 steel in CO2 environment", "Electrochemical Investigation on Crevice Corrosion of P110 Steel by Using One-Dimensional Array Electrode", "Physicochemical performance of FeCO3 films influenced by anions", "Two-metal corrosion of casing pipe joint in CO2-H2S environments", "金属氢损伤测试方法分析", "含CO2和H2S地层水中17-4不锈钢与C110钢间的电偶腐蚀", "油井结垢规律及其控制措施", "乙二醇对天然气脱水装置的腐蚀研究现状分析", "超声波对铝合金表面化学镀Ni-Cu-P层性能的影响", "316L不锈钢在溶有不同气体NaCl溶液中的点蚀敏感性", "材料类本科毕业设计（论文）质量提升策略探析", "提高理论课程中工程应用能力的教学模式实践", "L360钢在含H_2S/CO_2溶液中的腐蚀失效形式研究", "以人为本促进地方高校青年教师成长"]}