{"机构": "四川师范大学计算机科学学院", "访问量": "1330", "被引量": "695", "成果数": "152", "H_指数": "13", "G指数": "19", "期刊": "91.4%", "会议": "7.9%", "专著": "0%", "其他": "0.7%", "合作学者": {"黄萍": "湖北民族学院文学院", "娄珀瑜": "四川师范大学化学与材料科学学院", "贾飞云": "川北医学院化学教研室", "刘信平": "湖北民族学院化学与环境工程学院"}, "合作机构": {"四川师范大学化学与材料科学学院": "61", "川北医学院化学教研室": "28", "湖北民族学院文学院": "23", "四川大学原子与分子物理研究所": "19", "四川师范大学化学学院": "18", "中国工程物理研究院": "12", "湖北民族学院化学与环境工程学院": "9", "集美大学体育学院": "8", "河南农业职业学院": "6", "四川师范大学计算机科学学院": "5"}, "文章title": ["几种香豆素衍生物核磁共振谱的理论研究（英文）", "铝热反应实验的微量化设计", "关于键解离能、键能、反应焓变的探讨", "仿真交互式课件在小学科学中的运用初探 ——以教科版《种子发芽实验》为例", "基于信息技术创设情境的“离子”教学探究", "基于计算化学的探究式共价键教学设计", "情境相似性原理在中学化学实验教学中的应用研究", "N2HF体系的结构与势能函数", "7-羟基香豆素红外光谱的密度泛函理论研究", "TPACK视野下“整合技术的化学教学知识”的案例研究——以“氨”为例", "Theoretical study on the influence of different para-substituents on 13C NMR of the single carbonyl curcumin analogues", "化学仿真实验平台在高师中学化学教法实验中的应用", "化学反应速率微观模型的创建探究", "四种对位取代姜黄素类似物荧光光谱的理论研究", "4种对位取代姜黄素类似物核磁共振谱的理论研究", "以化学学科思想方法为统领的课堂教学模式探讨", "基于化学仿真实验平台的师范生微格训练新方法研究", "利用基于交互技术的学习活动突破共价键教学难点", "Theoretical Study on Fluorescence Spectra of Four Kinds of p-Substituted Curcumin Analogues", "[Theoretical study on nuclear magnetic resonance spectra of the four kinds of curcumin analogues]"], "学术ID": ["CN-BP74OKTJ"]}