{"机构": "中山大学附属第一医院", "访问量": "929", "被引量": "550", "成果数": "43", "H_指数": "12", "G指数": "22", "期刊": "97.7%", "会议": "2.3%", "专著": "0%", "其他": "0%", "合作学者": {"邹全明": "第三军医大学医学检验系临床微生物学及免疫学教研室", "王缚鲲": "解放军白求恩国际和平医院", "肖正华": "第三军医大学医学检验系分析化学教研室", "彭承琳": "重庆大学生物工程学院"}, "合作机构": {"第三军医大学医学检验系临床微生物学及免疫学教研室": "22", "第三军医大学医学检验系分析化学教研室": "22", "解放军白求恩国际和平医院": "12", "重庆大学化学化工学院": "9", "重庆大学生物工程学院": "8", "第三军医大学临床微生物学教研室": "7", "第三军医大学医学检验系": "6", "第三军医大学西南医院": "6", "第三军医大学临床微生物及免疫学教研室": "5", "中山大学附属第一医院": "4"}, "文章title": ["壳聚糖-海藻酸钠包裹幽门螺杆菌全菌蛋白微球疫苗制备工艺研究", "酮洛芬聚氰基丙烯酸正丁酯毫微粒制备工艺研究", "壳聚糖-海藻酸钠幽门螺杆菌全菌蛋白微球的制备及表征", "脲酶-FeO磁性纳米粒子的制备及表征", "脲酶-Fe3O4磁性纳米粒子的制备及表征", "青霉素酰化酶:固定化及其应用", "壳聚糖-海藻酸钠包裹Hp全菌蛋白微球剂的研制及其表征分析", "PELA-BSA 微球体外释药特性与释药方程", "对比归纳法在滴定分析教学中的应用", "浅谈高等医学院校的素质教育", "PELA-BSA微球体外释药的灰色数学模型与结果预测", "PELA疫苗微球载体的正交优化工艺研究", "Preparation of poly(D, L-lactide) and polyethylene glycol (PELA) microspheres loaded H. pylori lysates and induction of mucosal response in BALB/c mice by oral immunization", "PELA microspheres loaded H.pylori lysates and their mucosal immune response", "Ren, J. M. et al. PELA microspheres loaded H. pylori lysates and their mucosal immune response. World J. Gastroenterol. 8, 1098-1102", "磁共振单克隆抗体免疫靶向对比剂McAb-PMP的制备", "PELA幽门螺杆菌口服疫苗微球黏膜免疫研究", "口服聚乙二醇改性聚乳酸靶向分布实验", "磁共振单克隆抗体免疫靶向对比剂McAb—DMP的制备", "聚乳酸及聚乙二醇改性聚乳酸体外降解研究"], "学术ID": ["CN-BS74BTMJ"]}