{"机构": "天津医科大学总医院", "访问量": "1249", "被引量": "973", "成果数": "68", "H_指数": "18", "G指数": "30", "期刊": "80.9%", "会议": "8.8%", "专著": "1.5%", "其他": "8.8%", "合作学者": {"汤井田": "中南大学信息物理工程学院", "肖晓": "中南大学地球科学与信息物理学院", "化希瑞": "中南大学信息物理工程学院", "张林成": "中南大学地球科学与信息物理学院"}, "合作机构": {"中南大学信息物理工程学院": "73", "中南大学地球科学与信息物理学院": "36", "长沙航空职业技术学院": "3", "中国传媒大学": "3", "中南大学有色金属成矿预测教育部重点实验室": "2", "中铁第四勘察设计院集团有限公司": "2", "中南大学地球科学与信息物理学院地球物理系": "2", "中国科学院计算技术研究所": "1", "北京市垂杨柳医院": "1", "天津医科大学总医院": "1"}, "文章title": ["Three-dimensional forward modleing of the CSEM problem based on the integral equation method with an unstrucutred grid", "Exact solutions of the vertical gravitational anomaly for a polyhedral prism with vertical polynomial density contrast of arbitrary orders", "Localization of Multiple Underwater Objects With Gravity Field and Gravity Gradient Tensor", "Gravity Gradient Tensor of Arbitrary 3D Polyhedral Bodies with up to Third-Order Polynomial Horizontal and Vertical Mass Contrasts", "A volume-surface integral approach for direct current resistivity problems with topography", "Accurate volume integral solutions of direct current resistivity potentials for inhomogeneous conductivities in half space", "“以学生为中心”的专业英语课程研究——以“地球物理专业”为例", "复杂地下异常体的可控源电磁法积分方程正演", "庐枞矿集区矾山—将军庙地区AMT三维反演及地质结构解释", "10.1002@2017JB014048", "Closed-form formula of magnetic gradient tensor for a homogeneous polyhedral magnetic target: A tetrahedral grid example", "Forward modeling of 3D CSEM with the coupled finite-infinite element method based on the second field", "Closed-form formula for full magnetic gradient tensor of a homogeneous polyhedral body: a tetrahedral grid example", "Analytical Formulas for Underwater and Aerial Object Localization by Gravitational Field and Gravitational Gradient Tensor", "Fast 3-D large-scale gravity and magnetic modeling using unstructured grids and an adaptive multilevel fast multipole method", "3D direct current resistivity anisotropic modelling by goal-oriented adaptive finite element methods", "A new integral equation approach for 3D MT modeling", "安徽铜陵舒家店铜矿三维音频大地电磁探测研究", "基于MPI和OpenMP可控源电磁法三维有限元正演并行模拟", "Space-time array difference magnetotelluric method"], "学术ID": ["CN-BQ73Y2EJ"]}