{"机构": "中国药科大学药理学教研室", "访问量": "7108", "被引量": "3392", "成果数": "197", "H_指数": "33", "G指数": "47", "期刊": "79.7%", "会议": "18.3%", "专著": "0%", "其他": "2%", "合作学者": {"黄熙": "第四军医大学西京医院", "王杨": "中南大学湘雅医院", "王骊丽": "第四军医大学西京医院", "秦锋": "四川大学华西医院|中南大学湘雅医院"}, "合作机构": {"第四军医大学西京医院": "315", "中南大学湘雅医院": "89", "四川大学华西医院": "80", "中南大学临床药理研究所": "29", "第四军医大学唐都医院": "24", "武警青海总队医院": "18", "第四军医大学生理学教研室": "12", "解放军总医院": "11", "解放军第四五四医院": "7", "中国药科大学药理学教研室": "6"}, "文章title": ["Pharmacokinetic Study of 7 Compounds Following Oral Administration of Fructus Aurantii to Depressive Rats", "枳壳芍药及吸收成分辛弗林与芍药苷抗抑郁促动力的多靶点机制", "Danshen-Chuanxiong-Honghua Ameliorates Cerebral Impairment and Improves Spatial Cognitive Deficits after Transient Focal Ischemia and Identification of Active Compounds.", "疏肝-抗抑郁抗心肌缺血假说的提出与科学依据", "郁金枳壳汤治疗抑郁症功能性消化不良共病1例", "Zhigiaochuanxiong decoction for major depressive disorder complicated by functional dyspepsia: a case report with fast-acting efficacy", "TIPE2 acts as a negative regulator linking NOD2 and inflammatory responses in myocardial ischemia/reperfusion injury", "丹川红对小鼠局灶性脑缺血损伤的神经保护和抗凋亡作用", "复方枳壳川芎的快速抗抑郁促胃肠动力作用与两个海马吸收成分相关", "The effect of an early oral stimulation program on oral feeding of preterm infants", "The involvement of AMPA-ERK1/2-BDNF pathway in the mechanism of new antidepressant action of prokinetic meranzin hydrate.", "Determination of Anthraquinones in Craniocerebral Injuries Patient after Oral Administration of Rhubarb by UPLC Method60", "丹川红对高脂血症+抑郁症共病模型大鼠血浆TG/CHO及MDA/GSH/SOD水平的影响", "冠心Ⅱ号与丹川红对血脂影响", "丹川红及其吸收成分急性心脏保护的离体分子机制", "丹参类方及其吸收成分具有急性保护心脏的作用", "Comparison between the pharmacokinetics of meranzin hydrate in a rat model of chronic depression and in controls following the oral administration of Chaihu-Shugan-San", "方剂ABC:突破药学/D&R困窘", "Pharmacokinetic comparison of the vasorelaxant compound ferulic acid following the administration of Guanxin II to healthy volunteers and patients with angina pectoris.", "中西医结合诊疗全程的多维空间视图和分层网结构"], "学术ID": ["CN-B474WASJ"]}