{"机构": "潍坊医学院麻醉学系", "访问量": "1347", "被引量": "1643", "成果数": "115", "H_指数": "21", "G指数": "38", "期刊": "80%", "会议": "20%", "专著": "0%", "其他": "0%", "合作学者": {"姜培学": "热科学与动力工程教育部重点实验室清华大学热能工程系", "王补宣": "清华大学热能工程系", "王存诚": "清华大学热能工程系", "刘静": "中国科学院理化技术研究所"}, "合作机构": {"清华大学热能工程系": "91", "热科学与动力工程教育部重点实验室清华大学热能工程系": "79", "中国科学院理化技术研究所": "19", "清华大学": "9", "清华大学热能工程系热能动力工程与热科学重点实验室": "6", "华南理工大学电力学院": "4", "军械工程学院军械技术研究所": "4", "军械技术研究所": "3", "清华大学热能工程系(北京)": "3", "潍坊医学院麻醉学系": "2"}, "文章title": ["Fractionation of Maillard reaction products and evaluation of fractions in cigarette flavoring", "Turbulent convection mass transfer of water with internal mass sources", "孔隙及热流的非均匀性对发散冷却的影响", "NUMERICAL INVESTIGATION ON TRANSPIRATION COOLING BASED ON LOCAL THERMAL NON-EQUILIBRIUM MODEL", "基于局部非热平衡模型的发汗冷却过程的数值模拟", "基于局部非热平衡模型的发汗冷却过程的数值模拟", "竖直圆管中超临界压力CO2在低雷诺数下对流换热研究", "烧结多孔壁面发汗冷却换热的实验研究", "CONVECTION HEAT TRANSFER OF CO2燗T SUPERCRITICAL PRESSURES AND LOW REYNOLDS NUMBER IN A VERTICAL TUBE", "A New Method for Mining Association Rules from a Collection of XML Documents", "Experimental and numerical investigation of forced convection heat transfer of air in non-sintered porous media", "N_2O单组元微型推进器内参数敏感性的研究", "变物性与热辐射对发汗冷却过程的影响规律研究", "竖直圆管中超临界CO在低雷诺数下对流换热的实验研究与数值模拟", "微型电阻加热推进器内的传热问题", "Experimental research on convection heat transfer in sintered porous plate channels", "Boundary conditions and wall effect for forced convection heat transfer in sintered porous plate channels", "Experimental and numerical investigation of convection heat transfer in transpiration cooling", "基于低Re数二方程模型的发汗冷却问题的数值模拟"], "学术ID": ["CN-B074TPIJ"]}