{"机构": "兰州商学院法学院", "访问量": "97", "被引量": "27", "成果数": "12", "H_指数": "4", "G指数": "5", "期刊": "91.7%", "会议": "8.3%", "专著": "0%", "其他": "0%", "合作学者": {"江合宁": "兰州商学院法学院"}, "合作机构": {"兰州商学院法学院": "2"}, "文章title": ["轻商误国 重商兴邦——中国梦与兴商兴市", "商业信用原则在我国商法中的缺失及补正", "营生有道,理念为先——论商事企业的社会责任", "到哪里去寻找商法?——从分工、交换、商人阶级的进化过程进行观察分析", "重商主义与商法的情怀", "从法官穿法袍所引起的几点思考", "商业信用的经济和法律分析", "西部大开发中要着力营造好招标投标的法制环境", "商业信用的经济和法律分析", "对道德的经济分析", "论经济法的范畴", "关于货物买卖中所有权和风险转移问题"], "学术ID": ["CN-BT75BSLJ"]}