{"机构": "烟台大学光电信息科学技术学院", "访问量": "863", "被引量": "620", "成果数": "24", "H_指数": "6", "G指数": "0", "期刊": "83.3%", "会议": "12.5%", "专著": "0%", "其他": "4.2%", "合作学者": {"侯建群": "清华大学建筑设计研究院", "赵作周": "清华大学", "刘凤阁": "清华大学建筑设计研究院", "钱稼茹": "清华大学土木工程系"}, "合作机构": {"清华大学建筑设计研究院": "30", "清华大学土木工程系": "9", "清华大学": "7", "烟台大学土木工程学院": "3", "清华大学土建工程承包总公司": "2", "北京市市政工程研究院": "1", "烟台大学光电信息科学技术学院": "1"}, "文章title": ["上下层插筋连接预制混凝土空心模剪力墙有限元分析", "预制混凝土空心模剪力墙受弯性能试验研究", "FINITE ELEMENT ANALYSIS OF SHEAR WALLS WITH PRECAST CONCRETE HOLLOW MOULDS AND SPLICE REBAR CONNECTION BETWEEN THE UPPER AND LOWER FLOORS", "预制混凝土空心模剪力墙受剪性能有限元模拟", "装配式混凝土剪力墙结构水平缝抗剪机理及承载力计算方法综述", "Experimental study on seismic behavior of splice rebar connection between upper and lower floors of shear walls with precast concrete hollow moulds", "装配式混凝土剪力墙上下层钢筋间接搭接单向拉伸试验及有限元模拟", "预制混凝土空心模剪力墙上下层插筋连接抗震性能试验研究", "轻钢构架钢骨混凝土剪力墙抗震性能试验", "轻钢构架固模混凝土结构技术简介", "北京奥运会柔道、跆拳道馆的结构设计", "STRUCTURAL DESIGN OF JUDO AND TAE KWON DO GYMNASIUM FOR BEIJING OLYMPIC GAMES", "南极长城站现有建筑损伤特点及原因分析", "新型预应力空心板结构技术在奥运场馆中的应用", "新型预应力空心板结构技术在奥运场馆中的应用", "洛阳市综合体育馆屋面网壳结构计算和抗震分析", "钢结构住宅的经济分析", "钢框架-支撑体系多层学生公寓结构设计", "北京地区钢筋混凝土简支梁桥结构综合评估系统"], "学术ID": ["CN-BT75RTHJ"]}