{"机构": "黑龙江省大庆市第四医院", "访问量": "424", "被引量": "198", "成果数": "47", "H_指数": "8", "G指数": "13", "期刊": "91.5%", "会议": "8.5%", "专著": "0%", "其他": "0%", "合作学者": {"卢红": "第三军医大学新桥医院", "林桂兰": "第三军医大学新桥医院", "李宝荣": "山东省精神卫生中心", "张振美": "山东省立医院"}, "合作机构": {"第三军医大学新桥医院": "32", "山东省立医院": "10", "吉林大学第一医院": "4", "江西省九江市第一人民医院": "3", "第二炮兵总医院": "2", "山东省精神卫生中心": "2", "第三军医大学解剖学教研室": "2", "辽宁省铁岭市中心医院": "1", "山东大学": "1", "黑龙江省大庆市第四医院": "1"}, "文章title": ["延续护理用于脑卒中患者康复期护理中的临床效果", "不同护理模式对高血压患者安全用药依从性的影响", "针对性护理在慢性胃溃疡患者护理中的效果观察", "ATF4 and N-Myc coordinate glutamine metabolism in MYCN-amplified neuroblastoma cells through ASCT2 activation", "改良后留置气泡技术应用于冠状动脉介入治疗后皮下注射低分子肝素钙", "探讨患者术后体位改变对血液动力学的影响及护理方法", "老年糖尿病患者冠状动脉旁路移植术后护理", "呼吸机相关性肺炎的原因及预防", "探讨老年呼吸机依赖患者产生依赖的因素及相应的护理", "高龄患者型冠状动脉旁路移植术后肺部并发症的护理", "急诊经皮冠状动脉介入治疗453例护理体会", "多导睡眠的监测与护理", "老年脑出血患者急性期的康复护理", "急诊经皮冠状动脉介入治疗453例护理体会", "急性出血性脑梗死患者绝对卧床期间的观察与护理", "两种溶媒肌内注射绒毛膜促性腺激素的效果比较", "人文关怀在出血性脑梗死患者护理中的应用", "护士语言技巧与心理护理效果", "护士在现代遗传学护理中的作用", "注射狂犬疫苗致反应性脑炎2例护理体会"]}