{"机构": "重庆大学经济与工商管理学院博士后流动站", "访问量": "6051", "被引量": "3411", "成果数": "251", "H_指数": "33", "G指数": "45", "期刊": "92.4%", "会议": "7.2%", "专著": "0%", "其他": "0.4%", "合作学者": {"向鹏成": "重庆大学建设管理与房地产学院", "竹隰生": "重庆大学建设管理与房地产学院", "项勇": "西华大学建筑与土木工程学院", "蔡伟光": "重庆大学建设管理与房地产学院"}, "合作机构": {"重庆大学建设管理与房地产学院": "133", "重庆建筑大学管理学院": "18", "苏州科技大学": "14", "重庆大学": "14", "西华大学建筑与土木工程学院": "13", "重庆工程职业技术学院": "9", "兰州交通大学土木工程学院": "7", "武汉科技大学城市建设学院": "6", "重庆大学贸易与行政学院": "5", "重庆大学经济与工商管理学院博士后流动站": "5"}, "文章title": ["Measurement and Dependence Analysis of Cost Overruns in Megatransport Infrastructure Projects: Case Study in Hong Kong", "绿色建筑星级比例测算——以GM新区为例", "PPP项目中公众参与的博弈分析", "基于STIRPAT模型的重庆市城镇建筑能耗影响因素分析", "距离测度视角下生态城市规划方案三维评价模型研究", "Effect of Construction Dust on Urban PM2.5 Emission Characteristics: A Case Study of the Main Urban Area of Chongqing, China", "不同结构住宅建筑生命周期环境影响比较", "工程项目工期风险因素影响分析——基于贝叶斯网络理论和非叠加原理", "基于GA-BP神经网络的巨项目投入评价的改进研究", "《工程管理本科指导性专业规范》的研究与制定", "合同能源管理项目风险因素研究", "设计-建造（DB）的发展历史与模式演变", "Scenario Analysis of New Buildings' Energy Conservation and Emission Reduction in Chongqing China (2016-2035)", "设计-建造项目业主的质量管理研究(一)——基于质量管理的特殊性与质量影响因素", "BIM的工程管理教学改革问题研究(二)——BIM教学改革的作用、规划与建议", "设计-建造项目业主的质量管理研究(二)——基于全过程的质量管理方法", "我国城市化进程定量评价及影响因素分析", "虚拟平台中智慧城市信息转移演化博弈分析"]}