{"机构": "第三军医大学新桥医院", "访问量": "595", "被引量": "355", "成果数": "94", "H_指数": "12", "G指数": "16", "期刊": "64.9%", "会议": "29.8%", "专著": "3.2%", "其他": "2.1%", "合作学者": {"杨一": "中国工程物理研究院激光聚变研究中心", "蒋晓东": "中国工程物理研究院激光聚变研究中心", "刘旭": "浙江大学现代光学仪器国家重点实验室", "陈波": "中国科学院长春光学精密机械与物理研究所应用光学国..."}, "合作机构": {"中国工程物理研究院激光聚变研究中心": "297", "浙江大学现代光学仪器国家重点实验室": "27", "中国科学院长春光学精密机械与物理研究所应用光学国家重点实验室": "24", "河南省人民医院": "17", "中国工程物理研究院高温高密度等离子体物理国家重点实验室": "13", "电子科技大学物理电子学院": "6", "成都精密光学工程研究中心": "6", "中国工程物理研究院应用电子学研究所": "6", "南京理工大学电光学院": "6", "第三军医大学新桥医院": "5"}, "文章title": []}