{"机构": "同济大学", "访问量": "2182", "被引量": "1848", "成果数": "131", "H_指数": "23", "G指数": "39", "期刊": "77.1%", "会议": "21.4%", "专著": "1.5%", "其他": "0%", "合作学者": {"任杰": "同济大学材料科学与工程学院纳米与生物高分子材料研究所", "李永勇": "同济大学先进材料与纳米生物医学研究院", "董海青": "化学与分子科学学院", "袁伟忠": "同济大学材料科学与工程学院纳米与生物高分子材料研究所"}, "合作机构": {"同济大学材料科学与工程学院纳米与生物高分子材料研究所": "154", "同济大学材料科学与工程学院": "45", "同济大学先进材料与纳米生物医学研究院": "25", "同济大学口腔医学院": "20", "化学与分子科学学院": "20", "济南军区总医院": "6", "上海交通大学医学院附属第九人民医院": "6", "美国俄亥俄州立辛辛那提大学化工与材料工程系": "5", "山东中医药大学": "3", "同济大学": "3"}, "文章title": ["“Minimalist” Nanovaccine Constituted from Near Whole Antigen for Cancer Immunotherapy", "自组装白蛋白共负载光敏剂及基因纳米递送系统的构建及初步评价", "Fever-Inspired Immunotherapy Based on Photothermal CpG Nanotherapeutics: The Critical Role of Mild Heat in Regulating Tumor Microenvironment", "Disulfide-Bridged Cleavable PEGylation of Poly-L-Lysine for SiRNA Delivery.", "Polymeric Nanosystems for Targeted Theranostics: A Proactive Clinical Perspective", "超临界抗溶剂技术在聚乳酸基药物微粒制备中的应用", "管道防腐用3层结构聚丙烯涂层技术简介", "Effect of monomer sequence of poly(histidine/lysine) catiomers on gene packing capacity and delivery efficiency", "化学发泡法制备聚氨酯泡棉压敏胶", "双刺激响应型纳米载药系统的构建及性能", "Sheddable, degradable, cationic micelles enabling drug and gene delivery", "纳米银形状控制合成与聚合物纳米银复合材料", "Amphiphilic star-shaped poly(ε-caprolactone)-block-poly(l -lysine) copolymers with porphyrin core: Synthesis, self-assembly, and cell viability assay", "Self-assembled, redox-sensitive, H-shaped pegylated methotrexate conjugates with high drug-carrying capability for intracellular drug delivery", "Surface-Engineered Graphene-Based Nanomaterials for Drug Delivery", "碳纤维增强树脂基复合材料的最新应用现状", "Cleavable PEGylation and Hydrophobic Histidylation of Polylysine for siRNA Delivery and Tumor Gene Therapy", "Glutamic acid incorporation to improve the protein encapsulation efficiency of maleimide-poly(ethylene glycol)-b-poly(lactic acid) micelles", "Stimuli-Responsive and Polymeric Prodrugs"], "学术ID": ["CN-BH742K8J"]}