{"机构": "第三军医大学大坪医院", "访问量": "152", "被引量": "152", "成果数": "20", "H_指数": "6", "G指数": "12", "期刊": "65%", "会议": "35%", "专著": "0%", "其他": "0%", "合作学者": {"吴广宁": "西南交通大学电气工程学院", "张血琴": "西南交通大学电气工程学院", "于成龙": "中国工程物理研究院电子工程研究所", "舒雯": "西南交通大学电气工程学院"}, "合作机构": {"西南交通大学电气工程学院": "46", "中国工程物理研究院电子工程研究所": "19", "郧阳医学院附属太和医院": "1", "第三军医大学大坪医院": "1"}, "文章title": ["一种新型X射线发生器电源设计", "基于B-Dot的kA级短脉冲电流测量方法", "Study on the Failure Factors of Composite Insulation in High-Voltage Storage Capacitors", "高压脉冲造成储能电容器老化的直流局部放电测试技术", "Partial Discharge Under DC Condition With Pulse Discharge Degradation of High Voltage Storage Capacitors", "High sensitive DCPD measurement and analysis system of high-voltage storage capacitor", "Pattern recognition of typical defects in high-voltage storage capacitors based on DC partial discharge", "基于Matlab的直流局部放电检测系统GUI界面设计", "多次级高压变压器的简化等效模型", "用于T型谐振变换器的耦合电感设计与仿真", "局部放电对脉冲电容器的绝缘老化及其失效的影响分析", "高压储能电容器直流局部放电检测仪的研制", "膜纸复合储能电容器的直流局部放电信号分析方法", "高压储能电容器直流局部放电的提取与分析", "高压储能电容器直流局部放电信号测试及分析", "快速放电过程膜纸复合储能电容器内部缺陷电场仿真与分析", "高压电容器直流局部放电测试抗干扰的分析", "直流局部放电信号处理方法", "高压电容器直流局部放电测试抗干扰的分析", "嵌入式实时操作系统uC/OS在控制工程中的应用"], "学术ID": ["CN-BE747DXJ"]}