{"机构": "贵州师范大学文学院", "访问量": "51", "被引量": "32", "成果数": "18", "H_指数": "3", "G指数": "4", "期刊": "83.3%", "会议": "11.1%", "专著": "0%", "其他": "5.6%", "合作学者": {"吴夏平": "贵州师范大学文学院"}, "合作机构": {"贵州师范大学文学院": "1"}, "文章title": ["\"苏格拉底之死\"的政治哲学分析", "自然权利的让渡——对霍布斯契约观的思考", "论大数据时代大学生主体性解构问题", "论黑格尔的道德行为归责理论", "自主学习之于高校思想政治理论课的意义和价值", "论沉思的伦理地位:亚里士多德幸福概念辨析", "黑格尔的主体观对马克思的影响", "明代贵州汉族移民生态及其对家庭伦理变迁的影响——以詹氏家族墓志为例", "家庭伦理及其构成", "王阳明的\"万物一体\"论", "康德谈\"自由\"和\"归责\"", "黑格尔\"道德\"与\"伦理\"之辨", "康德伦理学体系中的“尊严”问题", "黑格尔的\"真理观\"", "诚实守信 以德立身", "重建社会诚信的价值和意义", "如何建构领导者的人格魅力"], "学术ID": ["CN-B774Q4JJ"]}