{"机构": "北京师范大学射线束技术与材料改性教育部重点实验室", "访问量": "346", "被引量": "331", "成果数": "55", "H_指数": "10", "G指数": "14", "期刊": "92.7%", "会议": "3.6%", "专著": "0%", "其他": "3.7%", "合作学者": {"肖体乔": "中国科学院上海应用物理研究所", "王玉丹": "中国科学院上海应用物理研究所上海中国科学院研究生院", "杜国浩": "中国科学院上海应用物理研究所", "邓彪": "中国科学院上海应用物理研究所"}, "合作机构": {"中国科学院上海应用物理研究所": "196", "中国科学院上海应用物理研究所上海中国科学院研究生院": "40", "中国科学院上海光学精密机械研究所": "28", "中国科学院研究生院": "15", "中国科学院上海药物研究所": "8", "美国密歇根大学神经外科": "4", "中科院上海应用物理研究所": "3", "上海第二医科大学附属瑞金医院": "3", "上海交通大学医学院附属瑞金医院": "2", "北京师范大学射线束技术与材料改性教育部重点实验室": "2"}, "文章title": ["Equally sloped tomography based X-ray full-field nano-CT at Shanghai Synchrotron Radiation Facility", "X射线纳米成像单毛细管椭球镜的设计与检测", "劳厄弯晶光学特性的光线追迹研究", "Full-field x ray nano-imaging system designed and constructed at SSRF", "基于毛细管分光的同步辐射X射线立体成像", "饱和细粒土固结过程的三维孔隙演化特征", "X-ray microtomography at Shanghai Synchrotron Radiation facility", "Quantitative multi-scale analysis of mineral distributions and fractal pore structures for a heterogeneous Junger Basin shale", "X-ray propagation-based equally sloped tomography for mouse brain.", "非常规油气储集孔隙多尺度连通性的定量显微CT研究", "3D elemental sensitive imaging by full-field XFCT", "Quantitative and Multi-Scale Characterization of Pore Connections in Tight Reservoirs with X-Ray Micro-CT and DCM", "Latest advances of X-ray imaging and biomedical applications beamline at SSRF", "第三代同步辐射光源X射线相干性测量研究?", "Research on coherence of X-ray in 3rdSynchrotron Radiation Source", "Coherence of X-ray in the third synchrotron radiation source", "基于X射线光栅成像的多衬度显微计算层析系统", "Full-field x-ray nano-imaging at SSRF", "Full-field x-ray nano-imaging at SSRF", "上海光源X射线成像的生物医学应用研究进展"], "学术ID": ["CN-BD737AHJ"]}