{"机构": "广东交通集团检测中心", "访问量": "4920", "被引量": "5375", "成果数": "324", "H_指数": "36", "G指数": "67", "期刊": "87%", "会议": "10.5%", "专著": "1.5%", "其他": "1%", "合作学者": {"颜王吉": "中南大学土木建筑学院", "王宁波": "中南大学土木工程学院", "韩建刚": "海南大学土木建筑工程学院", "黄天立": "中南大学土木建筑学院"}, "合作机构": {"中南大学土木建筑学院": "70", "福州大学土木建筑工程学院": "47", "中南大学土木工程学院": "25", "海南大学土木建筑工程学院": "14", "郑州大学土木工程学院": "12", "郑州航空工业管理学院": "8", "五邑大学信息学院": "8", "华东交通大学土木建筑学院": "7", "中铁大桥局": "7", "广东交通集团检测中心": "7"}, "文章title": ["Experimental study on relative displacement responses of bridge frames subjected to spatially varying ground motion and its mitigation using superelastic SMA restrainers", "基于最大坡度法提取非平稳信号小波脊线和瞬时频率", "考虑替代模型不确定性的结构动力特性全局敏感性分析", "Internal force monitoring design of long span bridges based on ultimate bearing capacity ratios of structural components", "Time–frequency analysis and applications in time-varying/nonlinear structural systems: A state-of-the-art review", "Circularly-symmetric complex normal ratio distribution for scalar transmissibility functions. Part III: Application to statistical modal analysis", "Global Sensitivity Analysis of Structural Dynamic Characteristics Considering Metamodel Uncertainty", "基于振动响应传递比函数的系统识别研究进展", "复杂轴线拱结构实用解析解研究", "基于递归测度主成分分析的振动信号非平稳评价", "Analytical local and global sensitivity of power spectrum density functions for structures subject to stochastic excitation", "Baseline-free damage localization method for statically determinate beam structures using dual-type response induced by quasi-static moving load", "STRAIN MODES BASED DYNAMIC DEFLECTION ESTIMATION OF CONTINUOUS BEAM STRUCTURES", "Uncertainty Quantification for System Identification Utilizing the Bayesian Theory and Its Recent Advances", "用正装迭代法确定斜拉桥合理施工索力", "安庆铁路长江大桥基准动力有限元模型研究", "Wavelet-based automatic identification method of axle distribution information", "Discussion of “Numerical methods for evaluating the sensitivity of element modal strain energy” [Finite elements in analysis and design 64 (2013) 13–23]", "结构系统识别不确定性分析的Bayes方法及其进展", "Damage detection of beam structures using quasi-static moving load induced displacement response"], "学术ID": ["CN-B873QAAJ"]}