{"机构": "上海交通大学电气工程系", "访问量": "146", "被引量": "64", "成果数": "5", "H_指数": "2", "G指数": "0", "期刊": "60%", "会议": "20%", "专著": "0%", "其他": "20%", "合作学者": {"翁海华": "上海交通大学自动化研究所", "张颖川": "上海交通大学自动化研究所", "席裕庚": "上海交通大学自动化研究所", "陈坚": "上海交通大学电气工程系"}, "合作机构": {"上海交通大学自动化研究所": "9", "上海交通大学电气工程系": "2"}, "文章title": ["OpenGL在可视化人机界面开发中的应用", "基于Web的机器人遥操作的研究与实现", "基于INTERNET的遥控机器人的系统设计与算法研究", "Network DDE在Client/Server结构工控软件中的应用", "Network DDE在Client/Server结构工控软件中的应用"], "学术ID": ["CN-BC744ALJ"]}