{"机构": "首都医科大学附属北京中医医院", "访问量": "852", "被引量": "641", "成果数": "47", "H_指数": "13", "G指数": "24", "期刊": "63.8%", "会议": "21.3%", "专著": "8.5%", "其他": "6.4%", "合作学者": {"戚飞虎": "上海交通大学计算机科学与工程系", "叶中行": "上海交通大学应用数学系", "常宇畴": "上海交通大学图像处理与模式识别研究所", "孙薇荣": "上海交通大学"}, "合作机构": {"上海交通大学计算机科学与工程系": "16", "上海交通大学应用数学系": "6", "上海交通大学": "5", "上海交通大学图像处理与模式识别研究所": "3", "化学生物传感与计量学国家重点实验室": "1", "湖南大学化学化工学院化学生物传感与计量学国家重点实验室": "1", "上海交通大学附属第六人民医院": "1", "中国船舶重工集团公司": "1", "兰州理工大学电气工程与信息工程学院": "1", "首都医科大学附属北京中医医院": "1"}, "文章title": ["鱼雷全弹道仿真系统性能最优设计", "基于神经网络响应面的鱼雷总体性能参数仿真优化方法", "Tracking property of UMDA in dynamic environment by landscape framework", "Tracking property of UMDA in dynamic environment by landscape framework", "拓扑结构对动态增长的复杂网络的影响", "High-order EDA", "打印文档中的信息隐藏", "Unsupervised feature selection using clustering ensembles and population based incremental learning algorithm", "Unsupervised data pruning for clustering of noisy data", "连续型CGA算法的研究", "Unit Bit Importance Evolutionary Algorithm", "Unit Bit Importance Evolutionary Algorithm", "对IUMDA算法的改进", "位重要性进化算法", "Genetic drift in univariate marginal distribution algorithm.", "Search Space Filling and Shrinking Based to Solve Constraint Optimization Problems", "一个基于遗传编程的机器人足球系统", "Convergence of estimation of distribution algorithms in optimization of additively noisy fitness functions", "Convergence of Estimation of Distribution Algorithms in Optimization of Additively Noisy Fitness Functions", "Search Space Filling and Shrinking Based to Solve Constraint Optimization Problems"], "学术ID": ["CN-BO74IFQJ"]}