{"机构": "四川大学华西医院", "访问量": "1391", "被引量": "643", "成果数": "69", "H_指数": "14", "G指数": "23", "期刊": "94.2%", "会议": "4.3%", "专著": "0%", "其他": "1.5%", "合作学者": {"田安民": "四川大学化学系", "朱华结": "中国科学院研究生院", "刘玉明": "四川大学化学系", "王欣": "四川大学化学学院"}, "合作机构": {"四川大学化学系": "41", "中国科学院研究生院": "17", "中国科学院上海药物研究所": "11", "四川大学化学学院": "10", "国防科学技术大学计算机学院": "5", "重庆师范大学化学学院": "4", "清华大学物理系": "3", "四川大学外国语学院": "3", "香港科技大学化学系": "3", "四川大学华西医院": "2"}, "文章title": ["Theoretical study of the N10 clusters without double bonds", "G2(+)(M) Study on N-Alkylamino Cation Affinities of Neutral Main-Group Element Hydrides: Trends Across the Periodic Table", "Facile preparation of magnetically functionalized graphite nanosheets for porcine pancreatic lipase immobilization", "DFT Insight Into the Uv-Vis Spectra and Radical Scavenging Activity of Aurantio-Obtusin", "Comprehensive Theoretical Studies on the Gas Phase SN2 Reactions of Anionic Nucleophiles toward Chloroamine and N-Chlorodimethylamine with Inversion and Retention Mechanisms", "Generalized Anomeric Effect on N-Alkyl-amino Cation Affinities: A G2(+)M Investigation", "AB INITIO COMPUTATIONAL INVESTIGATIONS ON THE GAS-PHASE HOMODIMERIZATION AND KETO-ENOL TAUTOMERISM OF THE MONOCHALCOGENOCARBOXYLIC ACIDS CH3C(=O)XH (X = S, Se, Te)", "Cooperative effect of water molecules in the self-catalyzed neutral hydrolysis of isocyanic acid: a comprehensive theoretical study.", "Neutral hydrolyses of carbon disulfide: an {\\it ab initio} study of water catalysis.", "Modified Gaussian-2 level investigation of the identity ion-pair SN2 reactions of lithium halide and methyl halide with inversion and retention mechanisms.", "Unexpected Selectivity in Sodium Borohydride Reductions of α‐Substituted Esters: Experimental and Theoretical Studies", "Ab initio computational modeling on the tautomerism of monochalcogenocarboxylic acids CH3C(O)XH (X = S, Se, and Te) in the polar and aprotic solution", "A comprehensive theoretical study on the hydrolysis of carbonyl sulfide in the neutral water", "Tautomerism of monochalcogenosilanoic acids CH3Si(O)XH (X = S, Se, Te) in the gas phase and in the polar and aprotic solution: An ab initio computational investigation", "Halogen versus halide electronic structure", "Cooperative effect of solvent in the neutral hydration of ketenimine: an ab initio study using the hybrid cluster/continuum model.", "Comprehensive mechanistic study of ion pair SN2 reactions of lithium isocyanate and methyl halides", "Theoretical study of the gas-phase SN2 reactions of X- with CH3OY (X, Y = Cl, Br, I)", "Theoretical study of the gas-phase ion pairs SN2 reactions of LiX with CH3SY (X, Y = F, Cl, Br, I)", "Spectral analysis of the surface winds at the Alcântara Lauching Center (CLA)"], "学术ID": ["CN-B574W8NJ"]}