{"机构": "第四军医大学口腔医学院", "访问量": "804", "被引量": "523", "成果数": "101", "H_指数": "15", "G指数": "19", "期刊": "97%", "会议": "3%", "专著": "0%", "其他": "0%", "合作学者": {"周康": "中国医学科学院、北京协和医学院血液学研究所、血液病医院", "彭广新": "中国医学科学院、北京协和医学院血液学研究所、血液病医院", "李建平": "河南省焦作市人民医院", "叶蕾": "成都军区昆明总医院"}, "合作机构": {"中国医学科学院、北京协和医学院血液学研究所、血液病医院": "248", "中国医学科学院中国协和医科大学血液学研究所血液病医院": "65", "天津医科大学总医院": "65", "中国医学科学院、中国协和医科大学血液学研究所、血液病医院": "55", "河南省焦作市人民医院": "33", "成都军区昆明总医院": "30", "吉林大学第一医院": "20", "南京医科大学第一附属医院": "18", "温州医学院附属第二医院": "9", "第四军医大学口腔医学院": "7"}, "文章title": ["The life span of red blood cell in patients with severe/very severe aplastic anemia", "[The clinical and laboratory characteristics of congenital pyruvate kinase deficiency].", "[Treatment of transfusion-dependent nonsevere aplastic anemia with cyclosporine A plus ATG/ALG versus cyclosporine A plus androgens: a retrospective single center study].", "EMA结合试验检测的红细胞膜带3蛋白缺失程度与遗传性球形红细胞增多症临床表现型的关系", "免疫抑制治疗联合重组人血小板生成素对儿童重型再生障碍性贫血的效果评价", "[Correlation of the degree of band 3 protein absence on erythrocyte membrane by eosin-5'-maleimide binding test and clinical phenotype in hereditary spherocytosis]", "[Evaluation of efficacy of immunosuppressive therapy plus recombinant human thrombopoietin for children with severe aplastic anemia].", "不同中性粒细胞计数阈值下极重型再生障碍性贫血免疫抑制治疗的血液学反应及生存研究", "治疗前铁过载对急性重型再生障碍性贫血免疫抑制治疗血液学反应的影响", "比较不同重组人TPO方案联合免疫抑制治疗对重型再生障碍性贫血近期疗效的影响", "重型再生障碍性贫血免疫抑制治疗迟发血液学反应研究", "[Effects of pre-immunosupressive therapy iron overload on hematologic response of severe aplastic anemia].", "[Hepatitis-associated aplastic anaemia: clinical characteristics and immunosuppressive therapy outcomes].", "Delayed hematologic response to immunosuppressive therapy in severe aplastic anemia", "Outcomes of very severe aplastic anemia patients with different absolute neutrophil counts after frontline immnunosuppressive therapy", "[Antithymocyte/Antilymphocyte globulin plus cyclosporine A therapy for the treatment of older patients with severe aplastic anemia]", "[Comparison of efficacy and safety of two different dose of recombinant human thrombopoietin regimens in severe aplastic anemia patients with immunosuppressive therapy]", "[Effects of peri-immunosupressive therapy period infection on hematologic response and survival of severe aplastic anemia].", "[Impact of recombinant human thrombopoietin (rhTPO) on short-term response of immunosuppressive therapy in patients with newly diagnosed acquired severe aplastic anemia]", "The role of paroxysmal nocturnal hemoglobinuria clones in response to immunosuppressive therapy of patients with severe aplastic anemia"]}