{"机构": "北京信息科技大学理学院", "访问量": "592", "被引量": "399", "成果数": "76", "H_指数": "12", "G指数": "16", "期刊": "90.8%", "会议": "9.2%", "专著": "0%", "其他": "0%", "合作学者": {"赵永芳": "吉林大学原子与分子物理研究所", "赵国权": "吉林大学物理系", "李新营": "哈尔滨工业大学凝聚态科学与技术研究中心", "姚玉洁": "吉林大学物理系"}, "合作机构": {"吉林大学物理系": "79", "吉林大学原子与分子物理研究所": "46", "哈尔滨工业大学凝聚态科学与技术研究中心": "33", "延边大学理工学院": "8", "黑龙江大学物理科学与技术学院": "7", "内蒙古民族大学物理系": "6", "吉林大学理论化学研究所": "6", "西北核技术研究所": "5", "吉林大学化学系": "4", "北京信息科技大学理学院": "4"}, "文章title": ["偶极子在径向非均匀介质中的电磁场分布", "Ab initio pseudopotential study of M2As− and M2Br+ (M = Cu, Ag, Au)", "Geometries, vibrational frequencies, and electron affinities of X2Cl (X=C,Si,Ge) clusters", "狄拉克δ函数", "Sudden Jump of Hartree-Fock Solution and Phase Transition", "Structures and Potential Functions of Coinage Metal Polonide Molecules MPo(X2П), (M=Cu, Ag, Au)", "重金属钋化物分子MPo（^2Ⅱ），（M=Cu，Ag，Au）的结构和势能函数", "Theoretical study on structures and energetics of Ge 2P 2", "Ab initio study of XenI− (n = 1–6) clusters", "THE THEORETICAL RESEARCH ON I-V CURVE IN MULTI-QUANTUM WELLS OF SEMICONDUCTORS", "水平层状介质中任意方向磁偶极子的电磁场分布", "重金属团簇(M2Te)3(M=Au, Ag, Cu)赝势从头算研究", "Rapid estimation of the electron correlation energy for van der Waals complexes RgX (Rg = Kr, Xe, X = Br, I)", "Ab initio study of Rg 2 Br − (Rg=Ar, Kr, Xe)", "Ab initio study of Rg 2Br − (Rg=Ar, Kr, Xe)", "An Ab Initio Pseudopotential Study of MnPo (M = Cu, Ag, Au; n = 1, 2) Systems", "Ab initio study of coinage metal telluride clusters (M2Te) n (M=Cu, Ag, Au; N=2, 3)", "无穷级数求和的一种量子力学解法", "一维多量子阱的能级", "Analysis of electron correlation in M2Te (MCu, Ag, Au) systems"], "学术ID": ["CN-BP742RJJ"]}