{"机构": "新乡市卫生防疫站", "访问量": "953", "被引量": "414", "成果数": "67", "H_指数": "12", "G指数": "17", "期刊": "98.5%", "会议": "1.5%", "专著": "0%", "其他": "0%", "合作学者": {"杨道坤": "新乡医学院第一附属医院", "申保生": "新乡医学院第一附属医院", "张光文": "新乡医学院一附院", "梁海军": "新乡医学院第一附属医院"}, "合作机构": {"新乡医学院第一附属医院": "102", "新乡医学院一附院": "34", "新乡医学院一附院传染科": "4", "驻马店市妇幼保健院": "3", "广东省中山市人民医院": "3", "新乡医学院学报编辑部": "2", "新乡医学院外语部": "2", "南华大学护理学院": "2", "山东中医药大学": "2", "新乡市卫生防疫站": "1"}, "文章title": [], "学术ID": ["CN-BX73TZ8J"]}