{"机构": "哈尔滨工程大学机电学院", "访问量": "801", "被引量": "614", "成果数": "151", "H_指数": "13", "G指数": "18", "期刊": "64.9%", "会议": "27.2%", "专著": "1.3%", "其他": "6.6%", "合作学者": {"张波": "电子科技大学电子薄膜与集成器件国家重点实验室", "李肇基": "电子科技大学IC设计中心", "方健": "电子科技大学微电子与固体电子学院", "周新": "理论化学与计算国家重点实验室吉林大学理论化学研究所"}, "合作机构": {"电子科技大学电子薄膜与集成器件国家重点实验室": "198", "电子科技大学IC设计中心": "117", "电子科技大学微电子与固体电子学院": "27", "理论化学与计算国家重点实验室吉林大学理论化学研究所": "21", "中国电子科技集团公司": "21", "电子科技大学 微电子与固体电子学院": "17", "空军总医院": "11", "清华大学汽车安全与节能国家重点实验室": "8", "石河子大学农学院": "6", "哈尔滨工程大学机电学院": "4"}, "文章title": ["Concept and design of super junction devices", "一种具有多电极结构的高压SOI LDMOS器件", "一种具有部分高k介质埋层的SOI场pLDMOS器件", "降低多输出通道功率芯片电磁辐射的设计", "High holding voltage SCR for robust electrostatic discharge protection", "Novel Superjunction LDMOS (>950 V) with a Thin Layer SOI", "Edge termination design of a 700-V triple RESURF LDMOS with n-type top layer", "Investigation of a latch-up immune silicon controlled rectifier for robust ESD application", "A novel 700V deep trench isolated double RESURF LDMOS with P-sink layer", "Best-in-class LDMOS with ultra-shallow trench isolation and p-buried layer from 18V to 40V in 0.18μm BCD technology", "3-D Edge Termination Design and {R}_{ mathrm{scriptscriptstyle ON},text {sp}} -BV Model of A 700-V Triple RESURF LDMOS With N-Type Top Layer", "A novel low turnoff loss carrier stored SOI LIGBT with trench gate barrier", "Ultralow turnoff loss dual-gate SOI LIGBT with trench gate barrier and carrier stored layer", "200-V High-side thick-layer SOI field p-channel LDMOS with multiple field plates", "Design of a novel triple reduced surface field LDMOS with partial linear variable doping n-type top layer", "Cost-effective mask-sharing technology for SOI LIGBT and PLDMOS", "一种NiO薄膜的新型制备方法及其应用", "Modeling of a triple reduced surface field silicon-on-insulator lateral double-diffused metal–oxide–semiconductor field-effect transistor with low on-state resistance", "Back gate induced breakdown mechanisms for thin layer SOI field P-channel LDMOS", "功率超结器件的理论与优化"]}