{"机构": "厦门理工学院高等教育研究所", "访问量": "1163", "被引量": "669", "成果数": "37", "H_指数": "12", "G指数": "25", "期刊": "86.5%", "会议": "2.7%", "专著": "2.7%", "其他": "8.1%", "合作学者": {"高文": "华东师范大学", "李玲玲": "厦门大学教育研究院", "吴薇": "厦门大学教育研究院", "汤服成": "广西师范大学数学教育研究所"}, "合作机构": {"厦门大学教育研究院": "5", "华东师范大学": "3", "广西师范大学数学教育研究所": "2", "厦门大学数学科学学院": "1", "厦门理工学院高等教育研究所": "1"}, "文章title": ["美、英、日三国大中学衔接培养人才的经验比较", "论高校学生管理行为的界限", "对提高人才培养质量有高影响力的教育教学举措——美国大学与学院联合会LEAP项目启思", "小班化教学中的教师专业发展研究", "高校创新课程教学改革：成效、问题及对策", "三学期制改革:意义、困境与出路", "信息不对称视野下的高校课堂教学探析——以某部属大学期中教学检查工作为例", "大学生定量研究方法学习困难的因素解析", "美国高校组织管理方式的变革——美国教育委员会政策分析中心2008年报告透视", "我国研究型大学“大学生创新性实验计划”的现状与反思", "中美比较:中学与大学衔接断裂的原因及对策", "厦门大学本科生创新性实验计划实施的调查研究", "父母受教育程度对研究生自我定位的影响——以厦门大学博士生为例", "美国高校组织管理改革的动向与启示", "中美研究型大学本科生科研的比较与反思", "基于问题的抛锚式教学——中美案例的比较研究", "关于普通高校本科教学工作水平评估的思考", "以学术为志业 “得天下英才而教育之”——访著名教育家潘懋元教授", "学术计划——一个新的高校课程理论框架", "21世纪初中国研究型大学的本科课程与教学研究"], "学术ID": ["CN-BQ74OYSJ"]}