{"机构": "遵义医学院附属医院", "访问量": "847", "被引量": "535", "成果数": "83", "H_指数": "12", "G指数": "20", "期刊": "88%", "会议": "12%", "专著": "0%", "其他": "0%", "合作学者": {"李刚": "天津大学精密仪器与光电子工程学院", "董有尔": "山西大学物理电子工程学院", "林凌": "天津大学精密仪器与光电子工程学院", "贾莲凤": "山西大学"}, "合作机构": {"天津大学精密仪器与光电子工程学院": "36", "山西大学物理电子工程学院": "18", "山西大学": "10", "南开大学生命科学学院": "9", "山西大学物理实验中心": "4", "山西大学分子科学研究所": "4", "天津师范大学物理与电子信息学院": "2", "天津医科大学第二医院": "2", "天津大学天津市生物医学检测技术与仪器重点实验室": "2", "遵义医学院附属医院": "1"}, "文章title": ["基于加速度信号多特征踝关节动作模式识别", "基于肌电小波包统计特征的踝关节动作识别", "融合声门波信号频谱特征的语音情感识别", "多任务运动想象脑电特征的融合分类研究", "经穴电刺激诱发的脑-肌电信号相干性研究", "视听情绪诱发的脑电信号同步性分析", "脑电-肌电信号样本熵与小波熵分析", "An improved device for bioimpedance deviation measurements based on 4-electrode half bridge", "基于残差信号谐波和的声门波提取", "Photocontrolled nitric oxide release from two nitrosylruthenium isomer complexes and their potential biomedical applications", "基于小波一共空间模式的多类想象运动诱发脑电特征提取", "基于小波-共空间模式的多类想象运动诱发脑电特征提取", "经穴位电刺激下的表面肌电信号特征分析", "异步BCI系统中运动想象诱发脑电特征识别", "动态脑电地形图调节的经穴磁刺激系统设计", "基于少次相干平均和样本熵的视听诱发脑电特征提取", "The differential Howland current source with high signal to noise ratio for bioimpedance measurement system", "小波统计方法提取想象运动诱发脑电特征", "改进的Wigner-ville分布提取P300视觉诱发电位"], "学术ID": ["CN-B974UBYJ"]}