{"机构": "宁夏医科大学生育力保持教育部重点实验室", "访问量": "891", "被引量": "432", "成果数": "69", "H_指数": "12", "G指数": "17", "期刊": "92.8%", "会议": "5.8%", "专著": "1.4%", "其他": "0%", "合作学者": {"霍正浩": "宁夏医学院生物学教研室", "陆宏": "宁夏医学院医学遗传学与细胞生物学教研室", "彭亮": "宁夏医学院生物学教研室", "焦海燕": "宁夏医学院生物学教研室"}, "合作机构": {"宁夏医学院生物学教研室": "167", "宁夏医学院医学遗传学与细胞生物学教研室": "89", "宁夏医科大学总医院": "20", "西安交通大学医学院": "8", "宁夏医科大学基础医学院": "8", "宁夏医学院附属医院": "7", "宁夏大学生命科学学院": "5", "宁夏回族自治区生殖与遗传重点实验室": "5", "甘肃省妇幼保健院": "4", "宁夏医科大学生育力保持教育部重点实验室": "3"}, "文章title": ["Effects of Medial Prefrontal Cortex 5-HT7 Receptor Knockdown on Cognitive Control after Acute Heroin Administration.", "IL-6基因-174G/C位点多态性与宁夏汉族复发性自然流产相关性的研究", "MicroRNA-16 inhibits feto-maternal angiogenesis and causes recurrent spontaneous abortion by targeting vascular endothelial growth factor", "复发性自然流产与染色体核型关系的分析", "雄激素受体基因CAG、GGN重复片段多态性与身体质量指数/腰臀比的关联性", "雄激素受体基因CAG、GGN重复片段多态性与指长比(2D∶4D)的关联性", "冠心病患者手部皮纹学特征分析", "宁夏2198例男性不育患者的细胞遗传学分析", "冠心病患者指纹类型的分析", "Associations between androgen receptor CAG & GGN repeat polymorphism & recurrent spontaneous abortions in Chinese women", "Relationship of 2D:4D finger ratio with androgen receptor CAG and GGN repeat polymorphism", "[Polymorphisms of (CAG)n and(GGN)n repeats of androgen receptor gene among ethnic Hui and Han Chinese from Ningxia].", "Case-Control Study on the Fibroblast Growth Factor Receptor 2 Gene Polymorphisms Associated with Breast Cancer in Chinese Han Women", "特发性男性不育的分子遗传学诊断与生育指导", "乳腺癌患者指长波动性不对称", "宁夏回、汉族群体雄激素受体基因(CAG)n、(GGN)n重复多态性研究", "多巴胺受体基因多态性与海洛因依赖的关联性研究", "CYP1A1 rs4646903单核苷酸多态性与宁夏地区男性不育相关性研究", "Correlations Between Digit Ratio and Foetal Origins of Adult Diseases in a Chinese Population: A Focus on Coronary Heart Disease and Breast Cancer", "白细胞介素1受体拮抗剂基因多态性与复发性自然流产的关联性研究"]}