{"机构": "上海市杨浦区殷行社区卫生服务中心", "访问量": "4082", "被引量": "2373", "成果数": "227", "H_指数": "25", "G指数": "39", "期刊": "71.8%", "会议": "27.8%", "专著": "0%", "其他": "0.4%", "合作学者": {"鲍春龄": "上海中医药大学附属岳阳中西医结合医院", "王凡": "北京市中西医结合医院", "王海桥": "上海中医药大学附属岳阳中西医结合医院", "朱文增": "黑龙江中医药大学附属第二医院"}, "合作机构": {"上海中医药大学附属岳阳中西医结合医院": "114", "黑龙江中医药大学": "75", "黑龙江中医药大学附属第二医院": "43", "北京市中西医结合医院": "20", "牡丹江医学院红旗医院": "17", "黑龙江中医药大学附属第一医院": "12", "上海中医药大学附属曙光医院": "11", "天津中医学院第一附属医院": "10", "长春中医药大学": "10", "上海市杨浦区殷行社区卫生服务中心": "9"}, "文章title": ["头穴透刺治疗急性中风病针刺手法特异性临床研究", "Immediate effect of scalp acupuncture on the gait of patients with subacute intracerebral haemorrhage analysed by three-dimensional motion: secondary analysis of a randomised controlled trial", "电针预处理对心肌缺血再灌注损伤大鼠“内关”穴区Toll样受体4、髓样分化因子88及核转录因子-κB基因表达的影响", "双相抑郁症案", "Toll样受体2与针刺穴位信息启动传导机制的作用研究进展", "TLR4与心肌缺血再灌注损伤的研究进展", "Immediate effects of scalp acupuncture with twirling reinforcing manipulation on hemiplegia following acute ischemic stroke: a hidden association study", "头穴透刺不同刺激法对急性脑卒中疗效的比较", "针刺穴位信息启动传导机制与肥大细胞的相关性研究进展", "循经与局部三线取穴治疗动眼神经麻痹临床研究", "小儿巨结肠类缘病案", "Fahr病案", "头穴捻转补泻手法针刺对急性缺血性中风偏瘫患者肢体肌力的即刻影响:随机对照研究", "Efficacy and safety of penetration acupuncture on head for acute intracerebral hemorrhage: A randomized controlled study", "捻转补泻手法对头针治疗急性缺血性中风患者肢体运动功能即刻效应的影响", "阴阳调衡针法治疗围绝经期综合征的临床研究", "针刺联合运动想象对脑卒中软瘫上肢精细动作的影响", "阴阳气血配穴针刺治疗失眠症疗效观察"]}