{"机构": "首都医科大学附属北京友谊医院", "访问量": "6034", "被引量": "2553", "成果数": "213", "H_指数": "27", "G指数": "39", "期刊": "93%", "会议": "7%", "专著": "0%", "其他": "0%", "合作学者": {"韩历丽": "首都医科大学附属北京妇产医院", "何芳": "首都医科大学附属北京妇产医院", "潘迎": "首都医科大学附属北京妇产医院", "沈汝": "首都医科大学附属北京妇产医院"}, "合作机构": {"首都医科大学附属北京妇产医院": "371", "北京市妇女保健所": "34", "北京市卫生局": "28", "南京大学医学院附属鼓楼医院": "17", "北京市大兴区妇幼保健院": "15", "兰州大学第二医院": "15", "华中科技大学同济医学院附属协和医院": "14", "北京市海淀区妇幼保健院": "13", "四川大学华西医院": "10", "首都医科大学附属北京友谊医院": "8"}, "文章title": ["An X-ray-free method to accurately identify the elbow flexion–extension axis for the placement of a hinged external fixator", "北京市围产营养门诊妊娠期糖尿病孕妇的焦虑、抑郁状况及相关影响因素", "Work stress, family stress and asthma: a cross-sectional study among women in China.", "北京市妊娠期糖尿病孕妇营养认知行为调查", "个性化营养指导对孕期健康及妊娠结局的影响效果评价", "The association of work stress with somatic symptoms in Chinese working women: a large cross-sectional survey", "多学科合作诊疗系统治疗孕妇心理问题诱发的躯体功能障碍临床研究", "Gelatinases-stimuli nanoparticles encapsulating 5-fluorouridine and 5-aza-2′-deoxycytidine enhance the sensitivity of gastric cancer cells to chemical therapeutics", "Efficacy and safety of mirodenafil for patients with erectile dysfunction: a meta-analysis of three multicenter, randomized, double-blind, placebo-controlled clinical trials", "Carbon nanotubes introduced in different phases of C/PyC/SiC composites: Effect on microstructure and properties of the materials", "The Use of Laser Microdissection in the Identification of Suitable Reference Genes for Normalization of Quantitative Real-Time PCR in Human FFPE Epithelial Ovarian Tissue Samples", "Enhancement of radiotherapy efficacy by miR-200c-loaded gelatinase-stimuli PEG-Pep-PCL nanoparticles in gastric cancer cells.", "关于女医生护理人员工作压力及身心健康状况的调查与思考", "EZH2 participates in malignant biological behavior of epithelial ovarian cancer through regulating the expression of BRCA1.", "Early Changes in Ocular Surface and Tear Inflammatory Mediators after Small-Incision Lenticule Extraction and Femtosecond Laser-Assisted Laser In Situ Keratomileusis", "Addition of the Akt inhibitor triciribine overcomes antibody resistance in cells from ErbB2/Neu-positive/PTEN-deficient mammary tumors.", "北京市女性乳腺癌患病危险因素病例对照研究", "[Generation and comparison of two genetically engineered mouse models of ErbB2/Neu positive-PTEN deficient breast cancer]", "Characterization of the microRNA expression profile of cervical squamous cell carcinoma metastases.", "Strength and toughness improvement in a C/SiC composite reinforced with slurry-prone SiC whiskers"], "学术ID": ["CN-BS744F1J"]}