{"机构": "深圳供电局", "访问量": "2776", "被引量": "1399", "成果数": "116", "H_指数": "20", "G指数": "32", "期刊": "80.2%", "会议": "14.7%", "专著": "0%", "其他": "5.1%", "合作学者": {"杨东俊": "华中电网有限公司", "饶凌平": "武汉大学电气工程学院", "华小梅": "武汉大学电气工程学院", "陶文伟": "广东电网公司深圳供电局"}, "合作机构": {"武汉大学电气工程学院": "95", "华中电网有限公司": "19", "广东电网公司深圳供电局": "11", "华中电力集团公司": "5", "武汉大学": "5", "武汉水利电力大学": "4", "中铁第四勘察设计院集团有限公司": "4", "中国电力科学研究院": "3", "江苏省电力公司": "3", "深圳供电局": "3"}, "文章title": ["民办高校转型发展的探索与实践 ——以武汉晴川学院暨电气工程专业为例", "高校课堂教学行为及其有效性之探讨", "基于最大受电公平性指标的跨区直流消纳模型", "基于频率偏差的跨区电网交易偏差电量责任判定及定价方法", "基于模糊理论的计及元件危险性因子的N-2故障快速筛选法", "考虑省间电力平衡的区域电网环境经济优化调度", "电流源型机电混合式直流断路器在特高压直流输电系统中的应用", "计及多影响因素的电网停电损失估算方法", "基于大数据技术的重要用户供电安全分析", "本科毕业设计与科研和工程实践密切结合的探索性实践", "基于分层搜索算法的超高层建筑供用电可靠性评估", "Method for determining position of forced power oscillation disturbance source in regional interconnected power grid", "Method for determining position of forced power oscillation disturbance source in regional interconnected power grid", "特高压交流系统损耗率综合计算方法及误差分析", "跨区电网输电交易中偏差电量处理方法", "跨区电网输电交易中偏差电量处理方法", "基于WAMS的负阻尼低频振荡与强迫功率振荡的特征判别", "物联网技术在智能电网输变电设备在线监测中的应用", "新型电力系统稳定器PSS4B的分析与仿真", "基于层次分析模型的二次设备状态检修方法"], "学术ID": ["CN-BY748RCJ"]}