{"机构": "浙江大学建筑学系", "访问量": "247", "被引量": "109", "成果数": "7", "H_指数": "6", "G指数": "0", "期刊": "85.7%", "会议": "14.3%", "专著": "0%", "其他": "0%", "合作学者": {"赵秀敏": "浙江工商大学艺术设计学院", "卜菁华": "浙江大学建筑系", "王竹": "浙江大学建筑系", "朱宇恒": "浙江大学建筑学系"}, "合作机构": {"浙江大学建筑系": "6", "浙江工商大学艺术设计学院": "3", "浙江大学建筑学系": "2"}, "文章title": ["城市景观敏感区的历史建筑保护修缮技术与方法探讨—杭州清河坊历史街区保护修缮工程", "杭州大井巷历史街区的价值评价及修复研究", "城市景观敏感区的历史建筑保护修缮技术与方法探讨——杭州清河坊历史街区保护修缮工程", "杭州清河坊历史建筑的保护与修缮", "保护历史街区延续古城文脉──以杭州市吴山地区的保护研究为例", "新加坡国立大学建筑结构教学的启示", "大众住宅与商品住宅辨析──新加坡组屋开发模式的启示"], "学术ID": ["CN-BI74JNYJ"]}