{"机构": "北京大学高可信软件技术教育部重点实验室", "访问量": "1376", "被引量": "365", "成果数": "39", "H_指数": "12", "G指数": "18", "期刊": "38.5%", "会议": "38.5%", "专著": "15.4%", "其他": "7.6%", "合作学者": {"王永吉": "中国科学院研究生院", "吴敬征": "中国科学院软件研究所互联网软件技术实验室", "廖晓锋": "南昌大学信息工程学院", "顾健": "公安部计算机信息系统安全产品质量监督检验中心"}, "合作机构": {"中国科学院研究生院": "30", "中国科学院软件研究所互联网软件技术实验室": "14", "南昌大学信息工程学院": "6", "公安部计算机信息系统安全产品质量监督检验中心": "6", "中国科学院软件研究所": "6", "重庆大学计算机学院": "4", "北京交通大学": "3", "北京大学软件与微电子学院": "2", "北京大学信息科学技术学院": "2", "北京大学高可信软件技术教育部重点实验室": "2"}, "文章title": ["Combinatorial Testing on MP3 for Audio Players", "Data embedding in digital images using critical functions", "Modelling and Analysis of Network Security - a Probabilistic Value-passing CCS Approach", "Modelling and Analysis of Network Security - a Probabilistic Value-passing CCS Approach", "Modelling and analysis of network security - a probabilistic value-passing CCS approach.", "SECURITY AND COMMUNICATION NETWORKS Security Comm. Networks (2013) Published online in Wiley Online Library (wileyonlinelibrary.com). DOI: 10.1002/sec.754 RESEARCH ARTICLE C 2 Detector: a covert ch...", "C2Detector: a covert channel detection framework in cloud computing", "Robust and Efficient Covert Channel Communications in Operating Systems: Design, Implementation and Evaluation", "CIVSched: Communication-aware Inter-VM Scheduling in Virtual Machine Monitor Based on the Process", "CIVSched: Communication-aware inter-VM scheduling in virtual machine monitor based on the process", "A novel duplicate images detection method based on PLSA model", "A novel duplicate images detection method based on PLSA model", "Improving performance of network covert timing channel through Huffman coding", "improved linear analysis on block cipher multi2", "XenPump: A New Method to Mitigate Timing Channel in Cloud Computing", "xenpump: a new method to mitigate timing channel in cloud computing", "Verifying the Safety of Xen Security Modules", "Extended Probabilistic Latent Semantic Analysis Model For Topics In Time-Stamped Images", "secguard: secure and practical integrity protection model for operating systems", "Secure Machine Learning, a Brief Overview"], "学术ID": ["CN-B774ZMKJ"]}