{"机构": "清华大学摩擦学国家重点实验室", "访问量": "3544", "被引量": "2696", "成果数": "603", "H_指数": "22", "G指数": "34", "期刊": "89.7%", "会议": "6.3%", "专著": "0.5%", "其他": "3.5%", "合作学者": {"袁宁一": "江苏工业学院信息科学系", "程广贵": "常州市新能源工程重点实验室", "凌智勇": "江苏大学机械工程学院", "范真": "江苏大学微纳米科学技术研究中心"}, "合作机构": {"江苏工业学院信息科学系": "255", "江苏大学机械工程学院": "239", "江苏大学微纳米科学技术研究中心": "158", "常州市新能源工程重点实验室": "112", "中国科学院上海硅酸盐研究所": "107", "江苏省太阳能电池材料与技术重点实验室": "71", "常州大学低维材料微纳器件与系统研究中心": "43", "大连理工大学工程力学系": "41", "江苏大学材料科学与工程学院": "38", "清华大学摩擦学国家重点实验室": "38"}, "文章title": ["Enhanced piezoelectric properties in (Ba 1-x Ca x )(Ti 0.90 Sn 0.10 )O 3 -0.08Dy 2 O 3 lead-free ceramics", "Facile preparation and performance of novel high-T C xBi(Ni 1/2 Ti 1/2 )O 3 -(1-x)Pb(Zr 1/2 Ti 1/2 )O 3 piezoceramics", "Modeling and Analysis of Novel Horizontal Ribbon Growth of Silicon Crystal", "红磷/多孔碳纳米复合材料用于高性能锂离子和钠离子电池负极", "Facile formation of super-hydrophobic nickel coating on magnesium alloy with improved corrosion resistance", "Photoluminescence performance of Er/Yb co-doped NBT ceramics prepared via hydrothermal method", "Multiresponsive actuators based on modified electrospun films", "Protic ionic liquid/functionalized graphene oxide hybrid membranes for high temperature proton exchange membrane fuel cell applications", "Flexible and Compressible Temperature Sensors Based on Hierarchically Buckled Carbon Nanotube/Rubber Bi-Sheath-Core Fibers", "Front Cover: Heterojunction Engineering for High Efficiency Cesium Formamidinium Double‐Cation Lead Halide Perovskite Solar Cells (ChemSusChem 5/2018)", "Dual function of ultrathin Ti intermediate layers in CZTS solar cells: Sulfur blocking and charge enhancement", "Heterojunction Engineering for High Efficiency Cesium-Formamidinium Double Cation Lead Halide Perovskite Solar Cells", "Electrodeposition of nickel-iridium alloy films from aqueous solutions", "Fabrication of Stretchable Copper Coated Carbon Nanotube Conductor for Non-Enzymatic Glucose Detection Electrode with Low Detection Limit and Selectivity", "Totally room-temperature solution-processing method for fabricating flexible perovskite solar cells using an Nb2O5–TiO2 electron transport layer", "Effect of Nd 2 O 3 doping on the electrical properties of Ba 0.96 Ca 0.04 Ti 0.90 Sn 0.10 O 3 ceramics", "Nitrogen-doped three-dimensional graphene supported platinum catalyst for polymer electrolyte membrane fuel cells application", "石墨烯碳纳米管复合结构渗透特性的分子动力学研究", "Phase diagram and physical properties of (110) oriented KNbO 3 film", "Effect of silicon doping on electrical and optical properties of stoichiometric Cu 2 ZnSnS 4 solar cells"], "学术ID": ["CN-BM74V7MJ"]}