{"机构": "同济大学污染控制与资源化研究国家重点实验室", "访问量": "235", "被引量": "101", "成果数": "13", "H_指数": "6", "G指数": "10", "期刊": "76.9%", "会议": "0%", "专著": "0%", "其他": "23.1%", "合作学者": {"李伟光": "哈尔滨工业大学市政环境工程学院", "韩宏大": "天津市自来水集团有限公司", "马晓娜": "天津自来水集团有限公司", "王广智": "哈尔滨工业大学市政环境工程学院"}, "合作机构": {"哈尔滨工业大学市政环境工程学院": "25", "天津市自来水集团有限公司": "12", "天津自来水集团有限公司": "11", "同济大学环境科学与工程学院": "1", "同济大学污染控制与资源化研究国家重点实验室": "1"}, "文章title": ["生物强化在颗粒活性炭处理微污染水源水中的作用", "聚丙烯与沸石填料内循环生物流化床处理污水的比较", "珠海映晖湾住宅项目前期策划研究", "用于饮用水处理的活性炭选择方法", "高温、高藻期臭氧/生物活性炭工艺的处理效果研究", "臭氧在生物活性炭工艺中作用的中试研究", "模糊神经网络在臭氧生物活性炭系统中的应用", "Study on influence between activated carbon property and immobilized biological activated carbon purification effect", "Study on Influence Between Activated Carbon Property and Immobilized Biological Activated Carbon Purification Effect活性炭性质对固定化生物活性炭净水效果的影响研究", "活性炭性质对固定化生物活性炭净水效果的影响研究", "臭氧生物活性炭技术在低温低浊水处理中的应用", "臭氧/生物活性炭工艺的运行稳定性研究", "活性炭生物强化技术运行效果及应用研究"], "学术ID": ["CN-B874LX7J"]}