{"机构": "西安通信学院数理教研室", "访问量": "1076", "被引量": "705", "成果数": "53", "H_指数": "10", "G指数": "25", "期刊": "94.3%", "会议": "1.9%", "专著": "1.9%", "其他": "1.9%", "合作学者": {"杨宏林": "江苏大学理学院", "田立新": "江苏大学非线性科学研究中心", "蒋书敏": "江苏大学非线性科学研究中心", "李强": "浙江科技学院机械与汽车工程学院"}, "合作机构": {"江苏大学非线性科学研究中心": "39", "江苏大学理学院": "35", "浙江科技学院机械与汽车工程学院": "2", "电子科技大学管理学院": "1", "西安通信学院数理教研室": "1"}, "文章title": ["Dynamics in a Cournot investment game with heterogeneous players", "Analysis on the dynamics of a Cournot investment game with bounded rationality", "Research on dynamics in a resource extraction game with bounded rationality", "Dynamical Cournot game with bounded rationality and time delay for marginal profit", "Fictitious play with incomplete learning", "基于多期有限理性的可再生资源寡头博弈模型与分析", "Research on a dynamics with bounded rationality for high-carbon and low-carbon energy economic system", "Analysis of the dynamics of multi-team Bertrand game with heterogeneous players", "ESS, NIS and GIS for matrix games in n﹕pecies systems", "不完全博弈学习过程的虚拟行动规则", "可再生资源与经济的平衡增长路径", "An economic growth model with renewable resources and stochastic technology change", "ESS, NIS and GIS for multi﹑layer matrix game in single population", "一个多种群博弈模型及其ESS", "Rule of Fictitious Play in the Learning Process with Incomplete Learning Times", "一个基于有限理性的资源寡头博弈的动态调整模型", "政策调控下的石油生产与消费模型", "基于可再生资源投入的均衡经济增长", "Equilibrium growth of economy with renewable resources基于可再生资源投入的均衡经济增长"], "学术ID": ["CN-BA74OD1J"]}