{"机构": "郑州大学第一附属医院", "访问量": "149", "被引量": "150", "成果数": "60", "H_指数": "6", "G指数": "10", "期刊": "93.3%", "会议": "1.7%", "专著": "0%", "其他": "5%", "合作学者": {"刘玉鹏": "北京大学第一医院", "李溪远": "北京大学第一医院", "宋金青": "北京大学第一医院", "杨艳玲": "北京大学第一医院"}, "合作机构": {"北京大学第一医院": "332", "重庆医科大学附属儿童医院": "10", "南昌航空大学环境与化学工程学院": "9", "中国医科大学附属第一医院": "6", "解放军总医院": "5", "大连大学附属中山医院": "5", "首都儿科研究所": "4", "第二军医大学长征医院": "4", "北京大学医学部医学遗传学系": "3", "郑州大学第一附属医院": "2"}, "文章title": ["甲硫氨酸腺苷转移酶活性缺陷致高甲硫氨酸血症3例报告", "Eight novel mutations of CBS gene in nine Chinese patients with classical homocystinuria.", "Congenital disorder of glycosylation type 1a: a case report", "儿童胱氨酸尿症临床及基因分析", "母亲维生素B12缺乏与婴儿继发性甲基丙二酸尿症", "The clinical and genetic findings of childhood cystinuria", "Corrigendum to succinic semialdehyde dehydrogenase deficiency of four Chinese patients and prenatal diagnosis for three fetuses [Gene 574(2015) 41–47]", "Seven novel mutations of the SMPD1 gene in four Chinese patients with Niemann-Pick disease type A and prenatal diagnosis for four fetuses", "琥珀酰辅酶A连接酶缺陷导致继发性甲基丙二酸尿症四例的临床与实验室研究", "儿童时期以癫痫起病的早发型阿尔茨海默病患者及其家系早老素基因1突变研究", "Five novel SUCLG1 mutations in three Chinese patients with succinate-CoA ligase deficiency noticed by mild methylmalonic aciduria", "黏多糖贮积症Ⅶ型1例患儿的临床与GUSB基因分析及其同胞的产前诊断", "[Clinical and laboratory studies on four Chinese patients with succinate-CoA ligase deficiency noticed by mild methylmalonic aciduria]", "CTNS gene mutation leads to cysteine nephropathy combined with corneal crystal in young child", "CTNS基因突变导致幼儿胱氨酸肾病及角膜结晶", "转录辅助调节因子HCFC1突变致罕见X连锁甲基丙二酸尿症CblX型一家系报告", "Barth综合征导致幼儿心内膜弹力纤维增生症的临床特点及其TAZ基因突变", "反复肺炎为主要表现的原发性肉碱缺乏症的临床特点"]}