{"机构": "暨南大学生命科技学院生物材料研究室", "访问量": "1252", "被引量": "703", "成果数": "73", "H_指数": "12", "G指数": "25", "期刊": "87.7%", "会议": "5.5%", "专著": "2.7%", "其他": "4.1%", "合作学者": {"周长忍": "暨南大学材料科学与工程系", "李立华": "暨南大学生命科技学院", "李红": "暨南大学材料科学与工程系", "焦延鹏": "暨南大学材料科学与工程系"}, "合作机构": {"暨南大学材料科学与工程系": "123", "暨南大学生命科技学院": "53", "暨南大学理工学院": "9", "人工器官与材料教育部工程研究中心": "8", "暨南大学附属第一医院": "5", "暨南大学人工器官与材料教育部工程中心": "5", "暨南大学生物医学工程研究所": "4", "暨南大学医药生物技术研究开发中心": "3", "四川大学华西医院": "2", "暨南大学生命科技学院生物材料研究室": "2"}, "文章title": ["Study on structure, mechanical property and cell cytocompatibility of electrospun collagen nanofibers crosslinked by common agents", "Effect of porous structure and pore size on mechanical strength of 3D-Printed comby scaffolds", "Dual drug loaded coaxial electrospun PLGA/PVP fiber for guided tissue regeneration under control of infection", "Liposomes coated with thiolated chitosan as drug carriers of curcumin", "Preparation and antibacterial properties of carboxymethyl chitosan/ZnO nanocomposite microspheres with enhanced biocompatibility", "A novel biomimetic scaffold with hUCMSCs for lumbar fusion", "Mechanical properties and osteogenic activity of poly(L-lactide) fibrous membrane synergistically enhanced by chitosan nanofibers and polydopamine layer", "Enhancement of growth and osteogenic differentiation of MC3T3-E1 cells via facile surface functionalization of polylactide membrane with chitooligosaccharide based on polydopamine adhesive coating", "Bio-inspired cell membrane ingredient cholesterol-conjugated chitosan as a potential material for bone tissue repair", "胶原/壳寡糖复合凝胶对前成骨细胞MC3T3-E1s分化行为的影响", "Effect of Chit-oligosaccharide/Collagen Composite Gels on Pre-osteoblastic MC3T3-E1s Differentiation", "基于胆固醇改性壳聚糖材料的蛋白吸附及细胞相容性评价", "体外模拟胶原纤维矿化的研究进展", "Rapid biomimetic mineralization of collagen fibrils and combining with human umbilical cord mesenchymal stem cells for bone defects healing", "Collagen films with stabilized liquid crystalline phases and concerns on osteoblast behaviors", "A facile method to prepare polysaccharide-based in-situ formable hydrogels with antibacterial ability", "Effects of Collagen Assembly Form on Biomimetic Mineralization", "胆固醇-(L-乳酸)_n低聚物的微波合成及性能"]}