{"机构": "南京森林公安高等专科学校", "访问量": "1441", "被引量": "922", "成果数": "223", "H_指数": "15", "G指数": "22", "期刊": "71.7%", "会议": "26.9%", "专著": "0%", "其他": "1.4%", "合作学者": {"齐书英": "白求恩国际和平医院", "赵玉英": "解放军白求恩国际和平医院", "王冬梅": "沈阳军区总医院", "李俊峡": "解放军白求恩国际和平医院"}, "合作机构": {"解放军白求恩国际和平医院": "320", "白求恩国际和平医院": "308", "沈阳军区总医院": "81", "河北医科大学第二医院": "48", "中山大学附属第一医院": "37", "南京军区南京总医院": "32", "天津医科大学总医院": "30", "北华大学附属医院": "10", "安徽医科大学第一附属医院": "9", "南京森林公安高等专科学校": "8"}, "文章title": ["重组人脑利钠肽对慢性心力衰竭患者QTcd及短期预后的影响", "冠状动脉造影检查正常的急性ST段抬高型心肌梗死患者临床特征及预后分析", "叶酸联合维生素B12治疗老年冠心病慢性心力衰竭伴高同型半胱氨酸血症的疗效观察", "酒精性心肌病误诊为扩张型心肌病15例分析", "经皮椎间孔镜腰椎间盘切除术与开窗腰椎间盘切除术治疗腰椎间盘突出症的疗效对比", "替格瑞洛与氯吡格雷治疗急性STEMI合并糖尿病患者疗效观察", "非器质性心脏病心房颤动的治疗策略进展", "心力衰竭双心室再同步化治疗的长期死亡率及特点的多中心研究", "Salubrinal通过抑制内质网应激诱发的细胞凋亡改善心力衰竭大鼠心功能", "Apolipoprotein-J prevents angiotensin II-induced apoptosis in neonatal rat ventricular cells", "Quartzose–mafic spectral feature space model: A methodology for extracting felsic rocks with ASTER thermal infrared radiance data", "美托洛尔联合稳心颗粒治疗心律失常的疗效观察", "左室限制性充盈障碍与急性心肌梗死新发房颤的关系研究", "重症心肌炎的临床治疗分析", "急性心肌梗死后室间隔穿孔封堵术及PCI术后随访四例", "Laser speckle contrast imaging for measurement of hepatic microcirculation during the sepsis: A novel tool for early detection of microcirculation dysfunction", "双向阻滞终点在房颤消融中的效果评价"]}