{"机构": "西安交通大学", "访问量": "1577", "被引量": "1205", "成果数": "226", "H_指数": "18", "G指数": "28", "期刊": "74.3%", "会议": "18.6%", "专著": "0.9%", "其他": "6.2%", "合作学者": {"高海波": "哈尔滨工业大学机电工程学院", "邓宗全": "哈尔滨工业大学机电工程学院", "刘振": "天津中新药业集团股份有限公司", "陶建国": "哈尔滨工业大学机电工程学院"}, "合作机构": {"哈尔滨工业大学机电工程学院": "334", "天津中新药业集团股份有限公司": "44", "中国科学院化学研究所": "25", "多伦多M5B2K": "21", "盐城工学院材料工程学院": "17", "南京大学化学化工学院": "13", "赤峰市红山区公路管理段": "13", "哈尔滨工业大学": "12", "上海交通大学动力机械与工程教育部重点实验室": "11", "西安交通大学": "9"}, "文章title": ["Perylene Bisimide In-chain Polyethylene with Unique Self-assembly Nanostructure through Acyclic Diene Metathesis (ADMET) Polymerization", "An accurate cavitation prediction thruster model based on Gaussian process regression", "Castor oil‐based polyurethane/silica nanocomposites: Morphology, thermal and mechanical properties", "Approach for Imitation of Manned Lunar Rover Acceleration Using Prototype Vehicle with Imitation Handling Ratio on Earth", "Neural Network Identification of a Racing Car Tire Model", "Design and control of a novel six-DOF maglev platform for positioning and vibration isolation", "Design and terramechanics analysis of a Mars rover utilising active suspension", "Optimal Energy Consumption for Mobile Manipulators Executing Door-Opening Task", "Trajectory tracking control of WMRs with lateral and longitudinal slippage based on active disturbance rejection control", "Adaptive Partial Reinforcement Learning Neural Network-Based Tracking Control for Wheeled Mobile Robotic Systems", "An Apparatus to Measure Wheel-Soil Interactions on Sandy Terrains", "A novel bilateral haptic teleoperation approach for hexapod robot walking and manipulating with legs", "Low Impact Force and Energy Consumption Motion Planning for Hexapod Robot with Passive Compliant Ankles", "Linear, Y-shaped, and H-shaped amphiphilic azobenzene copolymers: Facile synthesis and topological effect on self-assembly and photoresponsive property", "Azobenzene㊣ncorporated Singleand Double㏒tranded Polynorbornenes: Facile Synthesis and Diverse Photoresponsive Property", "Longitudinal skid model for wheels of planetary rovers based on improved wheel sinkage considering soil bulldozing effect", "Linear normal stress under a wheel in skid for wheeled mobile robots running on sandy terrain", "大型风洞部段自动柔顺对接技术研究进展", "Tracking control of WMRs on loose soil based on mixed H 2 / H ∞ control with longitudinal slip ratio estimation", "Hydrodynamic calculation and analysis of a complex-shaped underwater robot based on computational fluid dynamics and prototype test"], "学术ID": ["CN-BZ74DLBJ"]}