{"机构": "广西师范大学科学教育研究所", "访问量": "4170", "被引量": "2049", "成果数": "84", "H_指数": "24", "G指数": "43", "期刊": "95.2%", "会议": "4.8%", "专著": "0%", "其他": "0%", "合作学者": {"王飞": "首都师范大学教育学院", "施晓光": "北京大学教育学院", "洪成文": "北京师范大学教育管理学院", "王长纯": "首都师范大学教育科学学院"}, "合作机构": {"首都师范大学教育科学学院": "4", "首都师范大学教育学院": "4", "北京大学教育学院": "2", "北京师范大学教育管理学院": "2", "中央教育科学研究所": "2", "华东师范大学教育学系": "1", "东南大学学习科学研究中心": "1", "中国教育学会": "1", "北京市农林科学院植物保护环境保护研究所": "1", "广西师范大学科学教育研究所": "1"}, "文章title": ["我国科学教育改革需要立法保障", "科学专业师范生科学实验观的调查研究与反思", "现象图析学在比较教育学研究领域应用的初探——以对45名境外访学人员的实证研究为例", "基于比较教育学思维的中国教育学反思", "百年诺贝尔化学奖研究成果嬗变对我国化学教学的启示", "关于教育目的与教育目标、教学和课程目标关系的再思考", "“教学论”与“教学法”的关系探析--（跨文化）比较教学论的视角", "科学前概念中西方研究进展追踪——文献计量学视角揭示的中西方差异", "英国中小学通用技术教育改革及其学科转型", "回眸与启示:施瓦布探究式教学的思想遗产", "苏联教学论与美国课程论:在中国的误读与误解", "比较教学论:21世纪比较教育学发展的一个重要领域", "“科学探究”缘何变身“科学实践”？——解读美国科学教育框架理念的首位关键词之变", "反思教学论研究——基于比较教学论的视角", "反思教学论研究:基于比较教学论的视角--谨以此文庆贺王长纯教授70华诞", "美国科学教材对“科学概念”的处理及其借鉴——以FOSS教材为例", "探索区域教育现代化的创新之路", "国际比较视角下的理科学科教学论与科学教师教育体制改革"], "学术ID": ["CN-B874B91J"]}