{"机构": "山东大学第二医院", "访问量": "1037", "被引量": "697", "成果数": "113", "H_指数": "14", "G指数": "22", "期刊": "86.7%", "会议": "11.5%", "专著": "0%", "其他": "1.8%", "合作学者": {"吕家驹": "山东省立医院", "王法成": "山东省立医院", "曹庆伟": "山东省立医院", "丁森泰": "山东大学附属省立医院"}, "合作机构": {"山东省立医院": "207", "山东大学附属省立医院": "65", "第二军医大学长海医院": "24", "华中科技大学同济医学院附属同济医院": "17", "天津医科大学第二医院": "11", "山东大学齐鲁医院": "11", "郑州大学第一附属医院": "8", "北京交通大学": "7", "山东大学山东省立医院": "7", "山东大学第二医院": "7"}, "文章title": ["Invasive Epithelioid Angiomyolipoma with Tumor Thrombus in the Inferior Vena Cava: A Case Report and Literature Review", "Loss of miR-449a-caused PrLZ overexpression promotes prostate cancer metastasis", "Clinical evaluation of tamsulosin in the relief of lower urinary tract symptoms in advanced prostate cancer patients.", "HCRP1 regulates proliferation, invasion, and drug resistance via EGFR signaling in prostate cancer", "Safety and Efficacy of Flexible Ureteroscopy in Combination with Holmium Laser Lithotripsy for the Treatment of Bilateral Upper Urinary Tract Calculi", "Anti-inflammatory and anti-oxidant effects of Cardamom ((Sonn.) Baill) and its phytochemical analysis by 4D GCXGC TOF-MS", "Procyanidins, from Bl. shell, induces autophagy following apoptosis associated with PI3K/AKT/mTOR inhibition in HepG2 cells", "Elevated expression of HIF-lα in actively growing prostate tissues is associated with clinical features of benign prostatic hyperplasia.", "miR-1301 promotes prostate cancer proliferation through directly targeting PPP2R2C", "Silencing Livin induces apoptotic and autophagic cell death, increasing chemotherapeutic sensitivity to cisplatin of renal carcinoma cells", "MicroRNA-21 in peripheral blood mononuclear cells as a novel biomarker in the diagnosis and prognosis of prostate cancer", "Gene expression patterns combined with network analysis identify hub genes associated with bladder cancer.", "High CD4(+) T cell density is associated with poor prognosis in patients with non-muscle-invasive bladder cancer.", "Label-free quantitative proteomic analysis reveals potential biomarkers and pathways in renal cell carcinoma.", "A Potent Chemotherapeutic Strategy with Eg5 Inhibitor against Gemcitabine Resistant Bladder Cancer", "逆行性肾盂造影联合输尿管软镜在诊断小肾盏癌中的价值", "Eg5 inhibitor, a novel potent targeted therapy, induces cell apoptosis in renal cell carcinoma", "TGF-β1和α-SMA在人多囊肾发病中的表达", "甘露聚糖肽联合吡柔比星膀胱灌注预防膀胱癌术后复发的疗效观察"]}