{"机构": "第四军医大学西京医院", "访问量": "460", "被引量": "392", "成果数": "67", "H_指数": "10", "G指数": "18", "期刊": "89.6%", "会议": "6%", "专著": "0%", "其他": "4.4%", "合作学者": {"魏新江": "浙江大学城市学院", "魏纲": "浙江大学城市学院", "陈春来": "浙江大学城市学院", "张世民": "浙江大学城市学院"}, "合作机构": {"浙江大学城市学院": "67", "浙江大学": "4", "浙江大学岩土工程研究所": "3", "浙江大学建筑工程学院滨海与岩土中心": "2", "浙江大学软弱土与环境土工教育部重点实验室": "2", "浙江交通职业技术学院": "1", "浙江大学建筑系": "1", "第四军医大学西京医院": "1"}, "文章title": ["地铁列车荷载下冻融土刚度软化试验研究", "光纤传感技术在隧道工程中的应用与展望", "基于不同固结度下地铁运营引起的地基土动力响应分析", "地铁列车荷载下人工冻融软土微观试验研究", "关于理论力学教与学中CDIO理念应用的思考", "浅谈基于CDIO理念的《理论力学》教学改革新思路", "地铁列车荷载下原状土孔压及应变模型试验研究", "双线平行盾构隧道侧穿邻近框架建筑物影响的研究", "软土区地铁不同类型轨道振动测试分析", "基于剪力铰的浮置板轨道减振性能优化分析", "不同固结度冻融软土动载下孔压模型", "盾构掘进对邻近浅基础框架建筑物影响研究", "考虑施工扰动影响下地铁工后沉降及孔压变化数值分析", "地铁循环荷载下冻融软土孔压发展及微观结构研究", "盾构近距离下穿对已建地铁隧道的位移影响及施工控制", "施工养护措施对沉管隧道早期温度和应力影响的仿真分析", "地铁列车荷载作用下黏弹性地基动应力特征分析", "近距离桥桩施工对地铁隧道影响监测分析"], "学术ID": ["CN-BU75JEUJ"]}