{"机构": "北京林业大学生物科学与技术学院", "访问量": "253", "被引量": "111", "成果数": "7", "H_指数": "5", "G指数": "0", "期刊": "85.7%", "会议": "0%", "专著": "0%", "其他": "14.3%", "合作学者": {"姜春宁": "北京林业大学生物科学与技术学院", "包仁艳": "北京林业大学生物科学与技术学院", "郑彩霞": "北京林业大学生物科学与技术学院"}, "合作机构": {"北京林业大学生物科学与技术学院": "15"}, "文章title": ["植物雌配子体发育的分子调控研究进展", "Molecular mechanism of the regulation of female gametophyte development in plants", "Improvement of two-dimensional gel electrophoresis of proteins from female cones of the female--sterile {\\sl Pinus tabulaeformis} Carr.", "油松雌性不育系球果蛋白质双向电泳技术的建立", "毛细管电泳分离油松蛋白质研究", "油松雌性不育系的POD同工酶和蛋白质多肽分析", "油松雌配子体败育时期球果蛋白质的变异研究"]}