{"机构": "镇江市气象局", "访问量": "735", "被引量": "1187", "成果数": "98", "H_指数": "17", "G指数": "32", "期刊": "85.7%", "会议": "7.1%", "专著": "1%", "其他": "6.2%", "合作学者": {"李建平": "中国科学院大气物理研究所大气科学和地球流体力学数...", "孙诚": "中国科学院大气物理研究所大气科学和流体力学数值模...", "谢飞": "中国科学院大气物理研究所大气科学和流体力学数值模...", "郑菲": "中国科学院大气物理研究所大气科学和地球流体力学数..."}, "合作机构": {"中国科学院大气物理研究所大气科学和地球流体力学数值模拟国家重点实验室": "98", "中国科学院大气物理研究所大气科学和流体力学数值模拟国家重点实验室": "19", "兰州大学大气科学学院": "4", "中国科学院大学": "3", "北京大学地球物理系": "3", "中国科学院大气物理研究所云降水物理和强风暴实验室": "2", "中国科学院大气物理研究所": "2", "北京大学物理学院": "2", "成都信息工程学院高原大气与环境研究中心": "2", "镇江市气象局": "2"}, "文章title": ["Oceanic forcing of the interhemispheric SST dipole associated with the Atlantic multidecadal oscillation", "Does extreme El Niño have a different effect on the stratosphere in boreal winter than its moderate counterpart?", "Influence of the North Pacific Victoria mode on western North Pacific tropical cyclone genesis", "Asymmetric Response of Predictability of East Asian Summer Monsoon to ENSO", "Inter-decadal change in potential predictability of the East Asian summer monsoon", "Dominant SST Mode in the Southern Hemisphere Extratropics and Its Influence on Atmospheric Circulation", "Comparison of Nonlinear Local Lyapunov Vectors and Bred Vectors in Estimating the Spatial Distribution of Error Growth", "Influences of the North Pacific Victoria Mode on the South China Sea Summer Monsoon", "Asymmetry of the predictability limit of the warm ENSO phase", "Linking a sea level pressure anomaly dipole over North America to the central Pacific El Niño", "Variations in North Pacific sea surface temperature caused by Arctic stratospheric ozone anomalies", "Peer Review File Description", "Joint impact of North and South Pacific extratropical atmospheric variability on the onset of ENSO events", "Determining the spectrum of the nonlinear local Lyapunov exponents in a multidimensional chaotic system", "Role of Global Warming in recent Speedup of the Wintertime Pacific Walker Circulation", "The effects of the Indo-Pacific warm pool on the stratosphere", "Relationships between the extratropical ENSO precursor and leading modes of atmospheric variability in the Southern Hemisphere", "Influence of the preceding austral summer Southern Hemisphere annular mode on the amplitude of ENSO decay", "Attractor radius and global attractor radius and their application to the quantification of predictability limits", "Optimal Evolutionary Window for the Nonlinear Local Lyapunov Exponent"]}