{"机构": "浙江师范大学计算机学院", "访问量": "620", "被引量": "389", "成果数": "44", "H_指数": "8", "G指数": "19", "期刊": "95.5%", "会议": "4.5%", "专著": "0%", "其他": "0%", "合作学者": {"李志蜀": "四川大学计算机学院", "陈建明": "装甲兵工程学院信息工程系", "陈黎": "武汉科技大学计算机科学与技术学院", "苗红意": "浙江师范大学"}, "合作机构": {"四川大学计算机学院": "24", "浙江师范大学数理与信息工程学院": "7", "装甲兵工程学院信息工程系": "6", "浙江师范大学": "4", "武汉科技大学计算机科学与技术学院": "4", "浙江师范大学信息科学与工程学院": "2", "宁波职业技术学院电子信息工程系": "1", "北京师范大学信息科学学院": "1", "浙江省教育厅教研室": "1", "浙江师范大学计算机学院": "1"}, "文章title": ["利用新词探测提高中文微博的情感表达抽取", "长度分布约束下的摘要文本无监督分割算法", "地方高校创新人才培养体系的构建研究", "一种建立在对客户端浏览历史进行LDA建模基础上的个性化查询推荐算法", "一种改进的社交媒体文本规范化方法", "Trusted Software Programming Model Based on Formal Monitoring", "基于形式化监控的可信软件构造模型", "Generation Method of Path Coverage Test Case Based on GEP", "基于GEP的路径覆盖测试用例生成方法", "3G移动期货行情系统的设计与实现", "AACP：可靠多播网络中的自适应主动缓存管理协议", "自学考试网络课件的形式和效用分析", "信息技术课堂教学中的学生元认知能力培养", "地方高校创新人才培养体系的构建——以浙江师范大学为例", "数据库课程设计的项目化实验教学方法", "Study of Test Suite Minimization Based on Ant Colony Algorithm", "Dynamic buffer partitioning and replacement for reliable multicast: Dynamic buffer partitioning and replacement for reliable multicast", "基于蚁群算法的测试用例集最小化研究", "智能手机操作系统概述", "Dynamic buffer partitioning and replacement for reliable multicast可靠多播网络的动态缓存分配算法与替换策略"], "学术ID": ["CN-B373R1IJ"]}