{"机构": "早稻田大学法学研究科日本东京", "访问量": "908", "被引量": "489", "成果数": "42", "H_指数": "13", "G指数": "21", "期刊": "95.2%", "会议": "4.8%", "专著": "0%", "其他": "0%", "合作学者": {"曾宪义": "中国人民大学法学院", "霍存福": "吉林大学法学院", "张汉静": "山西财经大学", "陈宇": "中国人民大学法学院"}, "合作机构": {"中国人民大学法学院": "7", "东京大学": "1", "山西财经大学": "1", "吉林大学法学院": "1", "早稻田大学法学研究科日本东京": "1"}, "文章title": ["日本裁判员制度中的民众参与和专业制衡——以在日留学生“陈某某杀人案”的审理为例", "中日“民众参与司法裁判”的表达与比较", "“一带一路”倡议与多元法律文化", "《残疾人权利公约》与中国残疾人融合教育的发展——《残疾人教育条例》解读", "“项目推进”与“制度改革”：比较法视野下的中国法学教育改革路径", "法治系统中的法律职业养成制度--以司法考试制度为中心", "《中日韩投资协定》与东亚共通法的构建", "日本法科大学院制度与“临床法学教育”比较研究", "日本当代司法改革与检察官养成", "比较法视野下的东亚法律人才养成制度改革", "中国司法考试制度的创建和发展", "J.M.还是J.D.?——中、日、美复合型法律人才培养制度比较", "日本的法官与法院职员研修制度", "J.M.还是J.D.?——中、日继受美国Law School制度的比较", "中国阶段性司法考试模式的制度设计（下）", "日本法科大学院教育制度及其特征", "阶段性考试模式与我国统一司法考试制度的完善", "2004年中国法律史学学术研究回顾", "日本的陪审制度——“裁判员”制度"], "学术ID": ["CN-B175ARMJ"]}