{"机构": "同济大学岩土工程重点实验室、地下建筑与工程系", "访问量": "4759", "被引量": "2801", "成果数": "267", "H_指数": "24", "G指数": "45", "期刊": "75.7%", "会议": "21.7%", "专著": "1.9%", "其他": "0.7%", "合作学者": {"朱合华": "同济大学地下建筑与工程系", "谢东武": "同济大学岩土及地下工程教育部重点实验室", "王晓形": "上海同岩土木工程科技有限公司", "徐前卫": "上海理工大学土木工程系"}, "合作机构": {"同济大学地下建筑与工程系": "177", "同济大学岩土及地下工程教育部重点实验室": "53", "上海理工大学土木工程系": "24", "上海同岩土木工程科技有限公司": "19", "同济大学土木工程学院": "16", "武汉钢铁股份有限公司": "12", "上海市政工程设计研究总院(集团)有限公司": "11", "中交第二公路勘察设计研究院有限公司": "10", "上海隧道工程股份有限公司": "10", "同济大学岩土工程重点实验室、地下建筑与工程系": "9"}, "文章title": [], "学术ID": ["CN-BA731ESJ"]}