{"机构": "中国科学技术大学化学系", "访问量": "900", "被引量": "433", "成果数": "43", "H_指数": "12", "G指数": "19", "期刊": "95.3%", "会议": "0%", "专著": "0%", "其他": "4.7%", "合作学者": {"范文涛": "中国科学院武汉物理与数学研究所", "龚小庆": "杭州商学院统计与计算科学学院", "贾武": "武汉大学系统工程研究所", "张许": "中国科学院武汉物理与数学研究所波谱与原子分子物理..."}, "合作机构": {"中国科学院武汉物理与数学研究所": "30", "杭州商学院统计与计算科学学院": "9", "中国科学院大学": "2", "中国科学院武汉物理与数学研究所波谱与原子分子物理国家重点实验室": "2", "武汉大学系统工程研究所": "2", "中国科学技术大学化学系": "1"}, "文章title": ["Reconstructing Diffusion Ordered NMR Spectroscopy by Simultaneous Inversion of Laplace Transform", "Renormalization and $\\alpha$-limit set for expanding Lorenz maps", "基于改进非线性拟合的核磁共振T2谱多指数反演", "L_1范数支持向量机在代谢组学中的应用", "Invariant measures for interval maps with different one-sided critical orders", "RATE OF CONVERGENCE AND EXPANSION OF R(E)NYI ENTROPIC CENTRAL LIMIT THEOREM", "Renormalization and conjugacy of piecewise linear Lorenz maps", "Model selection method based on maximal information coefficient of residuals", "Evaluation of node importance in complex networks", "微博社交网络的对称程度实证分析", "Hong-fei Cui", "The rates of convergence for generalized entropy of the normalized sums of IID random variables", "Nonstationarity Measure of Data Stream数据流的非平稳性度量", "数据流的非平稳性度量", "Nonstationarity measure of data streams", "The convergence of the Rényi entropy of the normalized sums of IID random variables", "The α-limit sets of a unimodal map without homtervals", "Optimal logistics for multiple jeeps", "Wandering intervals and absolutely continuous invariant probability measures of interval maps", "自组织临界性模型——Bak-Sneppen模型的研究进展及其展望"], "学术ID": ["CN-BU7390KJ"]}