{"机构": "井冈山大学工学院", "访问量": "815", "被引量": "608", "成果数": "42", "H_指数": "12", "G指数": "24", "期刊": "95.2%", "会议": "0%", "专著": "0%", "其他": "4.8%", "合作学者": {"潘发达": "南通大学教育科学学院", "奚萍": "南通大学教育科学学院", "陈怡": "东南大学", "戴家隽": "南通大学心理科学研究所"}, "合作机构": {"南通大学教育科学学院": "12", "东南大学": "3", "南通大学心理科学研究所": "3", "中央教育科学研究所": "2", "长春职业技术学院": "1", "上海交通大学土木工程系": "1", "南通大学建筑工程学院": "1", "中国地质大学": "1", "南通大学航海医学研究所": "1", "井冈山大学工学院": "1"}, "文章title": ["“视界融合”与“话语开放”", "高校土建类专业卓越人才培养模式研究", "对内地西藏班（校）学生国家认同感培育的思考", "《学校教育发展》课程体系的构建", "香港“共创成长路”青少年正面发展计划及其启示", "陶行知“爱满天下”教育情怀的原因探析", "陶行知情感教育思想的理论与实践", "民国时期未成年人文明礼仪教育要求及其借鉴", "还卢梭以本来面目--关于卢梭启蒙教育思想中若干问题的探究", "9～13岁小学生注意力对学业成绩的影响", "羔羊不再沉默——一项基于教师转化学生真实教育日记的叙事研究", "中文版学校归属感量表的信效度检验", "换一个角度透视情境教育——一项关于\"情境教育研究\"的元研究", "教师课堂教学中的价值守望", "基于SNI技术的大学生社会网络的性别差异研究", "30名贪污受贿人员心理蜕变过程的质性研究", "青少年学校归属感研究的现状与展望"], "学术ID": ["CN-B2734CTJ"]}