{"机构": "北京城建设计研究总院有限责任公司", "访问量": "859", "被引量": "431", "成果数": "77", "H_指数": "10", "G指数": "19", "期刊": "80.5%", "会议": "13%", "专著": "0%", "其他": "6.5%", "合作学者": {"尤伟": "南京大学建筑学院", "刘克成": "西安建筑科技大学建筑学院", "高彩霞": "宁夏大学资源环境学院", "胡友培": "南京大学建筑学院"}, "合作机构": {"南京大学建筑学院": "16", "同济大学建筑与城市规划学院": "6", "东南大学建筑学院": "4", "重庆大学建筑城规学院": "3", "西安建筑科技大学建筑学院": "2", "宁夏大学资源环境学院": "2", "东南大学建筑系": "2", "湖南科技大学建筑与城乡规划学院": "1", "南京大学社会学院": "1", "北京城建设计研究总院有限责任公司": "1"}, "文章title": ["Morphological analysis: to evaluate the pattern of Residential building based on wind performance", "Improving residential building arrangement design by assessing outdoor ventilation efficiency in different regional spaces", "传统建筑与文化", "Improving Residential Wind Environments by Understanding the Relationship between Building Arrangements and Outdoor Regional Ventilation", "Identify Urban Spatial Patterns Based on the Plot Shapes and Building Setting in Downtown of Nanjing", "南京城市街廓平面形态与土地使用规定的关联性研究", "走向综合的类型学——第三类型学和形态类型学比较分析", "过渡、转换与建构", "基于传统街区更新的城市设计", "中国城市形态与相关城市法规的关联性研究——以南京市为例", "Building as Street Interface: Case Studies in Nanjing, China", "Improving wind environment design based on assessing spatial distribution of ventilation efficiency in regional space", "Improving Wind Environment of Residential Neighborhoods by Understanding the Relationship between Building Layouts and Ventilation Efficiency ☆", "Calculation of Ground View Factor as an Index for Urban Thermal Environment Optimization", "Plots and Building Types: case studies in historical area in Nanjing, China", "THE ROLE OF URBAN DESIGN IN URBAN REGENERATION PROCESS –AN URBAN DESIGN RESEARCH IN NANJING, CHINA", "超越尺度与功能的都市乌托邦实验——解读“超级工作室”", "基于立面标识的空间活动调研方法研究", "室外热舒适性指标的研究进展"], "学术ID": ["CN-BI75O7IJ"]}