{"机构": "北京大学信息科学技术学院", "访问量": "3285", "被引量": "1635", "成果数": "143", "H_指数": "21", "G指数": "36", "期刊": "95.8%", "会议": "4.2%", "专著": "0%", "其他": "0%", "合作学者": {"李兴阳": "湖北师范学院中文系", "王彬彬": "南京大学中国新文学研究中心", "董健": "南京大学文学院", "王世城": "南京大学中文系"}, "合作机构": {"湖北师范学院中文系": "9", "南京大学中文系": "9", "南京大学中国新文学研究中心": "6", "西北师范大学生命科学学院": "4", "南京大学文学院": "4", "南京师范大学文学院": "3", "扬州大学文学院": "3", "广东省疾病预防控制中心": "3", "中国医学科学院基础医学研究所北京协和医学院基础学院": "3", "北京大学信息科学技术学院": "2"}, "文章title": ["人生如诗 诗如人生", "近年来中国现当代文学研究立项课题的分析报告——以2014—2016年国家社科基金和教育人文社科项目为例", "青年作家的未来在哪里", "带着生命体征和温度的文字", "萎缩变异文化形态的历史镌刻——《废都》的匆匆解读", "从五四“人的文学”到“文学是人学”-重读钱谷融先生的《论“文学是人学”》", "启蒙是启蒙者的悲剧", "“世界中”的中国现当代文学史编写观念——王德威《“世界中”的中国文学》读札", "亟待抢救的共和国文学史料", "中国现代文学史的断代与当下文学的现状", "“中国现当代文学制度史”主持人语", "我的少年时代", "在“神实主义”与“荒诞批判现实主义”之间", "文学制度与百年文学史", "如何建构语文教师的核心素养", "Activation of AMPA receptor promotes TNF-α release via the ROS-cSrc-NFκB signaling cascade in RAW264.7 macrophages.", "何为文学，如何治史？——1949年以来的文学史重考"], "学术ID": ["CN-BE75G9MJ"]}