{"机构": "上海师范大学商学院", "访问量": "3117", "被引量": "2323", "成果数": "71", "H_指数": "24", "G指数": "47", "期刊": "91.5%", "会议": "8.5%", "专著": "0%", "其他": "0%", "合作学者": {"田华": "浙江大学", "蒋莉": "浙江大学管理学院", "周菊香": "浙江大学管理学院", "刘红梅": "上海师范大学商学院"}, "合作机构": {"浙江大学管理学院": "6", "浙江大学": "2", "上海财经大学公共经济与管理学院": "1", "上海师范大学商学院": "1"}, "文章title": ["农地“三权分置”政策之两次分离的异同研究", "代际差异视角下农民工留城意愿的影响因素研究——基于全国9省的调研数据", "工商企业租赁与使用农户“家庭承包地”的法律对策研究", "涉农法律中法律词语性质的若干二元现象梳理、困惑和解构--以农村社区集体组织视角研究为主", "浙江省土地承包经营权依法流转研究", "土地承包经营权转让登记制度的现实困境及对策", "土地承包经营权流转制度法律问题研究", "土地承包经营权转包有关法律问题的探讨", "我国农村宅基地使用权转让制度改革研究", "土地承包经营权流转制度存在的法律问题和改革完善对策研究", "国外农用土地流转法律制度对中国土地承包经营权流转的启示", "土地承包经营权入股农民专业合作社有关法律问题研究——以浙江省为例", "农村土地承包经营权流转存在的法律问题与对策建议研究——以浙江省为例", "土地承包经营权流转并不意味着土地私有化", "农村集体土地产权“三权分离”论驳析——以土地承包经营权流转中“保留（土地）承包权、转移土地经营权（土地使用权）”观点为例", "1949年以来中国农村宅基地制度的演变", "土地承包经营权流转主要方式之法律性质研究述评", "农村法制建设的主要问题和解决对策——基于新农村建设视角"], "学术ID": ["CN-BY74ZYKJ"]}