{"机构": "南京师范大学地理信息科学江苏省重点实验室", "访问量": "177", "被引量": "642", "成果数": "161", "H_指数": "12", "G指数": "23", "期刊": "47.8%", "会议": "45.3%", "专著": "1.9%", "其他": "5%", "合作学者": {"薛勇": "中国科学院遥感应用研究所开放实验室", "李英杰": "陕西省环境科学研究设计院", "王颖": "中国科学院研究生院", "郭建平": "中国气象科学研究院"}, "合作机构": {"中国科学院遥感应用研究所开放实验室": "142", "陕西省环境科学研究设计院": "78", "中国科学院研究生院": "61", "中国科学院遥感应用研究所": "38", "中国气象科学研究院": "31", "山东大学齐鲁医院": "21", "解放军251医院": "18", "中国医科大学附属第一医院": "16", "沈阳农业大学园艺学院": "13", "南京师范大学地理信息科学江苏省重点实验室": "8"}, "文章title": []}