{"机构": "江苏苏州市二中", "访问量": "705", "被引量": "353", "成果数": "86", "H_指数": "10", "G指数": "12", "期刊": "97.7%", "会议": "2.3%", "专著": "0%", "其他": "0%", "合作学者": {"成素梅": "山西大学科学技术哲学研究中心", "王笑君": "华南师范大学物理与电信工程学院", "陈启洲": "中山大学物理系", "罗蔚茵": "中山大学物理系"}, "合作机构": {"山西大学科学技术哲学研究中心": "8", "中山大学物理系": "5", "华南师范大学物理与电信工程学院": "4", "湖南大学应用物理系": "2", "中山大学物理学系": "1", "清华大学物理系": "1", "南开大学": "1", "江苏苏州市二中": "1"}, "文章title": ["再谈洛伦兹变换的推导", "关于量子力学中态叠加原理的讨论", "在物理学与哲学之间读新系列《中国科学哲学论丛》", "评曾谨言的量子力学教材", "关于量子力学中态叠加原理的讨论", "层子模型前后——关于声称以马克思主义哲学指导物理学研究的一个案例分析", "莫把西方传统当作国际惯例——也谈全球化与民族文化", "对几个物理学名词的修改意见", "论爱因斯坦《关于光的产生和转化的一个试探性观点》一文的得失", "哲学对科学和科学哲学——温伯格《仰望苍穹——科学反击文化对手》读后感", "真实的费曼，失真的翻译——评格莱克《费曼传》中译本", "一位正直和睿智的理论物理学家——读玻恩《我的一生》中译本", "谈谈科学精神", "一本难得的辅助读物--读王正行《在解题中学习近代物理》", "长盛不衰、魅力不减的《费恩曼物理学讲义》", "是病态科学,还是受伤的科学?N射线事件百年检讨", "评“相对论的质心运动定理”", "按其本来面目接受自然界评费曼《物理定律的本性》", "杰出的物理学家阿伯拉罕·派斯和他的物理学史著作", "“索卡尔事件”和科学家的介入——科学家与反科学思潮的一场较量"], "学术ID": ["CN-BR7361FJ"]}