{"机构": "西安电子科技大学计算机网络与信息安全教育部重点实验室", "访问量": "5189", "被引量": "2661", "成果数": "134", "H_指数": "29", "G指数": "49", "期刊": "68.7%", "会议": "25.4%", "专著": "2.2%", "其他": "3.7%", "合作学者": {"欧进萍": "哈尔滨工业大学土木工程学院", "李金海": "哈尔滨工业大学土木工程学院", "董旭峰": "大连理工大学材料科学与工程学院", "李惠": "哈尔滨工业大学土木工程学院"}, "合作机构": {"哈尔滨工业大学土木工程学院": "229", "大连理工大学材料科学与工程学院": "38", "哈尔滨工业大学": "6", "哈尔滨工业大学电子信息技术研究院": "5", "大连理工大学土木工程学院": "5", "吉林农业大学食品科学与工程学院": "1", "中国矿业大学煤炭资源与安全开采国家重点实验室": "1", "中国建筑标准设计研究院": "1", "第三军医大学西南医院": "1", "西安电子科技大学计算机网络与信息安全教育部重点实验室": "1"}, "文章title": ["Thick-film resistors on glass ceramic substrates as smart strain sensing aggregates for SHM", "A new approach for describing pitting corrosion of steel bars in concrete", "Strain Sensor Made by Thick-film Resistors on Substrates of Glass Ceramic", "Time-dependent seismic demand and fragility of deteriorating bridges for their residual service life", "Experimental investigation on the cyclic performance of reinforced concrete piers with chloride-induced corrosion in marine environment", "A novel self-powered MR damper: Theoretical and experimental analysis", "Physical modeling and design method of the hysteretic behavior of magnetorheological dampers", "Chloride diffusion in concrete containing nano-TiO 2 under coupled effect of scouring", "自适应磁流变控制系统仿真计算研究", "考虑截面形状及钢筋阻滞作用影响的混凝土内钢筋初锈时间预测", "Corrosion initiation time prediction considering influences of cross-section shape and obstruction of reinforcement bars", "Development of some Smart Sensors for Monitoring Civil Infrastructures", "Pzt/pvdf composites doped with carbon nanotubes", "Magnetostrictive properties of titanate coupling agent treated Terfenol-D composites", "Adaptive MR damper cable control system based on piezoelectric power harvesting", "Fabrication of Tb0.3Dy0.7Fe2/epoxy composites: Enhanced uniform magnetostrictive and mechanical properties using a dryprocess", "Nanomaterials-Enabled Multifunctional Concrete and Structures", "Nanomaterials-Enabled Multifunctional Concrete and Structures", "Performance of an offshore platform with MR dampers subjected to ice and earthquake"], "学术ID": ["CN-BG75NW9J"]}