{"机构": "哈佛大学东亚系", "访问量": "546", "被引量": "261", "成果数": "60", "H_指数": "9", "G指数": "13", "期刊": "88.3%", "会议": "8.3%", "专著": "3.4%", "其他": "0%", "合作学者": {"袁凯声": "河南省社会科学院", "王德威": "哈佛大学东亚系", "陈平原": "北京大学中文系", "朱秀梅": "河南大学文学院"}, "合作机构": {"北京大学中文系": "2", "河南省社会科学院": "2", "河南大学文学院": "1", "哈佛大学东亚系": "1"}, "文章title": [], "学术ID": ["CN-BL74K5HJ"]}