{"机构": "北京大学化学与分子工程学院", "访问量": "2210", "被引量": "2260", "成果数": "155", "H_指数": "27", "G指数": "45", "期刊": "80.6%", "会议": "17.4%", "专著": "0.6%", "其他": "1.4%", "合作学者": {"张拥军": "功能高分子材料教育部重点实验室", "徐坚": "中国科学院化学研究所", "朱晓夏": "南开大学高分子化学研究所", "张文传": "中国科学院成都有机化学研究所"}, "合作机构": {"功能高分子材料教育部重点实验室": "113", "中国科学院成都有机化学研究所": "42", "南开大学高分子化学研究所": "31", "中国科学院化学研究所": "28", "中国工程物理研究院化工材料研究所": "11", "南开大学高分子化学研究所功能高分子材料教育部重点实验室": "9", "中国科学院大连化学物理研究所": "8", "中国医学科学院中国协和医科大学医学生物学研究所": "7", "东华大学纤维材料改性国家重点实验室": "7", "北京大学化学与分子工程学院": "5"}, "文章title": ["Thin hydrogel films Based on Lectin-Saccharide Biospecific Interaction for Label-free Optical Glucose Sensing", "The synthesis of a contraction-type glucose-sensitive microgel working at physiological temperature guided by a new glucose-sensing mechanism", "Inducing and Erasing of Defect State in Polymerized Microgel Colloidal Crystals via External Stimuli", "Glucose-induced transition among three states of a doped microgel colloidal crystal", "Order-Disorder Transition in Doped Microgel Colloidal Crystals and Its Application for Optical Sensing.", "Tetrahedral, Octahedral, and Triangular Dipyramidal Microgel Clusters with Thermosensitivity Fabricated from Binary Colloidal Crystals Template and Thiol–Ene Reaction", "Unexpected Large Depression of VPTT of a PNIPAM Microgel by Low Concentration of PVA", "微凝胶胶体晶体研究进展", "Assembly of highly ordered 2D arrays of silver-PNIPAM hybrid microgels", "葡萄糖响应性人工缺陷胶体晶体", "高效批量制备小鼠胰岛瘤多细胞球及其分泌胰岛素的研究", "Seasonal Variations of CDOM Optical Properties in Rivers Across the Liaohe Delta", "Zero-order release of polyphenolic drugs from dynamic, hydrogen-bonded LBL films", "Synthesis of a Colloidal Molecule from Soft Microgel Spheres", "Facile Assembly of Large-Area 2D Microgel Colloidal Crystals Using Charge-Reversible Substrates", "Large-area 2D microgel colloidal crystals fabricated via benzophenone-based photochemical reaction", "One-step synthesis of PHEMA hydrogel films capable of generating highly ordered wrinkling patterns", "Fabrication of Large-Area Two-Dimensional Microgel Colloidal Crystals via Interfacial Thiol–Ene Click Reaction", "Nanostructured Hydrogels for Diabetic Management", "Glucose oxidase-incorporated hydrogel thin film for fast optical glucose detecting under physiological conditions"], "学术ID": ["CN-BB732JVJ"]}