{"机构": "重庆大学材料学院", "访问量": "1247", "被引量": "788", "成果数": "49", "H_指数": "13", "G指数": "27", "期刊": "98%", "会议": "0%", "专著": "0%", "其他": "2%", "合作学者": {"廖琪": "重庆大学实验室及设备管理处", "曹永红": "重庆大学土木工程学院", "柴毅": "重庆大学实验室及设备管理处", "刘亮晴": "重庆大学土木工程学院"}, "合作机构": {"重庆大学土木工程学院": "21", "重庆大学实验室及设备管理处": "15", "重庆大学": "4", "重庆大学教务处": "3", "重庆大学化学化工学院": "3", "华中农业大学水产学院": "2", "岛津集团（香港）有限公司": "1", "咸宁学院药学院": "1", "湖北省农业科学院农业质量标准与检测技术研究所": "1", "重庆大学材料学院": "1"}, "文章title": ["系统设计重点突破提高实验室管理工作水平", "大型仪器设备购前技术论证工作探索", "国家级实验教学示范中心的可持续发展", "构建可持续发展的高校实验室安全管理体系", "基于全周期的大型仪器设备管理系统关键技术研究", "大型仪器设备开放基金管理及信息系统建设", "高校大型仪器设备开放共享工作研究", "大型仪器设备管理体系研究与探索", "土岩质基坑土层开挖稳定性计算", "发挥专业实验室的支撑作用 培养材料本科创新人才", "Global effects of subchronic treatment of microcystin-LR on rat splenetic protein levels", "大学生实践创新能力培养的探索与实践", "大型仪器设备开放基金建设研究", "土木工程综合实验模块式教学改革初探", "大型仪器设备状态监测分析系统", "构建高效运行的大型仪器设备共享服务体系", "加强实验室开放为培养创新人才提供良好支撑", "强化实验室建设过程管理,推动实验教学示范中心建设", "基于人工神经网络的住宅造价估算"], "学术ID": ["CN-BO75KS7J"]}