{"机构": "华东师范大学精密光谱科学与技术国家重点实验室", "访问量": "905", "被引量": "836", "成果数": "85", "H_指数": "15", "G指数": "26", "期刊": "77.6%", "会议": "17.6%", "专著": "1.2%", "其他": "3.6%", "合作学者": {"徐军": "中国科学院上海光学精密机械研究所", "赵广军": "中国科学院上海光学精密机械研究所", "苏良碧": "中国科学院上海光学精密机械研究所", "施尔畏": "中国科学院上海硅酸盐研究所"}, "合作机构": {"中国科学院上海光学精密机械研究所": "250", "中国科学院上海硅酸盐研究所": "101", "华东师范大学光谱学与波谱学教育部重点实验室": "18", "北京工业大学应用数理学院": "12", "中国科学院研究生院": "12", "华东师范大学物理系": "11", "中国科学院上海生物工程研究中心": "9", "天津大学精密仪器与光电子工程学院超快激光实验室": "8", "中国工程物理研究院流体物理研究所": "8", "华东师范大学精密光谱科学与技术国家重点实验室": "8"}, "文章title": ["Luminescence of Donor-acceptor-pair in Fluorescent 4H-SiC Doped with Nitrogen, Boron and Aluminum", "Fluorescent p-type 4H-SiC grown by PVT method", "Donor-acceptor-pair emission in fluorescent 4H-SiC grown by PVT method", "A competitive lattice model Monte Carlo method for simulation competitive growth of different polytypes in close-packed crystals: 4H and 6H silicon carbide", "Analysis of polytype stability in PVT grown silicon carbide single crystal using competitive lattice model Monte Carlo simulations", "Large CuI crystal growth by evaporation technique and its growth mechanism", "Effect of vanadium on the room temperature ferromagnetism of V-doped 6H—SiC powder", "Ar气氛下退火处理对6H-SiC晶片表面结构的影响", "Influence of mole ratio of Si: C on the magnetic property of undoped and vanadium carbide doped 3C-SiC", "升温程序对6H-SiC晶体生长初期籽晶石墨化的影响", "用于SiC晶体生长的高纯原料的合成及性能研究", "Study of Nitrogen Concentration in Silicon Carbide", "Apparatus with two-chamber structure for growing silicon carbide crystals", "Investigation of room temperature ferromagnetism of 3C-SiC by vanadium carbide doping", "Direct Observation of Nanoscale Native Oxide on 6H-SiC Surface and Its Effect on the Surface Band Bending", "Influence of surface bow on reconstruction on 2-inch SiC (0001) wafer", "用于SiC晶体生长的高纯原料的合成及性能研究", "升温程序对6H-SiC 晶体生长初期籽晶石墨化的影响"]}