{"机构": "福州市规划设计研究院", "访问量": "143", "被引量": "26", "成果数": "13", "H_指数": "2", "G指数": "4", "期刊": "84.6%", "会议": "15.4%", "专著": "0%", "其他": "0%", "合作学者": {"陈奕": "福州市规划设计研究院", "王文奎": "福州市规划设计研究院"}, "合作机构": {"福州市规划设计研究院": "2"}, "文章title": ["城市发展轴的历史文化传承与空间整合——福州历史文化名城保护实践之策略探讨", "福州历史文化街区保护与城市文化特色创造", "福州市白马路(河)沿线综合整治工程", "历史文化街区保护与城市文化特色创造--福州历史文化街区保护实践之策略探讨", "福州近期人居环境建设思考", "福州镇海楼重建设计", "历史街区文化性修复之探讨——以福建省福州市南后街为例", "迈向城市、建筑、地景一体化的景观建筑学之路", "福州住宅建设回顾与思考", "迈向城市、建筑、地景一体化的景观建筑学之路", "人性化城市公共空间的创造——福州榕城广场", "中国近代海军博物馆", "福州日报社采编大楼"], "学术ID": ["CN-BY7339PJ"]}