{"机构": "长沙交通学院", "访问量": "552", "被引量": "221", "成果数": "58", "H_指数": "8", "G指数": "13", "期刊": "87.9%", "会议": "12.1%", "专著": "0%", "其他": "0%", "合作学者": {"许建和": "西安建筑科技大学建筑学院", "梁智尧": "长沙理工大学建筑与城市规划学院", "王军": "西安建筑科技大学建筑学院", "李苏旻": "长沙理工大学土木与建筑学院"}, "合作机构": {"西安建筑科技大学建筑学院": "29", "长沙理工大学建筑与城市规划学院": "21", "长沙理工大学土木与建筑学院": "16", "河南省建筑设计研究院有限公司": "5", "长安大学公路学院": "4", "长沙理工大学": "2", "沈阳远大铝业工程有限公司": "2", "宁波大学建筑工程学院": "2", "湖南城建职业技术学院": "1", "长沙交通学院": "1"}, "文章title": ["凡益访谈录：对谈长沙城市记忆与工业遗产保护", "凡益会客厅第八期“围墙之惑——城市空间的公共性”", "湘潭隐山古桥地域特征和健康状况分析", "土地资源约束下的湖南地区乡土建筑营造特征比较研究", "匾额意境的空间构建", "嵌入节能目标的工业建筑遗产保护与再生设计——以长沙火车北站3、4号库房为例", "建筑学专业设计系列课程“场效应”教学模式探索与实践", "土地资源约束下的湘南乡土聚落选址特征分析", "基于地域乡土观念的金梅湖乡村文化活动中心建筑规划设计", "ARCHITECTURE PLANNING DESIGN FOR THE CENTER OF VILLAGE CULTURE OF THE JINMEI LAKE BASED ON THE LOCAL CONCEPTION", "湘昆曲与桂阳古戏台考察", "建筑学专业创造性思维训练思考", "《建筑设计基础》开放式教学研究初探", "REFORMING THE FOREIGN WAREHOUSE AT SOUTH RAILWAY STATION IN CHANGSHA", "长沙火车北站的保护及更新设计", "长沙市火车南站外贸仓库的改造", "Ecological strategy analysis of human habitation environment in Shanggantang traditional village, Hunan province, P. R. China", "公路景观三维实时漫游系统研究及实现", "在两型社会下城市旧建筑改造实践探析", "THE IMPRESSION OF CITY: WITH AN OLD INDUSTRIAL BUILDING IN CHANGSHA AS THE CASE"], "学术ID": ["CN-B7734N6J"]}