{"机构": "东南大学国家专用集成电路系统工程技术研究中心", "访问量": "206", "被引量": "92", "成果数": "4", "H_指数": "3", "G指数": "0", "期刊": "75%", "会议": "0%", "专著": "0%", "其他": "25%", "合作学者": {"胡晨": "东南大学国家专用集成电路系统工程技术研究中心", "刘昊": "东南大学国家专用集成电路系统工程技术研究中心", "缪爱国": "东南大学国家专用集成电路系统工程技术研究中心"}, "合作机构": {"东南大学国家专用集成电路系统工程技术研究中心": "4"}, "文章title": ["基于ARM嵌入式系统的通用Bootloader的设计与实现", "基于AC97标准的嵌入式音频系统设计与实现", "嵌入式Linux终端设备中通过USB同步数据的设计与实现", "手持信息终端上MIDI播放的实现"], "学术ID": ["CN-BP75A9OJ"]}