{"机构": "华东理工大学生物反应器国家重点实验室", "访问量": "710", "被引量": "128", "成果数": "24", "H_指数": "6", "G指数": "10", "期刊": "95.8%", "会议": "4.2%", "专著": "0%", "其他": "0%", "合作学者": {"杨雅琴": "华东化工学院生化工程研究所", "周文龙": "华东化工学院生化工程研究所", "朱留沙": "华东理工大学生物反应器工程国家重点实验室", "张荣升": "华东理工大学生物反应器工程国家重点实验室"}, "合作机构": {"华东化工学院生化工程研究所": "23", "华东理工大学生物反应器工程国家重点实验室": "19", "华东化工学院生化工程系": "1", "华东理工大学生化工程系": "1", "华东化工学院": "1", "上海天厨味精厂": "1", "华东理工大学生物反应器国家重点实验室": "1"}, "文章title": ["L-赖氨酸在中空纤维膜和平板膜中的超滤动力学", "离子交换与膜超滤耦合提取L-赖氨酸", "吸附与离子交换及其在生物技术上的应用", "吸附法分离乙醇的研究", "聚丙烯酸甲酯—二乙烯苯微球的制备", "亚微米强酸树脂对庆大霉素的吸附特性研究", "pH和温度对亚微米强酸树脂吸附L-赖氨酸的影响", "亚微米聚合物粒子与赖氨酸的相互作用", "亚微米强酸型离子交换树脂的合成", "泡沫分离,带溶剂萃取和沉淀法提取庆大霉素", "用超滤法从发酵滤液中分离赖氨酸", "大孔弱酸树脂对卡那霉素的吸附行为", "L—脯氨酸发酵液的脱色研究", "用大网格吸附剂提取红霉素", "用大网格吸附剂提取麦迪霉素的研究", "吸附法提取赤霉素工艺研究", "絮凝法处理L-脯氨酸发酵液的研究", "GD—46大网格聚合物吸附剂的研制和应用", "L—脯氨酸发酵液的预处理"], "学术ID": ["CN-BJ73X81J"]}