{"机构": "南京理工大学现代光谱研究室", "访问量": "2925", "被引量": "1793", "成果数": "117", "H_指数": "24", "G指数": "38", "期刊": "80.3%", "会议": "18.8%", "专著": "0%", "其他": "0.9%", "合作学者": {"周申范": "南京理工大学化工学院", "王瑛": "南京理工大学化工学院", "赵晓蕾": "南京理工大学化工学院", "卢永": "南京理工大学水处理研究所"}, "合作机构": {"南京理工大学化工学院": "149", "南京理工大学水处理研究所": "50", "南京理工大学工业化学研究所": "23", "南京理工大学": "9", "江苏省环境工程咨询中心": "6", "华东工学院325教研室": "5", "南京理工大学分子代谢中心": "4", "南京理工大学经济管理学院": "3", "南京工业职业技术学院": "3", "南京理工大学现代光谱研究室": "2"}, "文章title": ["Characterization and Crystal Structure of Tris(N′‐ethyl‐N‐piperazinyl‐carbodithioato‐s,s′)cobalt(III) Complex: Co(S2CNC4H8NC2H5)3·3H2O", "焦化废水深度处理的研究进展", "固定化微生物技术在废水处理中的研究进展", "An Investigation for the Key Role of Surfactants in Activated Sludge Dewatering", "Biodegradation of organic compounds from coking wastewater with UASB reactor", "l-Tryptophan as green corrosion inhibitor for low carbon steel in hydrochloric acid solution", "焦化废水生化处理研究新进展", "PCR-DGGE在水处理微生物群落多样性分析中的应用", "低相对分子质量水溶性聚季铵盐的合成及其性能研究", "Biodegradation of phenolic compounds from coking wastewater by immobilized white rot fungus Phanerochaete chrysosporium", "<Emphasis Type=\"SmallCaps\">l-Tryptophan as green corrosion inhibitor for low carbon steel in hydrochloric acid solution", "吸附法固定化白腐真菌的研究", "镀铜铁内电解预处理焦化废水的研究", "粉末固定化白腐菌处理焦化废水的研究", "N'-乙基-N-哌嗪基二硫代氨基甲酸铜(Ⅱ)配合物Cu(S2CNC4H8NC2H5)2的晶体结构及谱学研究", "新型聚季铵盐的合成、表征及其性能测试", "2-膦酸基-1，2，4-三羧酸丁烷的晶体结构及阻垢性能研究", "双子季铵盐表面活性剂的合成及表面性能研究", "微波催化氧化处理甲基橙溶液的研究", "镀铜铁内电解预处理含酚废水的研究"], "学术ID": ["CN-BB73PURJ"]}