{"机构": "总后勤部军需装备研究所", "访问量": "2269", "被引量": "1366", "成果数": "112", "H_指数": "19", "G指数": "34", "期刊": "91.1%", "会议": "6.3%", "专著": "0%", "其他": "2.6%", "合作学者": {"于伟东": "东华大学纺织学院", "蒋培清": "中国纺织大学", "石风俊": "中原工学院", "李明忠": "苏州大学材料工程学院"}, "合作机构": {"中国纺织大学": "31", "苏州大学材料工程学院": "19", "东华大学纺织学院": "16", "中原工学院": "15", "中国科学院北京天文台": "8", "青岛大学": "6", "上海工程技术大学纺织学院": "6", "香港理工大学": "6", "扬州职业大学": "5", "总后勤部军需装备研究所": "3"}, "文章title": ["Understanding the Stability for Li-Rich Layered Oxide Li2RuO3 Cathode", "Study on porous silk fibroin materials. I. Fine structure of freeze dried silk fibroin", "Manipulating the electronic structure of Li-rich manganese-based oxide using polyanions: Towards better electrochemical performance", "Study on porous silk fibroin materials. II. Preparation and characteristics of spongy porous silk fibroin materials", "Fast responsive and strong swelling hydrogels based on N -isopropylacrylamide with sodium acrylate", "Characterization of the weak link of wool fibers", "黄麻纤维混凝土单轴拉伸理论曲线的建立及验证", "New method to measure the yarn bending rigidity from the yarn-hung configuration", "基于悬挂造型求纱线抗弯刚度的探讨", "自适应纺织品的类别及其制品", "黄麻纤维改善砂浆抗裂性能的研究", "空气层对织物动态热湿传递性能的影响", "An Investigation on the Formation Mechanism of the Porous Structure of the PU Films", "织物动态热湿传递性能测试仪的研制", "织物动态热温传递性能测试仪的研制", "高温环境中服装材料选择的人体实验", "亲水性疏水性织物动态热湿舒适性比较研究", "Study on Dynamic Heat-moisture Transfer Properties of Summer Fabrics Using Microclimatic Method", "Analytical Algorithms for the Blend Ratios by Fibre-bundle Tensile Curves Part Ⅲ:The Definition Method and the Relationships between the Blend Ratio and Tensile Parameters Calculated from Different..."], "学术ID": ["CN-BC75K8PJ"]}