{"机构": "中国社会科学院文学所", "访问量": "1406", "被引量": "645", "成果数": "63", "H_指数": "15", "G指数": "23", "期刊": "96.8%", "会议": "3.2%", "专著": "0%", "其他": "0%", "合作学者": {"袁进": "上海大学文学院", "范智红": "中国社会科学院文学所"}, "合作机构": {"上海大学文学院": "1", "中国社会科学院文学所": "1"}, "文章title": ["中国现代文学的“起点”问题", "卢作孚的事业", "拓展和深化中国现代文学史研究的几个问题", "读《填平雅俗鸿沟》的感想与思考", "从《檀香刑》看莫言小说的贡献", "中国现代文学的起点在何时", "关于文学史写作的回信", "鲁迅心目中文艺家和知识阶层的时代使命", "就《二十世纪中国文学史》若干问题答客问", "《二十世纪中国文学史》问答", "让文学史真正成为文学自身的历史", "长篇历史小说《李自成》的艺术贡献", "中国现代文学起点在何时？", "交流,方能进步——顾彬《二十世纪中国文学史》给我的启示", "“五四”文学思潮探源", "“五四”新体白话的起源、特征及其评价", "试说“中国的奥勃洛莫夫”——从《王蒙自传》谈到倪吾诚形象的典型意义", "\"五四\"新体白话的起源、特征及其评价", "一个痴情者的学术回眸", "宗璞:我们不是两手空空"], "学术ID": ["CN-BA74YUQJ"]}