{"机构": "解放军总医院", "访问量": "1588", "被引量": "1200", "成果数": "256", "H_指数": "16", "G指数": "27", "期刊": "82.4%", "会议": "8.6%", "专著": "5.1%", "其他": "3.9%", "合作学者": {"杨柯": "中国科学院金属研究所", "王威": "中国传媒大学信息工程学院", "胡松": "中国科学院光电技术研究所", "单以银": "中国科学院金属研究所"}, "合作机构": {"中国科学院光电技术研究所": "174", "中国科学院金属研究所": "166", "国家复合改性聚合物材料工程技术研究中心": "93", "中国科学院研究生院": "76", "中国传媒大学信息工程学院": "69", "中国海洋大学": "22", "中国科学院光电技术研究所微细加工光学技术国家重点实验室": "17", "北京中医药大学": "17", "广东电网公司": "11", "解放军总医院": "9"}, "文章title": ["High-Temperature Oxidation Behavior of SIMP Steel at 800 °C", "Highly efficient flame-retardant glass-fiber-reinforced polyamide 6T system based on a novel DOPO-based derivative: Flame retardancy, thermal decomposition, and pyrolysis behavior", "Effect of multiwalled carbon nanotubes and phenethyl-bridged DOPO derivative on flame retardancy of epoxy resin", "OMMT对PA6／ABS共混体系结晶行为及热力学性能的影Ⅱ向", "Microbial corrosion resistance of a novel Cu-bearing pipeline steel", "Corrosion Resistance of Co-containing Maraging Stainless Steel", "Flame-retardant effect of a phenethyl-bridged DOPO derivative and layered double hydroxides for epoxy resin", "Novel flame retardancy effect of phenethyl-bridged DOPO derivative on epoxy resin", "Eliminating the Rayleigh anomalies in metal grating", "纳米蒙脱土对PA66/PP共混物结构与性能的影响", "Enhanced flame retardancy of epoxy resin containing a phenethyl-bridged DOPO derivative/montmorillonite compound", "Ripening behavior of M23C6 carbides in P92 steel during aging at 800°C", "Effect of Cu Addition in Pipeline Steels on Microstructure, Mechanical Properties and Microbiologically Influenced Corrosion", "Microstructure characteristics of segregation zone in 17-4PH stainless steel piston rod", "Study on Microbiologically Influenced Corrosion Behavior of Novel Cu-Bearing Pipeline Steels", "The soften mechanisms of martensitic heat resistant steels during hot deformation", "新设计的马氏体耐热钢的组织稳定性", "The soften mechanisms of martensitic heat resistant steels during hot deformation", "A New Maraging Stainless Steel with Excellent Strength–Toughness–Corrosion Synergy"], "学术ID": ["CN-BX74LI5J"]}