{"机构": "武汉军械士官学校", "访问量": "383", "被引量": "238", "成果数": "51", "H_指数": "7", "G指数": "14", "期刊": "74.5%", "会议": "15.7%", "专著": "2%", "其他": "7.8%", "合作学者": {"杨九民": "华中师范大学信息技术系", "郑旭东": "南京大学哲学系", "杨宗凯": "华中科技大学电子与信息工程系", "李忠": "江苏联合职业技术学院常州刘国钧分院"}, "合作机构": {"华中师范大学信息技术系": "11", "南京大学哲学系": "5", "华中科技大学电子与信息工程系": "4", "江苏联合职业技术学院常州刘国钧分院": "3", "华北电力大学外国语学院": "2", "华中师范大学信息管理系": "1", "嘉峪关市长城路小学": "1", "山东省海洋水产研究所": "1", "中国医科大学附属第一医院": "1", "武汉军械士官学校": "1"}, "文章title": ["基于现代信息技术的职业教育教学模式改革研究", "激活学生思维的数学教学研究", "“区域智慧教育云”的实践现状及发展路径研究", "科学编制教学计划 夯实教学管理工作", "浅议小学数学课堂教学中对生成性资源的捕捉与有效利用", "“云计算”环境下课程智慧教育云平台研究", "基于中外合作办学模式的高职院校教学团队建设", "基于时滞相关负反馈的用户信任网络控制推荐模型", "让智慧在数学课堂中闪光", "MOOC对我国高校精品开放课程建设的启示", "教育信息化战略发展新阶段的多维透视与思考", "基于分层教学提升师范生实践能力的研究", "赛博基础设施与赛博学习环境的概念与模型", "让孩子们在歌声中成长", "数学课堂也美丽--激活学生的快乐因子", "基于分层教学提升师范生实践能力的研究", "高职院校构建研究性学习模式的探讨", "赛博学习:学习科学创新发展的新战略支点"], "学术ID": ["CN-BC73UPJJ"]}