{"机构": "宜春学院", "访问量": "833", "被引量": "414", "成果数": "42", "H_指数": "11", "G指数": "19", "期刊": "92.9%", "会议": "4.8%", "专著": "0%", "其他": "2.3%", "合作学者": {"黎明": "南昌航空大学无损检测技术教育部重点实验室", "刘高航": "南昌航空工业学院", "李禾": "南昌航空工业学院", "王凤翔": "南昌航空工业学院"}, "合作机构": {"南昌航空工业学院": "33", "南昌航空大学无损检测技术教育部重点实验室": "13", "南昌航空工业学院测控系": "8", "南昌航空工业学院实验力学研究室": "4", "北京航空材料研究院": "3", "南昌航空大学航空制造工程学院": "3", "上海市疾病预防控制中心": "2", "上海交通大学塑性成形工程系": "1", "江西师范大学教育科学学院": "1", "宜春学院": "1"}, "文章title": ["环向集中力作用管道的变分法受力分析", "轴向压入式管接头过盈量的计算", "二向不等围压和线性内压下椭圆形水工洞室的应力计算", "基于瞬变电磁法对缺陷管道的可靠性评估", "布里渊散射水下探测目标的自动识别", "高温云纹图像细化后的毛刺去除", "云纹干涉条纹图像自动识别的研究", "光弹实验中纯弯曲梁的等差线图骨架线提取新方法", "密栅云纹干涉法高温实验技术研究与应用", "实验室队伍建设的现状与对策", "高温云纹干涉法测定材料力学性能的研究", "基于遗传算法的干涉图像的最佳熵研究", "云纹干涉法中干涉条纹的计算机自动识别研究", "An experimental research on measuring fracture toughness of high-temperature alloy by holographic moire interferometry", "An experimental research on measuring fracture toughness of high-temperature alloy by holographic moire interferometry", "直接HOUGH变换在灰度图像中多直线检测的研究", "一种改进的检测多个同心圆环的方法", "激光全息云纹干涉法测定高温合金材料断裂特性的试验研究"], "学术ID": ["CN-B2746POJ"]}