{"机构": "中国科学院南京地理与湖泊研究所", "访问量": "2917", "被引量": "2357", "成果数": "275", "H_指数": "24", "G指数": "36", "期刊": "96%", "会议": "3.3%", "专著": "0%", "其他": "0.7%", "合作学者": {"张振华": "鲁东大学地理与规划学院", "刘海琴": "江苏省农业科学院农业资源与环境研究所", "张志勇": "江苏省食品质量安全重点实验室农业部食品安全监控重...", "高岩": "华东师范大学资源与环境学院"}, "合作机构": {"江苏省农业科学院农业资源与环境研究所": "441", "鲁东大学地理与规划学院": "72", "江苏省食品质量安全重点实验室农业部食品安全监控重点开放实验室": "61", "江苏省农业科学院": "50", "江苏省农科院土肥所": "47", "华东师范大学资源与环境学院": "42", "中国科学院南京地理与湖泊研究所湖泊与环境国家重点实验室": "30", "河南农业大学农学院": "16", "中国科学院东北地理与农业生态研究所": "16", "中国科学院南京地理与湖泊研究所": "14"}, "文章title": ["连续降雨后太湖流域典型农田土地利用方式下土壤至入湖河流水体细菌群落的变化", "Advances in management and utilization of invasive water hyacinth (Eichhornia crassipes) in aquatic ecosystems - a review.", "Dynamics of copper and tetracyclines during composting of water hyacinth biomass amended with peat or pig manure.", "Variations in abundance and community composition of denitrifying bacteria during a cyanobacterial bloom in a eutrophic shallow lake in China", "Improving water quality and balance of nitrogen and phosphorus in Dianchi lake based on ecological restoration with Eichhornia crassipes.", "山羊乳成分变化的曲线拟合", "饲粮中金针菇菌渣水平对山羊屠宰性能及肉品质的影响", "代乳品和开口料对哺乳中后期羔羊生长性能血清生化指标和营养物质表观消化率的影响", "金针菇菌渣日粮对山羊养分表观消化率及血清生化指标的影响", "山羊乳成分分析及变化规律", "南方农区小麦秸秆与非常规饲料的组合利用", "保水剂对发酵床垫料栽培基质性状及小白菜生长的影响", "基质栽培中追施化肥对可溶性有机质及西瓜生长的影响", "发酵床熟化垫料肥料化发酵特性", "化肥施用量对基质栽培樱桃番茄产量品质的影响及基质重茬利用效果", "植物叶蛋白提取及脱色研究进展", "养殖废水中抗生素的植物修复研究进展", "漂浮水生植物对富营养化水体中N2O产生及输移过程的调节作用", "凤眼莲生态修复工程改善滇池水质及湖体氮磷收支平衡", "不同污染负荷下浮水植物对水体营养盐的去除及生理响应"]}