{"机构": "遵义医学院第五附属医院", "访问量": "799", "被引量": "4227", "成果数": "63", "H_指数": "10", "G指数": "0", "期刊": "93.7%", "会议": "4.8%", "专著": "1.5%", "其他": "0%", "合作学者": {"靳立军": "广东省心血管病研究所", "董太明": "广东省人民医院", "乌汉东": "广东省人民医院", "于汇民": "广东省人民医院"}, "合作机构": {"广东省人民医院": "166", "广东省心血管病研究所": "41", "河南省人民医院": "23", "广东省心血管病研究所心内科": "4", "广东药学院附属第一医院": "3", "武汉大学公共卫生学院": "1", "福建省立医院": "1", "香港理工大学电子计算学系": "1", "天津中医药大学第一附属医院": "1", "遵义医学院第五附属医院": "1"}, "文章title": ["A single-center observational study on the efficacy of percutaneous coronary intervention for ischemic heart failure: A cohort study.", "The Prognostic Value of ADP-Induced Platelet Aggregation for Bleeding Complications in Low - Intermediate Risk Patients with Acute Coronary Syndrome Taking Clopidogrel After Percutaneous Coronary I...", "The Application of Rotational Atherectomy in PCI of Coronary Chronic Total Occlusions", "穿微导管技术在逆向经皮冠状动脉介入治疗中的应用", "停经前与停经后年轻女性冠心病患者危险因素及冠状动脉病变特点比较", "某地区50岁以上女性冠心病患者危险因素分析及冠状动脉造影特点", "年龄≤50岁女性冠心病患者危险因素及冠状动脉造影特点", "GW25-e3089 Bleeding outcomes in low-mediate risk acute coronary syndrome patients receiving stenting predicted by adenosine diphophate induced platelet aggregation after initiation of clopidogrel: ...", "一种经皮植入式左心辅助装置的泵流量测试", "一种经皮植入式左心辅助装置的流量、溶血及植入性实验研究", "经单桡动脉途径行慢性完全闭塞病变介入治疗同时行对侧造影的可行性", "[A new technique for bilateral angiography in a single radial access].", "Drug-Tolerant Cancer Cells Show Reduced Tumor-Initiating Capacity: Depletion of CD44+ Cells and Evidence for Epigenetic Mechanisms", "氯吡格雷不同负荷方案对中低危ACS患者支架植入术的影响", "二磷酸腺苷诱导血小板聚集率与急性冠状动脉综合征患支架置入预后的关系", "冠心病患者植入Firebird2~(TM)钴铬合金药物支架中期随访报告", "长期他汀类药物治疗对肝功能异常冠心病患者心血管事件的预防效应及安全性评估", "反向CART技术治疗冠状动脉慢性完全闭塞病变"]}