{"机构": "第二军医大学长海医院", "访问量": "2438", "被引量": "1523", "成果数": "91", "H_指数": "20", "G指数": "37", "期刊": "71.4%", "会议": "28.6%", "专著": "0%", "其他": "0%", "合作学者": {"杨世锡": "浙江大学", "吴昭同": "浙江大学", "钱苏翔": "嘉兴学院机电工程学院", "焦卫东": "浙江大学机械工程系"}, "合作机构": {"浙江大学": "110", "嘉兴学院机电工程学院": "40", "浙江大学机械工程系": "17", "浙江大学机械与能源学院": "14", "宁波工程学院电信学院": "12", "郑州大学机械工程学院": "5", "浙江大学现代制造工程研究所": "5", "嘉兴学院机电与建筑工程学院": "4", "嘉兴学院机电工程分院": "3", "第二军医大学长海医院": "2"}, "文章title": ["Improved Particle Swarm Optimization with Controllable Velocity-Updating Mode", "Study on a Novel Wheel Type Tree-Climbing Robot", "信号瞬时频率直接计算法与Hilbert变换及Teager能量法比较", "Comparison of Instantaneous Frequency Directed Computing Method and Hilbert Transform and Teager Energy Method", "LMD时频分析方法的端点效应在旋转机械故障诊断中的影响", "Dynamic Modeling and Its Sliding Controller of MR Shock Absorber under Impact Load", "Research on the water quality forecast method Based on SVM", "Waveform Reconstruction of Multiple Spatio-temporal Mixed Sources by the Joint Use of MUSIC and FastICA", "联合应用MUSIC与FastICA算法实现多个时空混叠源信号的波形重建", "检测键相信号周期的新方法研究", "Research on the Characteristic Gas Acquisition and Data Processing System for Power Transformer", "Development of fault diagnosis system for transformer based on multi-class support vector machines", "Analysis and Simulation on a Class of Improved Swarm Optimizer", "Detecting a Cracked Rotor with HHT-based Time-Frequency Representation", "多峰值函数优化的改进粒子群算法", "基于最大重复离散小波变换的阻抗继电器新算法", "基于非线性主分量分析—多层感知器网络的变压器油中溶解气体数据分析", "Wireless Monitoring and Assessment System of Water Quality Based on GPRS", "EMD端点效应的评价指标及抑制端点效应的窗函数法"]}