{"机构": "中国矿业大学", "访问量": "702", "被引量": "511", "成果数": "56", "H_指数": "13", "G指数": "19", "期刊": "87.5%", "会议": "8.9%", "专著": "0%", "其他": "3.6%", "合作学者": {"张树有": "浙江大学CADCG国家重点实验室", "谭建荣": "浙江大学CADCG国家重点实验室", "冯毅雄": "浙江大学CADCG国家重点实验室", "纪杨建": "浙江大学现代制造工程研究所"}, "合作机构": {"浙江大学CADCG国家重点实验室": "83", "浙江大学现代制造工程研究所": "7", "浙江大学机械工程学系": "4", "内蒙古工业大学机械学院": "4", "浙江大学流体动力与机电系统国家重点实验室": "2", "浙江大学机械与能源工程学院": "2", "浙江机电职业技术学院": "2", "浙江大学流体传动及控制国家重点实验室": "1", "浙江申达机器制造股份有限公司": "1", "中国矿业大学": "1"}, "文章title": ["可拓集成模式的工程图学试题库组卷方法研究", "大温差工况下模具发汗水膜冷却机理", "板翅换热器导流结构非线性映射与性能多目标优化", "Cooling mechanism of condensed water film on surface of mould cavity under large temperature difference", "面向不确定信息的复杂装备制造方案", "千吨级注塑机十字头轴孔配合的接触分析", "面向复杂机电系统建模的设计结构矩阵层次进化构建方法", "面向目标变异的操作臂运动学优化设计", "产品可拆卸结构单元图谱构建与演化", "基于PDM的产品数字化设计与数控加工集成信息模型", "Research on the Concept Design Based on the Symbol Modeling", "基于模糊多属性决策的复杂产品配置方法", "面向复杂机械产品的目标选择性拆卸序列规划方法", "产品多粒度层次可拆卸性评价模型与方法", "Object Selective Disassembly Sequence Planning for Complex Mechanical Products", "Configuration Design of Complex Products Based on Fuzzy Multi-attribute Decision-making", "多腔模流道的多元化布局建模技术研究", "多腔模流道的多元化布局建模技术研究", "面向产品开发过程的动态知识关联与导航技术研究"]}