{"机构": "国家文物局", "访问量": "801", "被引量": "359", "成果数": "12", "H_指数": "6", "G指数": "0", "期刊": "91.7%", "会议": "8.3%", "专著": "0%", "其他": "0%", "合作学者": {"魏挹澧": "天津大学建筑学院", "阮仪三": "同济大学建筑与城市规划学院", "单德启": "清华大学建筑学院", "郑孝燮": "国家历史文化名城保护专家委员会"}, "合作机构": {"清华大学建筑学院": "2", "国家历史文化名城保护专家委员会": "1", "天津大学建筑学院": "1", "同济大学建筑与城市规划学院": "1", "建设部外事司": "1", "国家文物局": "1"}, "文章title": ["北非古国——摩洛哥历史文化名城保护启示", "浅谈北京川底下历史文化名村保护规划", "北京四合院民居建筑的保护与传承", "前门地区保护、整治与发展规划", "北京前门历史文化街区保护、整治与发展规划", "北京前门历史街区传统民居特色探析", "对北京旧城居住区更新的反思和探索", "现代住区环境设计与传统聚落文化—传统聚落环境精神文化形态探析", "传统聚落环境空间结构探析", "现代城镇建设与古村文化保护——北京川底下古村价值与保护探析", "小城镇及村庄规划建设中的历史文化城镇和古民居保护", "北京“通洲古运河风景旅游区”总体规划探索"], "学术ID": ["CN-BW75CQ9J"]}