{"机构": "华南农业大学兽医学院", "访问量": "1490", "被引量": "699", "成果数": "108", "H_指数": "13", "G指数": "19", "期刊": "95.4%", "会议": "1.9%", "专著": "1.9%", "其他": "0.8%", "合作学者": {"刘锴": "西安理工大学理学院", "宋清": "华南农业大学理学院", "杨运经": "西北农林科技大学理学院", "杨初平": "华南农业大学理学院"}, "合作机构": {"西安理工大学理学院": "63", "华南农业大学理学院": "57", "西北农林科技大学理学院": "22", "西北农林科技大学应用物理系": "22", "西安理工大学自动化与信息工程学院": "13", "西北农业大学基础课部": "6", "西安理工大学电子工程系": "5", "华南农业大学林学院": "5", "武警西安指挥学院数理教研室": "5", "华南农业大学兽医学院": "3"}, "文章title": ["Alleviating effect of extremely low frequency pulsed electric field on drought damage of maize seedling roots", "Changes and significance of marginal spectrum on maize leaves potential fluctuations under osmotic stress", "渗透胁迫下玉米叶片电位波动边际谱的变化与意义", "基于超弱光子辐射评价玉米萌发期耐盐性的方法", "LED 诱导延迟荧光技术评价脉冲电场对玉米幼苗抗旱性的影响", "Evaluation method of corn salt resistance during germination based on ultra weak photon emission", "Effect of Pulsed Electric Field on Drought Resistance of Maize Seedling Based on Delayed Fluorescence Induced with LED", "Effect of protein synthesis inhibitors on ultraweak photon emission during germination of corn", "极低频脉冲电场对渗透胁迫下玉米幼苗根系细胞延迟光子辐射的影响", "蛋白质合成抑制剂对萌发玉米超弱光子辐射的影响", "渗透胁迫下玉米幼苗根系超弱光子辐射的变化与分析", "NaCl胁迫下玉米种子萌发过程中超弱光子辐射的变化", "Effect of pulsed electric field on spontaneous photon emission of corn seedlings under osmotic stress", "Effect of Extremely Low Frequency Pulsed Electric Field on Delayed Biophoton Emission of Cells in Maize Seedling Root under Osmotic Stress", "Effect of NaNon Ultra-weak Photon Emission during Germination of Corn", "脉冲电场对渗透胁迫下玉米幼苗自发光子辐射的影响", "NaN_3对玉米萌发过程中超弱光子辐射的影响", "Changes of ultraweak photon emission of corn during germination under NaCl stress", "极低频高压脉冲电场对萌发绿豆干旱伤害的缓解作用"], "学术ID": ["CN-BA74E4HJ"]}