{"机构": "中国社会科学院经济研究所", "访问量": "2293", "被引量": "1019", "成果数": "32", "H_指数": "9", "G指数": "31", "期刊": "90.6%", "会议": "6.3%", "专著": "3.1%", "其他": "0%", "合作学者": {"张文显": "吉林大学法学院", "陈兴良": "北京大学法学院", "周汉华": "中国社会科学院法学研究所", "张曙光": "中国社会科学院经济研究所"}, "合作机构": {"中国社会科学院法学研究所": "6", "中国政法大学": "3", "吉林大学法学院": "2", "北京大学法学院": "2", "中国人民大学法学院": "2", "北京大学光华管理学院": "1", "华东政法学院": "1", "武汉大学法学院": "1", "中国社会科学院经济研究所": "1"}, "文章title": ["全面推进依法治国是对资本市场最大的完善——在第五届“上证法治论坛”上的演讲", "中国特色社会主义法律体系及其重大意义", "我国《证券法》的发展历程及其修改完善", "他视中国为第二故乡——怀念美国参议院前临时参议长、“飞虎队”队员史蒂文斯先生", "民生和社会建设的法治保障", "为形成和完善中国特色社会主义法律体系努力做好立法工作", "正确的理念是依法履职的思想保证——读《社会主义法治理念读本》", "通过法律实现社会改革与进步——中国的故事", "依法治国成为治国基本方略", "法律移植的理论与实践", "向民主和法治国家继续迈进", "对增加就业岗位的三点建议", "法律与“原罪”问题座谈会", "中国需要什么样的司法权力?", "国家司法考试需要相应的制度支持", "他为什么拒绝自由——兼谈文化、规则与行为模式", "董必武同志与新中国的司法审判工作", "从艰难与挫折中走向辉煌——20世纪中国法治发展回顾与未来前瞻", "后现代法学:为法治探索未来"], "学术ID": ["CN-BA74VWXJ"]}