{"机构": "第一军医大学珠江医院", "访问量": "1018", "被引量": "611", "成果数": "101", "H_指数": "14", "G指数": "20", "期刊": "84.2%", "会议": "15.8%", "专著": "0%", "其他": "0%", "合作学者": {"刘伊丽": "第一军医大学南方医院", "周忠江": "第一军医大学南方医院", "查道刚": "第一军医大学南方医院", "宾建平": "南方医科大学南方医院"}, "合作机构": {"第一军医大学南方医院": "229", "南方医科大学南方医院": "159", "南方医科大学附属南方医院": "12", "江门市人民医院": "8", "苏州医学院附属第二医院": "6", "广州军区广州总医院": "5", "广州市番禺区中心医院": "4", "第一军医大学附属南方医院": "4", "解放军总医院": "3", "第一军医大学珠江医院": "3"}, "文章title": ["非诺贝特联合参附注射液对高尿酸血症冠心病患者PCI后对比剂急性肾损伤的影响研究", "Left ventricular diastolic dysfunction in patients with ST-elevation myocardial infarction following early and late reperfusion by coronary intervention", "Prognostic Value of Myocardial Perfusion Analysis in Patients with Coronary Artery Disease: A Meta-Analysis", "[Clinical outcomes of intravascular ultrasound in guiding the treatment of non-left main intermediate coronary lesions for patients with acute coronary syndrome]", "Validation of Left Atrial Volume Estimation by Left Atrial Diameter from the Parasternal Long-Axis View", "血管内超声指导急性冠脉综合征患者冠状动脉非左主干临界病变治疗的临床效果", "RGD靶向微泡介导血管内超声评价斑块新生滋养血管", "A novel hydrodynamic approach of drag-reducing polymers to improve left ventricular hypertrophy and aortic remodeling in spontaneously hypertensive rats", "基于安卓系统对心脏康复风险评估软件的开发和应用前景", "Comparing treatment outcomes of fractional flow reserve-guided and angiography-guided percutaneous coronary intervention in patients with multi-vessel coronary artery diseases: a systematic review ...", "经皮冠脉介入治疗无保护左主干病变的效果及预后影响因素探讨", "减阻剂改善自发性高血压大鼠左心室重塑", "Delivery of Hydrogen Sulfide by Ultrasound Targeted Microbubble Destruction Attenuates Myocardial Ischemia-reperfusion Injury.", "减阻剂改善自发性高血压大鼠主动脉重塑", "减阻剂对犬冠状动脉微循环的影响", "超声空化微泡效应促进缺血骨骼肌血管新生的机制", "糖尿病与非糖尿病患者支架植入术后支架边缘血管形态学比较", "[Mechanism of lumen loss of the left circumflex ostium after main vessel stent implantation: observations by intravascular ultrasound].", "血管内超声分析左主干分叉病变主支植入支架后分支血管受累的原因", "超声破坏微泡介导干细胞移植的可行性及机制探讨"]}