{"机构": "中铁大桥局", "访问量": "232", "被引量": "133", "成果数": "31", "H_指数": "7", "G指数": "10", "期刊": "87.1%", "会议": "12.9%", "专著": "0%", "其他": "0%", "合作学者": {"王颖": "中国地质大学", "李卓球": "武汉理工大学理学院", "宋显辉": "武汉理工大学理学院", "李俊": "中国地质大学(武汉)工程学院"}, "合作机构": {"武汉理工大学理学院": "9", "中国地质大学(武汉)工程学院": "7", "中国地质大学": "6", "中国地质大学工程学院": "6", "中国地质调查局": "2", "北京航空材料研究院": "1", "山东省千佛山医院": "1", "中铁大桥局": "1"}, "文章title": ["材料试验系统横梁升降锁紧装置的改装设计", "双轴疲劳试验系统精度的标定研究", "循环球式动力转向器冲击试验设计", "循环球式转向器磨损试验助力泵站的设计与实现", "循环球转向器可靠性磨损试验系统的设计与实现", "汽车EPS性能试验系统的设计与实现", "汽车踏板衬套压装系统的设计与实现", "Finite-Element Analysis and Reliability Test of Power Steering Gear on the Fatigue Performance", "基于新木桶理论的煤矿瓦斯爆炸控制体系研讨", "模糊综合评价在乙二醛生产工艺中的应用", "某铀矿井氡析出量与排氡通风量的估算", "基于安全系统的石油钻井工程危险辨识", "基于MATLAB平台的凝聚相爆炸模型的分析与程序实现", "基于岩性与应力的岩爆条件试验研究", "Theoretical Research and Numerical Simulation for Defects Detection of Concrete with Infrared Thermograph (IRT)", "Fractal study on infrared thermal-imaging", "基于风险减小三步法的液压源安全设计", "隧道工程施工的事故分析与安全措施", "混凝土导热-损伤耦合的理论与分形研究", "高层建筑火灾人群疏散模型研究"]}