{"机构": "复旦大学数学研究所", "访问量": "256", "被引量": "94", "成果数": "22", "H_指数": "4", "G指数": "9", "期刊": "68.2%", "会议": "31.8%", "专著": "0%", "其他": "0%", "合作学者": {"冉强辉": "上海体育学院期刊社", "姜富明": "同济大学", "吴川灵": "中国纺织大学", "陈光宇": "复旦大学数学研究所"}, "合作机构": {"上海体育学院期刊社": "6", "同济大学": "5", "中国纺织大学": "5", "复旦大学数学研究所": "2"}, "文章title": ["GB3102-93与GB3102-86中物理量名称变化的对比", "关于量和单位新老国家标准的比较和分析", "浅议《高等学校自然科学学报评比标准》", "关于一稿多投的法律思考", "编辑学研讨的一种好形式", "关于一稿多投的法律思考", "浅议《高等学校自然科学学报评比标准》", "关于几个已废弃的物理量与单位", "浅议市场经济与科技期刊管理工作的改革", "对高校学报获基金资助课题论文率的调查分析", "关于学报编排规范部分条文的修订意见", "对科技期刊学术质量评估体系中参考文献构建指标的调查与研究", "关于学报编排规范部分条文的修订意见", "关于高校学报质量评价数学模型的思考", "如何科学地预测和评估高校学报的学术质量", "关于高校学报质量评价数学模型的思考", "对高校学报获基金资助课题产文率的调查研究", "对高校学报获基金资助课题产文率的调查研究", "高校学报学术质量评估指标体系及量化方法刍议", "高校学报学术质量评估指标体系及量化方法刍议"], "学术ID": ["CN-BY74MWSJ"]}