{"机构": "武汉大学", "访问量": "120", "被引量": "61", "成果数": "9", "H_指数": "3", "G指数": "7", "期刊": "77.8%", "会议": "22.2%", "专著": "0%", "其他": "0%", "合作学者": {"陈世鸿": "武汉大学计算机学院", "何炎祥": "武汉大学计算机学院", "刘斌": "武汉大学", "王丽娜": "武汉大学计算机学院"}, "合作机构": {"武汉大学计算机学院": "11", "武汉大学": "1"}, "文章title": ["基础学科拔尖人才培养模式探索与实践", "依托编译原理课程教学的大学生素质培养实践", "基于能力培养的软件工程教学实践", "基于领域应用的编译原理教学探索", "现代教学理论指导下的\"编译原理\"教学综合改革", "计算机专业不需要开设编译原理课程吗?", "多媒体教育资源库层次索引模型", "基于本体的教育资源检索机制研究", "基于特征的教育资源库系统"], "学术ID": ["CN-B274I4DJ"]}