{"机构": "四川农业大学", "访问量": "3132", "被引量": "2336", "成果数": "189", "H_指数": "26", "G指数": "43", "期刊": "82%", "会议": "15.3%", "专著": "0%", "其他": "2.7%", "合作学者": {"杨刚": "四川农业大学资源环境学院", "张小洪": "四川农业大学资源环境学院", "漆辉": "四川农业大学资源环境学院", "张延宗": "四川省环境保护农村环境保护工程技术中心"}, "合作机构": {"四川农业大学资源环境学院": "201", "四川省环境保护农村环境保护工程技术中心": "24", "郑州大学第一附属医院": "18", "中国农业科学院农业资源与农业区划研究所": "17", "四川大学高分子科学与工程学院高分子材料工程国家重点实验室": "16", "四川省环境保护科学研究院": "15", "南京大学计算机科学与技术系": "15", "四川大学建筑与环境学院": "15", "四川农业大学资源环境学院农业环境工程四川省重点实验室": "12", "四川农业大学": "11"}, "文章title": ["The environmental sustainability evaluation of an urban tap water treatment plant based on emergy", "Adsorption characteristics of Cd(II) in aqueous solutions using spent mushroom substrate biochars produced at different pyrolysis temperatures", "Investigating impact of waste reuse on the sustainability of municipal solid waste (MSW) incineration industry using emergy approach: A case study from Sichuan province, China.", "Shifts in the relative abundance of bacteria after wine-lees-derived biochar intervention in multi metal-contaminated paddy soil", "The factors affecting biochar application in restoring heavy metal-polluted soil and its potential applications", "Grey relational analysis for evaluating the effects of different rates of wine lees-derived biochar application on a plant–soil system with multi-metal contamination", "沼液对芥菜产量、品质及病虫害防治的影响", "Effect of vanadium carbide on commercial pure aluminum", "emergy evaluation of the sustainability of Chinese crop production system during 2000â2010", "Adsorption Characteristics of Pb(2+) onto Wine Lees-Derived Biochar", "An emergy evaluation of the sustainability of Chinese crop production system during 2000–2010", "Removal of Congo Red and Methylene Blue from Aqueous Solutions by Vermicompost-Derived Biochars", "Evaluating the trends of China's ecological civilization construction using a novel indicator system", "二甲基二烯丙基氯化铵-镁盐改性甘蔗渣对染料废水脱色研究", "Emergy evaluation of an industrial park in Sichuan Province, China: A modified emergy approach and its application", "蚯蚓粪便生物炭对水体中雌二醇的吸附"]}