{"机构": "中南大学湘雅医院", "访问量": "381", "被引量": "313", "成果数": "38", "H_指数": "8", "G指数": "17", "期刊": "84.2%", "会议": "5.3%", "专著": "0%", "其他": "10.5%", "合作学者": {"余道江": "苏州大学附属第二医院", "赵天兰": "蚌埠医学院附属医院", "陈琦": "苏州大学附属第二医院", "韩文雅": "苏州大学附属第二医院"}, "合作机构": {"苏州大学附属第二医院": "103", "蚌埠医学院附属医院": "33", "解放军第117医院": "4", "浙江大学医学院附属第一医院": "3", "苏州大学附属第一医院": "2", "解放军总医院": "1", "河南省肿瘤医院": "1", "浙江大学生物医学工程系": "1", "中南大学湘雅医院": "1"}, "文章title": ["MicroRNA‑663 regulates the proliferation of fibroblasts in hypertrophic scars via transforming growth factor‑β1", "Myricetin exerts potent anticancer effects on human skin tumor cells", "Adipose-derived stem cells improve neovascularization in ischemic flaps in diabetic mellitus through HIF-1α/VEGF pathway.", "The effects of recombinant human growth hormone (rHGH) on survival of slender narrow pedicle flap and expressions of vascular endothelial growth factor (VEGF) and classification determinant 34 (CD34)", "邻近狭长皮瓣和窄蒂皮瓣在面部瘢痕整复中的应用效果", "微小RNA-411对黑色素瘤增殖与侵袭的影响", "下颌缘双蒂皮瓣联合创缘几何形破裂线设计一期修复面颊部严重犬咬伤", "固定长宽比狭长窄蒂携带最大成活面积皮瓣及压力差技术治疗淤血皮瓣的动物实验及临床应用研究", "狭长窄蒂皮瓣成活过程中低氧诱导因子-1α的表达及作用", "Dynamic Change of CD34 Level during the Survival Process of Narrow Pedicle Flap.", "经皮造口术结合主动外引流在治疗难治性褥疮中的应用", "健侧胸壁“网球拍”状皮下筋膜蒂皮瓣移植修复乳癌术后放射性溃疡", "术前注射重组人生长激素对狭长窄蒂皮瓣成活及血管生成的影响", "重组人生长激素促进狭长窄蒂皮瓣成活及碱性成纤维细胞因子表达的研究", "波动式负压封闭引流技术在皮瓣移植修复囊腔型褥疮术中的应用", "波动式负压封闭引流在复杂创面植皮术中的应用", "乒乓球拍样任意皮瓣局部注射重组人生长激素促进其成活的实验研究", "A method for reconstruction of vermilion tubercle.", "Relationship between the ratio of length to width of the slender narrow pedicle and the survival area of the random flap", "负压封闭引流技术在狭长窄蒂皮瓣中的应用"]}