{"机构": "四川大学高速水力学国家重点实验室", "访问量": "156", "被引量": "75", "成果数": "45", "H_指数": "5", "G指数": "5", "期刊": "66.7%", "会议": "22.2%", "专著": "11.1%", "其他": "0%", "合作学者": {"谢凯": "长江大学电子信息学院", "杜红": "长江大学电子信息学院", "余厚全": "长江大学电子信息学院", "陈传波": "华中科技大学计算机科学与技术学院"}, "合作机构": {"长江大学电子信息学院": "51", "华中科技大学计算机科学与技术学院": "10", "湖南大学电气与信息工程学院": "6", "长江大学物理科学与技术学院": "5", "四川大学华西医院": "4", "中南大学信息科学与工程学院": "3", "西安邮电学院通信工程系": "1", "东莞理工学院学生处": "1", "四川大学高速水力学国家重点实验室": "1"}, "文章title": ["基于视点运动的海量数据快速显示方法研究", "基于曲波变换的医学图像增强算法", "“卓越工程师”背景下《算法与数据结构》课程教学改革与实践", "C语言教学方法探讨", "电信专业数据库课程教学改革与实践", "Fuzzy Recognition Intelligent System Based on Cash Character", "Hybrid Modeling Based on Multiple Range Image", "任务驱动在数据库技术中的应用", "Intelligent System of Brain Tumor Automation Diagnosis Based on Image Analysis and Mining", "基于负相关神经网络集成的货币识别算法研究", "“数据结构”课程教学改革与实践", "A 3D Clipping Simulation Based on Virtual Surgery", "A Color Image Representation Method Based on Double-Rectangle NAM", "A Color Image Representation Method Based on Double-Rectangle NAM", "Brain Tumors Classification Based on 3D Shape", "《TCP/IP协议》双语教学探讨", "A New Preprocessing Algorithm Used in Color Image Compression", "数据结构教学应注意的几个问题", "A New Preprocessing Algorithm Used in Color Image Compression"], "学术ID": ["CN-BK74MLPJ"]}