{"机构": "中国农业大学农学与生物技术学院昆虫与线虫学实验室农业部生物防治重点开放实验室", "访问量": "480", "被引量": "230", "成果数": "53", "H_指数": "9", "G指数": "13", "期刊": "94.3%", "会议": "5.7%", "专著": "0%", "其他": "0%", "合作学者": {"靳立军": "广东省心血管病研究所", "董太明": "广东省人民医院", "严红": "广东省人民医院", "廖洪涛": "广东省人民医院"}, "合作机构": {"广东省人民医院": "155", "广东省心血管病研究所": "47", "河南省人民医院": "24", "深圳市孙逸仙心血管医院": "10", "广东省高州市人民医院": "8", "解放军总医院": "5", "中山大学中山医学院生物化学教研室": "2", "福建医科大学附属第一医院": "2", "广东省五华县人民医院": "1", "中国农业大学农学与生物技术学院昆虫与线虫学实验室农业部生物防治重点开放实验室": "1"}, "文章title": []}