{"机构": "中国旅游研究院", "访问量": "25415", "被引量": "14948", "成果数": "249", "H_指数": "63", "G指数": "118", "期刊": "91.6%", "会议": "7.2%", "专著": "0%", "其他": "1.2%", "合作学者": {"戴光全": "华南理工大学经济与贸易学院|华南理工大学现代服务...", "徐红罡": "中山大学旅游发展与规划研究中心", "梁增贤": "中山大学旅游发展与规划研究中心", "左冰": "中山大学旅游学院"}, "合作机构": {"中山大学旅游发展与规划研究中心": "61", "中山大学旅游学院": "28", "中山大学地理科学与规划学院": "15", "中山大学": "11", "华侨大学旅游学院": "9", "中山大学城市与区域研究中心": "8", "广东女子职业技术学院": "6", "华南师范大学旅游管理系": "6", "华东师范大学商学院": "5", "中国旅游研究院": "5"}, "文章title": ["China Tourism Research: A Review of Publications from Four Top International Journals", "中国赴澳大利亚游客的情感特征研究——基于大数据的文本分析", "中国旅游地理学学术实践的代际差异与学科转型", "基于大数据的旅游目的地情感评价方法探究", "地名变更的文化与经济之争", "旅游商品的概念辨析与研究框架", "旅游减贫与旅游再贫困:旅游发展中不同土地利用方式对贫困人口的影响", "The cross-generational differences and transformation of the academic practices of tourism geography in China", "理论-实践-再理论-再实践", "Themepark", "乡村旅游景观特质网络演进的蒋巷村案例", "旅游吸引物权再考察", "国外博彩旅游研究:进展、脉络和展望", "城市广场舞休闲研究:以广州为例", "旅游管理学科内涵及其升级必要性", "中国旅游发展笔谈——旅游管理一级学科建设", "The multiple logics of tourism development in China", "三亚房地产主导下的滨海旅游开发研究", "Corrigendum"], "学术ID": ["CN-BD736RJJ"]}